category,russia_observed_count,ukraine_observed_count,observed_rate_ratio,p_observed_russia_assumed,p_observed_ukraine_assumed,corrected_russia_count,corrected_ukraine_count,corrected_russia_rate_per_day,corrected_ukraine_rate_per_day,corrected_rate_ratio,rr_still_above_1
Infantry Fighting Vehicles,6330,1562,4.052497,0.4,0.4,15825.0,3905.0,10.176849,2.511254,4.052497,True
Infantry Fighting Vehicles,6330,1562,4.052497,0.4,0.5,15825.0,3124.0,10.176849,2.009003,5.065621,True
Infantry Fighting Vehicles,6330,1562,4.052497,0.4,0.6,15825.0,2603.333333,10.176849,1.674169,6.078745,True
Infantry Fighting Vehicles,6330,1562,4.052497,0.4,0.7,15825.0,2231.428571,10.176849,1.435002,7.091869,True
Infantry Fighting Vehicles,6330,1562,4.052497,0.4,0.8,15825.0,1952.5,10.176849,1.255627,8.104994,True
Infantry Fighting Vehicles,6330,1562,4.052497,0.4,0.9,15825.0,1735.555556,10.176849,1.116113,9.118118,True
Infantry Fighting Vehicles,6330,1562,4.052497,0.4,1.0,15825.0,1562.0,10.176849,1.004502,10.131242,True
Infantry Fighting Vehicles,6330,1562,4.052497,0.5,0.4,12660.0,3905.0,8.141479,2.511254,3.241997,True
Infantry Fighting Vehicles,6330,1562,4.052497,0.5,0.5,12660.0,3124.0,8.141479,2.009003,4.052497,True
Infantry Fighting Vehicles,6330,1562,4.052497,0.5,0.6,12660.0,2603.333333,8.141479,1.674169,4.862996,True
Infantry Fighting Vehicles,6330,1562,4.052497,0.5,0.7,12660.0,2231.428571,8.141479,1.435002,5.673496,True
Infantry Fighting Vehicles,6330,1562,4.052497,0.5,0.8,12660.0,1952.5,8.141479,1.255627,6.483995,True
Infantry Fighting Vehicles,6330,1562,4.052497,0.5,0.9,12660.0,1735.555556,8.141479,1.116113,7.294494,True
Infantry Fighting Vehicles,6330,1562,4.052497,0.5,1.0,12660.0,1562.0,8.141479,1.004502,8.104994,True
Infantry Fighting Vehicles,6330,1562,4.052497,0.6,0.4,10550.0,3905.0,6.784566,2.511254,2.701665,True
Infantry Fighting Vehicles,6330,1562,4.052497,0.6,0.5,10550.0,3124.0,6.784566,2.009003,3.377081,True
Infantry Fighting Vehicles,6330,1562,4.052497,0.6,0.6,10550.0,2603.333333,6.784566,1.674169,4.052497,True
Infantry Fighting Vehicles,6330,1562,4.052497,0.6,0.7,10550.0,2231.428571,6.784566,1.435002,4.727913,True
Infantry Fighting Vehicles,6330,1562,4.052497,0.6,0.8,10550.0,1952.5,6.784566,1.255627,5.403329,True
Infantry Fighting Vehicles,6330,1562,4.052497,0.6,0.9,10550.0,1735.555556,6.784566,1.116113,6.078745,True
Infantry Fighting Vehicles,6330,1562,4.052497,0.6,1.0,10550.0,1562.0,6.784566,1.004502,6.754161,True
Infantry Fighting Vehicles,6330,1562,4.052497,0.7,0.4,9042.857143,3905.0,5.815342,2.511254,2.315712,True
Infantry Fighting Vehicles,6330,1562,4.052497,0.7,0.5,9042.857143,3124.0,5.815342,2.009003,2.894641,True
Infantry Fighting Vehicles,6330,1562,4.052497,0.7,0.6,9042.857143,2603.333333,5.815342,1.674169,3.473569,True
Infantry Fighting Vehicles,6330,1562,4.052497,0.7,0.7,9042.857143,2231.428571,5.815342,1.435002,4.052497,True
Infantry Fighting Vehicles,6330,1562,4.052497,0.7,0.8,9042.857143,1952.5,5.815342,1.255627,4.631425,True
Infantry Fighting Vehicles,6330,1562,4.052497,0.7,0.9,9042.857143,1735.555556,5.815342,1.116113,5.210353,True
Infantry Fighting Vehicles,6330,1562,4.052497,0.7,1.0,9042.857143,1562.0,5.815342,1.004502,5.789281,True
Infantry Fighting Vehicles,6330,1562,4.052497,0.8,0.4,7912.5,3905.0,5.088424,2.511254,2.026248,True
Infantry Fighting Vehicles,6330,1562,4.052497,0.8,0.5,7912.5,3124.0,5.088424,2.009003,2.53281,True
Infantry Fighting Vehicles,6330,1562,4.052497,0.8,0.6,7912.5,2603.333333,5.088424,1.674169,3.039373,True
Infantry Fighting Vehicles,6330,1562,4.052497,0.8,0.7,7912.5,2231.428571,5.088424,1.435002,3.545935,True
Infantry Fighting Vehicles,6330,1562,4.052497,0.8,0.8,7912.5,1952.5,5.088424,1.255627,4.052497,True
Infantry Fighting Vehicles,6330,1562,4.052497,0.8,0.9,7912.5,1735.555556,5.088424,1.116113,4.559059,True
Infantry Fighting Vehicles,6330,1562,4.052497,0.8,1.0,7912.5,1562.0,5.088424,1.004502,5.065621,True
Infantry Fighting Vehicles,6330,1562,4.052497,0.9,0.4,7033.333333,3905.0,4.523044,2.511254,1.80111,True
Infantry Fighting Vehicles,6330,1562,4.052497,0.9,0.5,7033.333333,3124.0,4.523044,2.009003,2.251387,True
Infantry Fighting Vehicles,6330,1562,4.052497,0.9,0.6,7033.333333,2603.333333,4.523044,1.674169,2.701665,True
Infantry Fighting Vehicles,6330,1562,4.052497,0.9,0.7,7033.333333,2231.428571,4.523044,1.435002,3.151942,True
Infantry Fighting Vehicles,6330,1562,4.052497,0.9,0.8,7033.333333,1952.5,4.523044,1.255627,3.602219,True
Infantry Fighting Vehicles,6330,1562,4.052497,0.9,0.9,7033.333333,1735.555556,4.523044,1.116113,4.052497,True
Infantry Fighting Vehicles,6330,1562,4.052497,0.9,1.0,7033.333333,1562.0,4.523044,1.004502,4.502774,True
Infantry Fighting Vehicles,6330,1562,4.052497,1.0,0.4,6330.0,3905.0,4.07074,2.511254,1.620999,True
Infantry Fighting Vehicles,6330,1562,4.052497,1.0,0.5,6330.0,3124.0,4.07074,2.009003,2.026248,True
Infantry Fighting Vehicles,6330,1562,4.052497,1.0,0.6,6330.0,2603.333333,4.07074,1.674169,2.431498,True
Infantry Fighting Vehicles,6330,1562,4.052497,1.0,0.7,6330.0,2231.428571,4.07074,1.435002,2.836748,True
Infantry Fighting Vehicles,6330,1562,4.052497,1.0,0.8,6330.0,1952.5,4.07074,1.255627,3.241997,True
Infantry Fighting Vehicles,6330,1562,4.052497,1.0,0.9,6330.0,1735.555556,4.07074,1.116113,3.647247,True
Infantry Fighting Vehicles,6330,1562,4.052497,1.0,1.0,6330.0,1562.0,4.07074,1.004502,4.052497,True
Tanks,4363,1413,3.087757,0.4,0.4,10907.5,3532.5,7.014469,2.271704,3.087757,True
Tanks,4363,1413,3.087757,0.4,0.5,10907.5,2826.0,7.014469,1.817363,3.859696,True
Tanks,4363,1413,3.087757,0.4,0.6,10907.5,2355.0,7.014469,1.514469,4.631635,True
Tanks,4363,1413,3.087757,0.4,0.7,10907.5,2018.571429,7.014469,1.298117,5.403574,True
Tanks,4363,1413,3.087757,0.4,0.8,10907.5,1766.25,7.014469,1.135852,6.175513,True
Tanks,4363,1413,3.087757,0.4,0.9,10907.5,1570.0,7.014469,1.009646,6.947452,True
Tanks,4363,1413,3.087757,0.4,1.0,10907.5,1413.0,7.014469,0.908682,7.719391,True
Tanks,4363,1413,3.087757,0.5,0.4,8726.0,3532.5,5.611576,2.271704,2.470205,True
Tanks,4363,1413,3.087757,0.5,0.5,8726.0,2826.0,5.611576,1.817363,3.087757,True
Tanks,4363,1413,3.087757,0.5,0.6,8726.0,2355.0,5.611576,1.514469,3.705308,True
Tanks,4363,1413,3.087757,0.5,0.7,8726.0,2018.571429,5.611576,1.298117,4.322859,True
Tanks,4363,1413,3.087757,0.5,0.8,8726.0,1766.25,5.611576,1.135852,4.94041,True
Tanks,4363,1413,3.087757,0.5,0.9,8726.0,1570.0,5.611576,1.009646,5.557962,True
Tanks,4363,1413,3.087757,0.5,1.0,8726.0,1413.0,5.611576,0.908682,6.175513,True
Tanks,4363,1413,3.087757,0.6,0.4,7271.666667,3532.5,4.676313,2.271704,2.058504,True
Tanks,4363,1413,3.087757,0.6,0.5,7271.666667,2826.0,4.676313,1.817363,2.57313,True
Tanks,4363,1413,3.087757,0.6,0.6,7271.666667,2355.0,4.676313,1.514469,3.087757,True
Tanks,4363,1413,3.087757,0.6,0.7,7271.666667,2018.571429,4.676313,1.298117,3.602383,True
Tanks,4363,1413,3.087757,0.6,0.8,7271.666667,1766.25,4.676313,1.135852,4.117009,True
Tanks,4363,1413,3.087757,0.6,0.9,7271.666667,1570.0,4.676313,1.009646,4.631635,True
Tanks,4363,1413,3.087757,0.6,1.0,7271.666667,1413.0,4.676313,0.908682,5.146261,True
Tanks,4363,1413,3.087757,0.7,0.4,6232.857143,3532.5,4.008268,2.271704,1.764432,True
Tanks,4363,1413,3.087757,0.7,0.5,6232.857143,2826.0,4.008268,1.817363,2.20554,True
Tanks,4363,1413,3.087757,0.7,0.6,6232.857143,2355.0,4.008268,1.514469,2.646648,True
Tanks,4363,1413,3.087757,0.7,0.7,6232.857143,2018.571429,4.008268,1.298117,3.087757,True
Tanks,4363,1413,3.087757,0.7,0.8,6232.857143,1766.25,4.008268,1.135852,3.528865,True
Tanks,4363,1413,3.087757,0.7,0.9,6232.857143,1570.0,4.008268,1.009646,3.969973,True
Tanks,4363,1413,3.087757,0.7,1.0,6232.857143,1413.0,4.008268,0.908682,4.411081,True
Tanks,4363,1413,3.087757,0.8,0.4,5453.75,3532.5,3.507235,2.271704,1.543878,True
Tanks,4363,1413,3.087757,0.8,0.5,5453.75,2826.0,3.507235,1.817363,1.929848,True
Tanks,4363,1413,3.087757,0.8,0.6,5453.75,2355.0,3.507235,1.514469,2.315817,True
Tanks,4363,1413,3.087757,0.8,0.7,5453.75,2018.571429,3.507235,1.298117,2.701787,True
Tanks,4363,1413,3.087757,0.8,0.8,5453.75,1766.25,3.507235,1.135852,3.087757,True
Tanks,4363,1413,3.087757,0.8,0.9,5453.75,1570.0,3.507235,1.009646,3.473726,True
Tanks,4363,1413,3.087757,0.8,1.0,5453.75,1413.0,3.507235,0.908682,3.859696,True
Tanks,4363,1413,3.087757,0.9,0.4,4847.777778,3532.5,3.117542,2.271704,1.372336,True
Tanks,4363,1413,3.087757,0.9,0.5,4847.777778,2826.0,3.117542,1.817363,1.71542,True
Tanks,4363,1413,3.087757,0.9,0.6,4847.777778,2355.0,3.117542,1.514469,2.058504,True
Tanks,4363,1413,3.087757,0.9,0.7,4847.777778,2018.571429,3.117542,1.298117,2.401588,True
Tanks,4363,1413,3.087757,0.9,0.8,4847.777778,1766.25,3.117542,1.135852,2.744672,True
Tanks,4363,1413,3.087757,0.9,0.9,4847.777778,1570.0,3.117542,1.009646,3.087757,True
Tanks,4363,1413,3.087757,0.9,1.0,4847.777778,1413.0,3.117542,0.908682,3.430841,True
Tanks,4363,1413,3.087757,1.0,0.4,4363.0,3532.5,2.805788,2.271704,1.235103,True
Tanks,4363,1413,3.087757,1.0,0.5,4363.0,2826.0,2.805788,1.817363,1.543878,True
Tanks,4363,1413,3.087757,1.0,0.6,4363.0,2355.0,2.805788,1.514469,1.852654,True
Tanks,4363,1413,3.087757,1.0,0.7,4363.0,2018.571429,2.805788,1.298117,2.16143,True
Tanks,4363,1413,3.087757,1.0,0.8,4363.0,1766.25,2.805788,1.135852,2.470205,True
Tanks,4363,1413,3.087757,1.0,0.9,4363.0,1570.0,2.805788,1.009646,2.778981,True
Tanks,4363,1413,3.087757,1.0,1.0,4363.0,1413.0,2.805788,0.908682,3.087757,True
Trucks and similar vehicles,4224,1316,3.209726,0.4,0.4,10560.0,3290.0,6.790997,2.115756,3.209726,True
Trucks and similar vehicles,4224,1316,3.209726,0.4,0.5,10560.0,2632.0,6.790997,1.692605,4.012158,True
Trucks and similar vehicles,4224,1316,3.209726,0.4,0.6,10560.0,2193.333333,6.790997,1.410504,4.81459,True
Trucks and similar vehicles,4224,1316,3.209726,0.4,0.7,10560.0,1880.0,6.790997,1.209003,5.617021,True
Trucks and similar vehicles,4224,1316,3.209726,0.4,0.8,10560.0,1645.0,6.790997,1.057878,6.419453,True
Trucks and similar vehicles,4224,1316,3.209726,0.4,0.9,10560.0,1462.222222,6.790997,0.940336,7.221884,True
Trucks and similar vehicles,4224,1316,3.209726,0.4,1.0,10560.0,1316.0,6.790997,0.846302,8.024316,True
Trucks and similar vehicles,4224,1316,3.209726,0.5,0.4,8448.0,3290.0,5.432797,2.115756,2.567781,True
Trucks and similar vehicles,4224,1316,3.209726,0.5,0.5,8448.0,2632.0,5.432797,1.692605,3.209726,True
Trucks and similar vehicles,4224,1316,3.209726,0.5,0.6,8448.0,2193.333333,5.432797,1.410504,3.851672,True
Trucks and similar vehicles,4224,1316,3.209726,0.5,0.7,8448.0,1880.0,5.432797,1.209003,4.493617,True
Trucks and similar vehicles,4224,1316,3.209726,0.5,0.8,8448.0,1645.0,5.432797,1.057878,5.135562,True
Trucks and similar vehicles,4224,1316,3.209726,0.5,0.9,8448.0,1462.222222,5.432797,0.940336,5.777508,True
Trucks and similar vehicles,4224,1316,3.209726,0.5,1.0,8448.0,1316.0,5.432797,0.846302,6.419453,True
Trucks and similar vehicles,4224,1316,3.209726,0.6,0.4,7040.0,3290.0,4.527331,2.115756,2.139818,True
Trucks and similar vehicles,4224,1316,3.209726,0.6,0.5,7040.0,2632.0,4.527331,1.692605,2.674772,True
Trucks and similar vehicles,4224,1316,3.209726,0.6,0.6,7040.0,2193.333333,4.527331,1.410504,3.209726,True
Trucks and similar vehicles,4224,1316,3.209726,0.6,0.7,7040.0,1880.0,4.527331,1.209003,3.744681,True
Trucks and similar vehicles,4224,1316,3.209726,0.6,0.8,7040.0,1645.0,4.527331,1.057878,4.279635,True
Trucks and similar vehicles,4224,1316,3.209726,0.6,0.9,7040.0,1462.222222,4.527331,0.940336,4.81459,True
Trucks and similar vehicles,4224,1316,3.209726,0.6,1.0,7040.0,1316.0,4.527331,0.846302,5.349544,True
Trucks and similar vehicles,4224,1316,3.209726,0.7,0.4,6034.285714,3290.0,3.88057,2.115756,1.834129,True
Trucks and similar vehicles,4224,1316,3.209726,0.7,0.5,6034.285714,2632.0,3.88057,1.692605,2.292662,True
Trucks and similar vehicles,4224,1316,3.209726,0.7,0.6,6034.285714,2193.333333,3.88057,1.410504,2.751194,True
Trucks and similar vehicles,4224,1316,3.209726,0.7,0.7,6034.285714,1880.0,3.88057,1.209003,3.209726,True
Trucks and similar vehicles,4224,1316,3.209726,0.7,0.8,6034.285714,1645.0,3.88057,1.057878,3.668259,True
Trucks and similar vehicles,4224,1316,3.209726,0.7,0.9,6034.285714,1462.222222,3.88057,0.940336,4.126791,True
Trucks and similar vehicles,4224,1316,3.209726,0.7,1.0,6034.285714,1316.0,3.88057,0.846302,4.585323,True
Trucks and similar vehicles,4224,1316,3.209726,0.8,0.4,5280.0,3290.0,3.395498,2.115756,1.604863,True
Trucks and similar vehicles,4224,1316,3.209726,0.8,0.5,5280.0,2632.0,3.395498,1.692605,2.006079,True
Trucks and similar vehicles,4224,1316,3.209726,0.8,0.6,5280.0,2193.333333,3.395498,1.410504,2.407295,True
Trucks and similar vehicles,4224,1316,3.209726,0.8,0.7,5280.0,1880.0,3.395498,1.209003,2.808511,True
Trucks and similar vehicles,4224,1316,3.209726,0.8,0.8,5280.0,1645.0,3.395498,1.057878,3.209726,True
Trucks and similar vehicles,4224,1316,3.209726,0.8,0.9,5280.0,1462.222222,3.395498,0.940336,3.610942,True
Trucks and similar vehicles,4224,1316,3.209726,0.8,1.0,5280.0,1316.0,3.395498,0.846302,4.012158,True
Trucks and similar vehicles,4224,1316,3.209726,0.9,0.4,4693.333333,3290.0,3.018221,2.115756,1.426545,True
Trucks and similar vehicles,4224,1316,3.209726,0.9,0.5,4693.333333,2632.0,3.018221,1.692605,1.783181,True
Trucks and similar vehicles,4224,1316,3.209726,0.9,0.6,4693.333333,2193.333333,3.018221,1.410504,2.139818,True
Trucks and similar vehicles,4224,1316,3.209726,0.9,0.7,4693.333333,1880.0,3.018221,1.209003,2.496454,True
Trucks and similar vehicles,4224,1316,3.209726,0.9,0.8,4693.333333,1645.0,3.018221,1.057878,2.85309,True
Trucks and similar vehicles,4224,1316,3.209726,0.9,0.9,4693.333333,1462.222222,3.018221,0.940336,3.209726,True
Trucks and similar vehicles,4224,1316,3.209726,0.9,1.0,4693.333333,1316.0,3.018221,0.846302,3.566363,True
Trucks and similar vehicles,4224,1316,3.209726,1.0,0.4,4224.0,3290.0,2.716399,2.115756,1.283891,True
Trucks and similar vehicles,4224,1316,3.209726,1.0,0.5,4224.0,2632.0,2.716399,1.692605,1.604863,True
Trucks and similar vehicles,4224,1316,3.209726,1.0,0.6,4224.0,2193.333333,2.716399,1.410504,1.925836,True
Trucks and similar vehicles,4224,1316,3.209726,1.0,0.7,4224.0,1880.0,2.716399,1.209003,2.246809,True
Trucks and similar vehicles,4224,1316,3.209726,1.0,0.8,4224.0,1645.0,2.716399,1.057878,2.567781,True
Trucks and similar vehicles,4224,1316,3.209726,1.0,0.9,4224.0,1462.222222,2.716399,0.940336,2.888754,True
Trucks and similar vehicles,4224,1316,3.209726,1.0,1.0,4224.0,1316.0,2.716399,0.846302,3.209726,True
Armoured Fighting Vehicles,2372,526,4.509506,0.4,0.4,5930.0,1315.0,3.813505,0.845659,4.509506,True
Armoured Fighting Vehicles,2372,526,4.509506,0.4,0.5,5930.0,1052.0,3.813505,0.676527,5.636882,True
Armoured Fighting Vehicles,2372,526,4.509506,0.4,0.6,5930.0,876.666667,3.813505,0.563773,6.764259,True
Armoured Fighting Vehicles,2372,526,4.509506,0.4,0.7,5930.0,751.428571,3.813505,0.483234,7.891635,True
Armoured Fighting Vehicles,2372,526,4.509506,0.4,0.8,5930.0,657.5,3.813505,0.42283,9.019011,True
Armoured Fighting Vehicles,2372,526,4.509506,0.4,0.9,5930.0,584.444444,3.813505,0.375849,10.146388,True
Armoured Fighting Vehicles,2372,526,4.509506,0.4,1.0,5930.0,526.0,3.813505,0.338264,11.273764,True
Armoured Fighting Vehicles,2372,526,4.509506,0.5,0.4,4744.0,1315.0,3.050804,0.845659,3.607605,True
Armoured Fighting Vehicles,2372,526,4.509506,0.5,0.5,4744.0,1052.0,3.050804,0.676527,4.509506,True
Armoured Fighting Vehicles,2372,526,4.509506,0.5,0.6,4744.0,876.666667,3.050804,0.563773,5.411407,True
Armoured Fighting Vehicles,2372,526,4.509506,0.5,0.7,4744.0,751.428571,3.050804,0.483234,6.313308,True
Armoured Fighting Vehicles,2372,526,4.509506,0.5,0.8,4744.0,657.5,3.050804,0.42283,7.215209,True
Armoured Fighting Vehicles,2372,526,4.509506,0.5,0.9,4744.0,584.444444,3.050804,0.375849,8.11711,True
Armoured Fighting Vehicles,2372,526,4.509506,0.5,1.0,4744.0,526.0,3.050804,0.338264,9.019011,True
Armoured Fighting Vehicles,2372,526,4.509506,0.6,0.4,3953.333333,1315.0,2.542337,0.845659,3.006337,True
Armoured Fighting Vehicles,2372,526,4.509506,0.6,0.5,3953.333333,1052.0,2.542337,0.676527,3.757921,True
Armoured Fighting Vehicles,2372,526,4.509506,0.6,0.6,3953.333333,876.666667,2.542337,0.563773,4.509506,True
Armoured Fighting Vehicles,2372,526,4.509506,0.6,0.7,3953.333333,751.428571,2.542337,0.483234,5.26109,True
Armoured Fighting Vehicles,2372,526,4.509506,0.6,0.8,3953.333333,657.5,2.542337,0.42283,6.012674,True
Armoured Fighting Vehicles,2372,526,4.509506,0.6,0.9,3953.333333,584.444444,2.542337,0.375849,6.764259,True
Armoured Fighting Vehicles,2372,526,4.509506,0.6,1.0,3953.333333,526.0,2.542337,0.338264,7.515843,True
Armoured Fighting Vehicles,2372,526,4.509506,0.7,0.4,3388.571429,1315.0,2.179146,0.845659,2.57686,True
Armoured Fighting Vehicles,2372,526,4.509506,0.7,0.5,3388.571429,1052.0,2.179146,0.676527,3.221076,True
Armoured Fighting Vehicles,2372,526,4.509506,0.7,0.6,3388.571429,876.666667,2.179146,0.563773,3.865291,True
Armoured Fighting Vehicles,2372,526,4.509506,0.7,0.7,3388.571429,751.428571,2.179146,0.483234,4.509506,True
Armoured Fighting Vehicles,2372,526,4.509506,0.7,0.8,3388.571429,657.5,2.179146,0.42283,5.153721,True
Armoured Fighting Vehicles,2372,526,4.509506,0.7,0.9,3388.571429,584.444444,2.179146,0.375849,5.797936,True
Armoured Fighting Vehicles,2372,526,4.509506,0.7,1.0,3388.571429,526.0,2.179146,0.338264,6.442151,True
Armoured Fighting Vehicles,2372,526,4.509506,0.8,0.4,2965.0,1315.0,1.906752,0.845659,2.254753,True
Armoured Fighting Vehicles,2372,526,4.509506,0.8,0.5,2965.0,1052.0,1.906752,0.676527,2.818441,True
Armoured Fighting Vehicles,2372,526,4.509506,0.8,0.6,2965.0,876.666667,1.906752,0.563773,3.382129,True
Armoured Fighting Vehicles,2372,526,4.509506,0.8,0.7,2965.0,751.428571,1.906752,0.483234,3.945817,True
Armoured Fighting Vehicles,2372,526,4.509506,0.8,0.8,2965.0,657.5,1.906752,0.42283,4.509506,True
Armoured Fighting Vehicles,2372,526,4.509506,0.8,0.9,2965.0,584.444444,1.906752,0.375849,5.073194,True
Armoured Fighting Vehicles,2372,526,4.509506,0.8,1.0,2965.0,526.0,1.906752,0.338264,5.636882,True
Armoured Fighting Vehicles,2372,526,4.509506,0.9,0.4,2635.555556,1315.0,1.694891,0.845659,2.004225,True
Armoured Fighting Vehicles,2372,526,4.509506,0.9,0.5,2635.555556,1052.0,1.694891,0.676527,2.505281,True
Armoured Fighting Vehicles,2372,526,4.509506,0.9,0.6,2635.555556,876.666667,1.694891,0.563773,3.006337,True
Armoured Fighting Vehicles,2372,526,4.509506,0.9,0.7,2635.555556,751.428571,1.694891,0.483234,3.507393,True
Armoured Fighting Vehicles,2372,526,4.509506,0.9,0.8,2635.555556,657.5,1.694891,0.42283,4.00845,True
Armoured Fighting Vehicles,2372,526,4.509506,0.9,0.9,2635.555556,584.444444,1.694891,0.375849,4.509506,True
Armoured Fighting Vehicles,2372,526,4.509506,0.9,1.0,2635.555556,526.0,1.694891,0.338264,5.010562,True
Armoured Fighting Vehicles,2372,526,4.509506,1.0,0.4,2372.0,1315.0,1.525402,0.845659,1.803802,True
Armoured Fighting Vehicles,2372,526,4.509506,1.0,0.5,2372.0,1052.0,1.525402,0.676527,2.254753,True
Armoured Fighting Vehicles,2372,526,4.509506,1.0,0.6,2372.0,876.666667,1.525402,0.563773,2.705703,True
Armoured Fighting Vehicles,2372,526,4.509506,1.0,0.7,2372.0,751.428571,1.525402,0.483234,3.156654,True
Armoured Fighting Vehicles,2372,526,4.509506,1.0,0.8,2372.0,657.5,1.525402,0.42283,3.607605,True
Armoured Fighting Vehicles,2372,526,4.509506,1.0,0.9,2372.0,584.444444,1.525402,0.375849,4.058555,True
Armoured Fighting Vehicles,2372,526,4.509506,1.0,1.0,2372.0,526.0,1.525402,0.338264,4.509506,True
Infantry Mobility Vehicles,423,1768,0.239253,0.4,0.4,1057.5,4420.0,0.680064,2.842444,0.239253,False
Infantry Mobility Vehicles,423,1768,0.239253,0.4,0.5,1057.5,3536.0,0.680064,2.273955,0.299067,False
Infantry Mobility Vehicles,423,1768,0.239253,0.4,0.6,1057.5,2946.666667,0.680064,1.894962,0.35888,False
Infantry Mobility Vehicles,423,1768,0.239253,0.4,0.7,1057.5,2525.714286,0.680064,1.624254,0.418693,False
Infantry Mobility Vehicles,423,1768,0.239253,0.4,0.8,1057.5,2210.0,0.680064,1.421222,0.478507,False
Infantry Mobility Vehicles,423,1768,0.239253,0.4,0.9,1057.5,1964.444444,0.680064,1.263308,0.53832,False
Infantry Mobility Vehicles,423,1768,0.239253,0.4,1.0,1057.5,1768.0,0.680064,1.136977,0.598133,False
Infantry Mobility Vehicles,423,1768,0.239253,0.5,0.4,846.0,4420.0,0.544051,2.842444,0.191403,False
Infantry Mobility Vehicles,423,1768,0.239253,0.5,0.5,846.0,3536.0,0.544051,2.273955,0.239253,False
Infantry Mobility Vehicles,423,1768,0.239253,0.5,0.6,846.0,2946.666667,0.544051,1.894962,0.287104,False
Infantry Mobility Vehicles,423,1768,0.239253,0.5,0.7,846.0,2525.714286,0.544051,1.624254,0.334955,False
Infantry Mobility Vehicles,423,1768,0.239253,0.5,0.8,846.0,2210.0,0.544051,1.421222,0.382805,False
Infantry Mobility Vehicles,423,1768,0.239253,0.5,0.9,846.0,1964.444444,0.544051,1.263308,0.430656,False
Infantry Mobility Vehicles,423,1768,0.239253,0.5,1.0,846.0,1768.0,0.544051,1.136977,0.478507,False
Infantry Mobility Vehicles,423,1768,0.239253,0.6,0.4,705.0,4420.0,0.453376,2.842444,0.159502,False
Infantry Mobility Vehicles,423,1768,0.239253,0.6,0.5,705.0,3536.0,0.453376,2.273955,0.199378,False
Infantry Mobility Vehicles,423,1768,0.239253,0.6,0.6,705.0,2946.666667,0.453376,1.894962,0.239253,False
Infantry Mobility Vehicles,423,1768,0.239253,0.6,0.7,705.0,2525.714286,0.453376,1.624254,0.279129,False
Infantry Mobility Vehicles,423,1768,0.239253,0.6,0.8,705.0,2210.0,0.453376,1.421222,0.319005,False
Infantry Mobility Vehicles,423,1768,0.239253,0.6,0.9,705.0,1964.444444,0.453376,1.263308,0.35888,False
Infantry Mobility Vehicles,423,1768,0.239253,0.6,1.0,705.0,1768.0,0.453376,1.136977,0.398756,False
Infantry Mobility Vehicles,423,1768,0.239253,0.7,0.4,604.285714,4420.0,0.388608,2.842444,0.136716,False
Infantry Mobility Vehicles,423,1768,0.239253,0.7,0.5,604.285714,3536.0,0.388608,2.273955,0.170895,False
Infantry Mobility Vehicles,423,1768,0.239253,0.7,0.6,604.285714,2946.666667,0.388608,1.894962,0.205074,False
Infantry Mobility Vehicles,423,1768,0.239253,0.7,0.7,604.285714,2525.714286,0.388608,1.624254,0.239253,False
Infantry Mobility Vehicles,423,1768,0.239253,0.7,0.8,604.285714,2210.0,0.388608,1.421222,0.273432,False
Infantry Mobility Vehicles,423,1768,0.239253,0.7,0.9,604.285714,1964.444444,0.388608,1.263308,0.307612,False
Infantry Mobility Vehicles,423,1768,0.239253,0.7,1.0,604.285714,1768.0,0.388608,1.136977,0.341791,False
Infantry Mobility Vehicles,423,1768,0.239253,0.8,0.4,528.75,4420.0,0.340032,2.842444,0.119627,False
Infantry Mobility Vehicles,423,1768,0.239253,0.8,0.5,528.75,3536.0,0.340032,2.273955,0.149533,False
Infantry Mobility Vehicles,423,1768,0.239253,0.8,0.6,528.75,2946.666667,0.340032,1.894962,0.17944,False
Infantry Mobility Vehicles,423,1768,0.239253,0.8,0.7,528.75,2525.714286,0.340032,1.624254,0.209347,False
Infantry Mobility Vehicles,423,1768,0.239253,0.8,0.8,528.75,2210.0,0.340032,1.421222,0.239253,False
Infantry Mobility Vehicles,423,1768,0.239253,0.8,0.9,528.75,1964.444444,0.340032,1.263308,0.26916,False
Infantry Mobility Vehicles,423,1768,0.239253,0.8,1.0,528.75,1768.0,0.340032,1.136977,0.299067,False
Infantry Mobility Vehicles,423,1768,0.239253,0.9,0.4,470.0,4420.0,0.302251,2.842444,0.106335,False
Infantry Mobility Vehicles,423,1768,0.239253,0.9,0.5,470.0,3536.0,0.302251,2.273955,0.132919,False
Infantry Mobility Vehicles,423,1768,0.239253,0.9,0.6,470.0,2946.666667,0.302251,1.894962,0.159502,False
Infantry Mobility Vehicles,423,1768,0.239253,0.9,0.7,470.0,2525.714286,0.302251,1.624254,0.186086,False
Infantry Mobility Vehicles,423,1768,0.239253,0.9,0.8,470.0,2210.0,0.302251,1.421222,0.21267,False
Infantry Mobility Vehicles,423,1768,0.239253,0.9,0.9,470.0,1964.444444,0.302251,1.263308,0.239253,False
Infantry Mobility Vehicles,423,1768,0.239253,0.9,1.0,470.0,1768.0,0.302251,1.136977,0.265837,False
Infantry Mobility Vehicles,423,1768,0.239253,1.0,0.4,423.0,4420.0,0.272026,2.842444,0.095701,False
Infantry Mobility Vehicles,423,1768,0.239253,1.0,0.5,423.0,3536.0,0.272026,2.273955,0.119627,False
Infantry Mobility Vehicles,423,1768,0.239253,1.0,0.6,423.0,2946.666667,0.272026,1.894962,0.143552,False
Infantry Mobility Vehicles,423,1768,0.239253,1.0,0.7,423.0,2525.714286,0.272026,1.624254,0.167477,False
Infantry Mobility Vehicles,423,1768,0.239253,1.0,0.8,423.0,2210.0,0.272026,1.421222,0.191403,False
Infantry Mobility Vehicles,423,1768,0.239253,1.0,0.9,423.0,1964.444444,0.272026,1.263308,0.215328,False
Infantry Mobility Vehicles,423,1768,0.239253,1.0,1.0,423.0,1768.0,0.272026,1.136977,0.239253,False
Armoured Personnel Carriers,726,1361,0.533431,0.4,0.4,1815.0,3402.5,1.167203,2.188103,0.533431,False
Armoured Personnel Carriers,726,1361,0.533431,0.4,0.5,1815.0,2722.0,1.167203,1.750482,0.666789,False
Armoured Personnel Carriers,726,1361,0.533431,0.4,0.6,1815.0,2268.333333,1.167203,1.458735,0.800147,False
Armoured Personnel Carriers,726,1361,0.533431,0.4,0.7,1815.0,1944.285714,1.167203,1.250345,0.933505,False
Armoured Personnel Carriers,726,1361,0.533431,0.4,0.8,1815.0,1701.25,1.167203,1.094051,1.066863,True
Armoured Personnel Carriers,726,1361,0.533431,0.4,0.9,1815.0,1512.222222,1.167203,0.97249,1.20022,True
Armoured Personnel Carriers,726,1361,0.533431,0.4,1.0,1815.0,1361.0,1.167203,0.875241,1.333578,True
Armoured Personnel Carriers,726,1361,0.533431,0.5,0.4,1452.0,3402.5,0.933762,2.188103,0.426745,False
Armoured Personnel Carriers,726,1361,0.533431,0.5,0.5,1452.0,2722.0,0.933762,1.750482,0.533431,False
Armoured Personnel Carriers,726,1361,0.533431,0.5,0.6,1452.0,2268.333333,0.933762,1.458735,0.640118,False
Armoured Personnel Carriers,726,1361,0.533431,0.5,0.7,1452.0,1944.285714,0.933762,1.250345,0.746804,False
Armoured Personnel Carriers,726,1361,0.533431,0.5,0.8,1452.0,1701.25,0.933762,1.094051,0.85349,False
Armoured Personnel Carriers,726,1361,0.533431,0.5,0.9,1452.0,1512.222222,0.933762,0.97249,0.960176,False
Armoured Personnel Carriers,726,1361,0.533431,0.5,1.0,1452.0,1361.0,0.933762,0.875241,1.066863,True
Armoured Personnel Carriers,726,1361,0.533431,0.6,0.4,1210.0,3402.5,0.778135,2.188103,0.355621,False
Armoured Personnel Carriers,726,1361,0.533431,0.6,0.5,1210.0,2722.0,0.778135,1.750482,0.444526,False
Armoured Personnel Carriers,726,1361,0.533431,0.6,0.6,1210.0,2268.333333,0.778135,1.458735,0.533431,False
Armoured Personnel Carriers,726,1361,0.533431,0.6,0.7,1210.0,1944.285714,0.778135,1.250345,0.622337,False
Armoured Personnel Carriers,726,1361,0.533431,0.6,0.8,1210.0,1701.25,0.778135,1.094051,0.711242,False
Armoured Personnel Carriers,726,1361,0.533431,0.6,0.9,1210.0,1512.222222,0.778135,0.97249,0.800147,False
Armoured Personnel Carriers,726,1361,0.533431,0.6,1.0,1210.0,1361.0,0.778135,0.875241,0.889052,False
Armoured Personnel Carriers,726,1361,0.533431,0.7,0.4,1037.142857,3402.5,0.666973,2.188103,0.304818,False
Armoured Personnel Carriers,726,1361,0.533431,0.7,0.5,1037.142857,2722.0,0.666973,1.750482,0.381022,False
Armoured Personnel Carriers,726,1361,0.533431,0.7,0.6,1037.142857,2268.333333,0.666973,1.458735,0.457227,False
Armoured Personnel Carriers,726,1361,0.533431,0.7,0.7,1037.142857,1944.285714,0.666973,1.250345,0.533431,False
Armoured Personnel Carriers,726,1361,0.533431,0.7,0.8,1037.142857,1701.25,0.666973,1.094051,0.609636,False
Armoured Personnel Carriers,726,1361,0.533431,0.7,0.9,1037.142857,1512.222222,0.666973,0.97249,0.68584,False
Armoured Personnel Carriers,726,1361,0.533431,0.7,1.0,1037.142857,1361.0,0.666973,0.875241,0.762045,False
Armoured Personnel Carriers,726,1361,0.533431,0.8,0.4,907.5,3402.5,0.583601,2.188103,0.266716,False
Armoured Personnel Carriers,726,1361,0.533431,0.8,0.5,907.5,2722.0,0.583601,1.750482,0.333395,False
Armoured Personnel Carriers,726,1361,0.533431,0.8,0.6,907.5,2268.333333,0.583601,1.458735,0.400073,False
Armoured Personnel Carriers,726,1361,0.533431,0.8,0.7,907.5,1944.285714,0.583601,1.250345,0.466752,False
Armoured Personnel Carriers,726,1361,0.533431,0.8,0.8,907.5,1701.25,0.583601,1.094051,0.533431,False
Armoured Personnel Carriers,726,1361,0.533431,0.8,0.9,907.5,1512.222222,0.583601,0.97249,0.60011,False
Armoured Personnel Carriers,726,1361,0.533431,0.8,1.0,907.5,1361.0,0.583601,0.875241,0.666789,False
Armoured Personnel Carriers,726,1361,0.533431,0.9,0.4,806.666667,3402.5,0.518757,2.188103,0.237081,False
Armoured Personnel Carriers,726,1361,0.533431,0.9,0.5,806.666667,2722.0,0.518757,1.750482,0.296351,False
Armoured Personnel Carriers,726,1361,0.533431,0.9,0.6,806.666667,2268.333333,0.518757,1.458735,0.355621,False
Armoured Personnel Carriers,726,1361,0.533431,0.9,0.7,806.666667,1944.285714,0.518757,1.250345,0.414891,False
Armoured Personnel Carriers,726,1361,0.533431,0.9,0.8,806.666667,1701.25,0.518757,1.094051,0.474161,False
Armoured Personnel Carriers,726,1361,0.533431,0.9,0.9,806.666667,1512.222222,0.518757,0.97249,0.533431,False
Armoured Personnel Carriers,726,1361,0.533431,0.9,1.0,806.666667,1361.0,0.518757,0.875241,0.592701,False
Armoured Personnel Carriers,726,1361,0.533431,1.0,0.4,726.0,3402.5,0.466881,2.188103,0.213373,False
Armoured Personnel Carriers,726,1361,0.533431,1.0,0.5,726.0,2722.0,0.466881,1.750482,0.266716,False
Armoured Personnel Carriers,726,1361,0.533431,1.0,0.6,726.0,2268.333333,0.466881,1.458735,0.320059,False
Armoured Personnel Carriers,726,1361,0.533431,1.0,0.7,726.0,1944.285714,0.466881,1.250345,0.373402,False
Armoured Personnel Carriers,726,1361,0.533431,1.0,0.8,726.0,1701.25,0.466881,1.094051,0.426745,False
Armoured Personnel Carriers,726,1361,0.533431,1.0,0.9,726.0,1512.222222,0.466881,0.97249,0.480088,False
Armoured Personnel Carriers,726,1361,0.533431,1.0,1.0,726.0,1361.0,0.466881,0.875241,0.533431,False
Self-Propelled Artillery,1000,855,1.169591,0.4,0.4,2500.0,2137.5,1.607717,1.374598,1.169591,True
Self-Propelled Artillery,1000,855,1.169591,0.4,0.5,2500.0,1710.0,1.607717,1.099678,1.461988,True
Self-Propelled Artillery,1000,855,1.169591,0.4,0.6,2500.0,1425.0,1.607717,0.916399,1.754386,True
Self-Propelled Artillery,1000,855,1.169591,0.4,0.7,2500.0,1221.428571,1.607717,0.785485,2.046784,True
Self-Propelled Artillery,1000,855,1.169591,0.4,0.8,2500.0,1068.75,1.607717,0.687299,2.339181,True
Self-Propelled Artillery,1000,855,1.169591,0.4,0.9,2500.0,950.0,1.607717,0.610932,2.631579,True
Self-Propelled Artillery,1000,855,1.169591,0.4,1.0,2500.0,855.0,1.607717,0.549839,2.923977,True
Self-Propelled Artillery,1000,855,1.169591,0.5,0.4,2000.0,2137.5,1.286174,1.374598,0.935673,False
Self-Propelled Artillery,1000,855,1.169591,0.5,0.5,2000.0,1710.0,1.286174,1.099678,1.169591,True
Self-Propelled Artillery,1000,855,1.169591,0.5,0.6,2000.0,1425.0,1.286174,0.916399,1.403509,True
Self-Propelled Artillery,1000,855,1.169591,0.5,0.7,2000.0,1221.428571,1.286174,0.785485,1.637427,True
Self-Propelled Artillery,1000,855,1.169591,0.5,0.8,2000.0,1068.75,1.286174,0.687299,1.871345,True
Self-Propelled Artillery,1000,855,1.169591,0.5,0.9,2000.0,950.0,1.286174,0.610932,2.105263,True
Self-Propelled Artillery,1000,855,1.169591,0.5,1.0,2000.0,855.0,1.286174,0.549839,2.339181,True
Self-Propelled Artillery,1000,855,1.169591,0.6,0.4,1666.666667,2137.5,1.071811,1.374598,0.779727,False
Self-Propelled Artillery,1000,855,1.169591,0.6,0.5,1666.666667,1710.0,1.071811,1.099678,0.974659,False
Self-Propelled Artillery,1000,855,1.169591,0.6,0.6,1666.666667,1425.0,1.071811,0.916399,1.169591,True
Self-Propelled Artillery,1000,855,1.169591,0.6,0.7,1666.666667,1221.428571,1.071811,0.785485,1.364522,True
Self-Propelled Artillery,1000,855,1.169591,0.6,0.8,1666.666667,1068.75,1.071811,0.687299,1.559454,True
Self-Propelled Artillery,1000,855,1.169591,0.6,0.9,1666.666667,950.0,1.071811,0.610932,1.754386,True
Self-Propelled Artillery,1000,855,1.169591,0.6,1.0,1666.666667,855.0,1.071811,0.549839,1.949318,True
Self-Propelled Artillery,1000,855,1.169591,0.7,0.4,1428.571429,2137.5,0.918695,1.374598,0.668338,False
Self-Propelled Artillery,1000,855,1.169591,0.7,0.5,1428.571429,1710.0,0.918695,1.099678,0.835422,False
Self-Propelled Artillery,1000,855,1.169591,0.7,0.6,1428.571429,1425.0,0.918695,0.916399,1.002506,True
Self-Propelled Artillery,1000,855,1.169591,0.7,0.7,1428.571429,1221.428571,0.918695,0.785485,1.169591,True
Self-Propelled Artillery,1000,855,1.169591,0.7,0.8,1428.571429,1068.75,0.918695,0.687299,1.336675,True
Self-Propelled Artillery,1000,855,1.169591,0.7,0.9,1428.571429,950.0,0.918695,0.610932,1.503759,True
Self-Propelled Artillery,1000,855,1.169591,0.7,1.0,1428.571429,855.0,0.918695,0.549839,1.670844,True
Self-Propelled Artillery,1000,855,1.169591,0.8,0.4,1250.0,2137.5,0.803859,1.374598,0.584795,False
Self-Propelled Artillery,1000,855,1.169591,0.8,0.5,1250.0,1710.0,0.803859,1.099678,0.730994,False
Self-Propelled Artillery,1000,855,1.169591,0.8,0.6,1250.0,1425.0,0.803859,0.916399,0.877193,False
Self-Propelled Artillery,1000,855,1.169591,0.8,0.7,1250.0,1221.428571,0.803859,0.785485,1.023392,True
Self-Propelled Artillery,1000,855,1.169591,0.8,0.8,1250.0,1068.75,0.803859,0.687299,1.169591,True
Self-Propelled Artillery,1000,855,1.169591,0.8,0.9,1250.0,950.0,0.803859,0.610932,1.315789,True
Self-Propelled Artillery,1000,855,1.169591,0.8,1.0,1250.0,855.0,0.803859,0.549839,1.461988,True
Self-Propelled Artillery,1000,855,1.169591,0.9,0.4,1111.111111,2137.5,0.714541,1.374598,0.519818,False
Self-Propelled Artillery,1000,855,1.169591,0.9,0.5,1111.111111,1710.0,0.714541,1.099678,0.649773,False
Self-Propelled Artillery,1000,855,1.169591,0.9,0.6,1111.111111,1425.0,0.714541,0.916399,0.779727,False
Self-Propelled Artillery,1000,855,1.169591,0.9,0.7,1111.111111,1221.428571,0.714541,0.785485,0.909682,False
Self-Propelled Artillery,1000,855,1.169591,0.9,0.8,1111.111111,1068.75,0.714541,0.687299,1.039636,True
Self-Propelled Artillery,1000,855,1.169591,0.9,0.9,1111.111111,950.0,0.714541,0.610932,1.169591,True
Self-Propelled Artillery,1000,855,1.169591,0.9,1.0,1111.111111,855.0,0.714541,0.549839,1.299545,True
Self-Propelled Artillery,1000,855,1.169591,1.0,0.4,1000.0,2137.5,0.643087,1.374598,0.467836,False
Self-Propelled Artillery,1000,855,1.169591,1.0,0.5,1000.0,1710.0,0.643087,1.099678,0.584795,False
Self-Propelled Artillery,1000,855,1.169591,1.0,0.6,1000.0,1425.0,0.643087,0.916399,0.701754,False
Self-Propelled Artillery,1000,855,1.169591,1.0,0.7,1000.0,1221.428571,0.643087,0.785485,0.818713,False
Self-Propelled Artillery,1000,855,1.169591,1.0,0.8,1000.0,1068.75,0.643087,0.687299,0.935673,False
Self-Propelled Artillery,1000,855,1.169591,1.0,0.9,1000.0,950.0,0.643087,0.610932,1.052632,True
Self-Propelled Artillery,1000,855,1.169591,1.0,1.0,1000.0,855.0,0.643087,0.549839,1.169591,True
Engineering Vehicles And Equipment,722,285,2.533333,0.4,0.4,1805.0,712.5,1.160772,0.458199,2.533333,True
Engineering Vehicles And Equipment,722,285,2.533333,0.4,0.5,1805.0,570.0,1.160772,0.366559,3.166667,True
Engineering Vehicles And Equipment,722,285,2.533333,0.4,0.6,1805.0,475.0,1.160772,0.305466,3.8,True
Engineering Vehicles And Equipment,722,285,2.533333,0.4,0.7,1805.0,407.142857,1.160772,0.261828,4.433333,True
Engineering Vehicles And Equipment,722,285,2.533333,0.4,0.8,1805.0,356.25,1.160772,0.2291,5.066667,True
Engineering Vehicles And Equipment,722,285,2.533333,0.4,0.9,1805.0,316.666667,1.160772,0.203644,5.7,True
Engineering Vehicles And Equipment,722,285,2.533333,0.4,1.0,1805.0,285.0,1.160772,0.18328,6.333333,True
Engineering Vehicles And Equipment,722,285,2.533333,0.5,0.4,1444.0,712.5,0.928617,0.458199,2.026667,True
Engineering Vehicles And Equipment,722,285,2.533333,0.5,0.5,1444.0,570.0,0.928617,0.366559,2.533333,True
Engineering Vehicles And Equipment,722,285,2.533333,0.5,0.6,1444.0,475.0,0.928617,0.305466,3.04,True
Engineering Vehicles And Equipment,722,285,2.533333,0.5,0.7,1444.0,407.142857,0.928617,0.261828,3.546667,True
Engineering Vehicles And Equipment,722,285,2.533333,0.5,0.8,1444.0,356.25,0.928617,0.2291,4.053333,True
Engineering Vehicles And Equipment,722,285,2.533333,0.5,0.9,1444.0,316.666667,0.928617,0.203644,4.56,True
Engineering Vehicles And Equipment,722,285,2.533333,0.5,1.0,1444.0,285.0,0.928617,0.18328,5.066667,True
Engineering Vehicles And Equipment,722,285,2.533333,0.6,0.4,1203.333333,712.5,0.773848,0.458199,1.688889,True
Engineering Vehicles And Equipment,722,285,2.533333,0.6,0.5,1203.333333,570.0,0.773848,0.366559,2.111111,True
Engineering Vehicles And Equipment,722,285,2.533333,0.6,0.6,1203.333333,475.0,0.773848,0.305466,2.533333,True
Engineering Vehicles And Equipment,722,285,2.533333,0.6,0.7,1203.333333,407.142857,0.773848,0.261828,2.955556,True
Engineering Vehicles And Equipment,722,285,2.533333,0.6,0.8,1203.333333,356.25,0.773848,0.2291,3.377778,True
Engineering Vehicles And Equipment,722,285,2.533333,0.6,0.9,1203.333333,316.666667,0.773848,0.203644,3.8,True
Engineering Vehicles And Equipment,722,285,2.533333,0.6,1.0,1203.333333,285.0,0.773848,0.18328,4.222222,True
Engineering Vehicles And Equipment,722,285,2.533333,0.7,0.4,1031.428571,712.5,0.663298,0.458199,1.447619,True
Engineering Vehicles And Equipment,722,285,2.533333,0.7,0.5,1031.428571,570.0,0.663298,0.366559,1.809524,True
Engineering Vehicles And Equipment,722,285,2.533333,0.7,0.6,1031.428571,475.0,0.663298,0.305466,2.171429,True
Engineering Vehicles And Equipment,722,285,2.533333,0.7,0.7,1031.428571,407.142857,0.663298,0.261828,2.533333,True
Engineering Vehicles And Equipment,722,285,2.533333,0.7,0.8,1031.428571,356.25,0.663298,0.2291,2.895238,True
Engineering Vehicles And Equipment,722,285,2.533333,0.7,0.9,1031.428571,316.666667,0.663298,0.203644,3.257143,True
Engineering Vehicles And Equipment,722,285,2.533333,0.7,1.0,1031.428571,285.0,0.663298,0.18328,3.619048,True
Engineering Vehicles And Equipment,722,285,2.533333,0.8,0.4,902.5,712.5,0.580386,0.458199,1.266667,True
Engineering Vehicles And Equipment,722,285,2.533333,0.8,0.5,902.5,570.0,0.580386,0.366559,1.583333,True
Engineering Vehicles And Equipment,722,285,2.533333,0.8,0.6,902.5,475.0,0.580386,0.305466,1.9,True
Engineering Vehicles And Equipment,722,285,2.533333,0.8,0.7,902.5,407.142857,0.580386,0.261828,2.216667,True
Engineering Vehicles And Equipment,722,285,2.533333,0.8,0.8,902.5,356.25,0.580386,0.2291,2.533333,True
Engineering Vehicles And Equipment,722,285,2.533333,0.8,0.9,902.5,316.666667,0.580386,0.203644,2.85,True
Engineering Vehicles And Equipment,722,285,2.533333,0.8,1.0,902.5,285.0,0.580386,0.18328,3.166667,True
Engineering Vehicles And Equipment,722,285,2.533333,0.9,0.4,802.222222,712.5,0.515899,0.458199,1.125926,True
Engineering Vehicles And Equipment,722,285,2.533333,0.9,0.5,802.222222,570.0,0.515899,0.366559,1.407407,True
Engineering Vehicles And Equipment,722,285,2.533333,0.9,0.6,802.222222,475.0,0.515899,0.305466,1.688889,True
Engineering Vehicles And Equipment,722,285,2.533333,0.9,0.7,802.222222,407.142857,0.515899,0.261828,1.97037,True
Engineering Vehicles And Equipment,722,285,2.533333,0.9,0.8,802.222222,356.25,0.515899,0.2291,2.251852,True
Engineering Vehicles And Equipment,722,285,2.533333,0.9,0.9,802.222222,316.666667,0.515899,0.203644,2.533333,True
Engineering Vehicles And Equipment,722,285,2.533333,0.9,1.0,802.222222,285.0,0.515899,0.18328,2.814815,True
Engineering Vehicles And Equipment,722,285,2.533333,1.0,0.4,722.0,712.5,0.464309,0.458199,1.013333,True
Engineering Vehicles And Equipment,722,285,2.533333,1.0,0.5,722.0,570.0,0.464309,0.366559,1.266667,True
Engineering Vehicles And Equipment,722,285,2.533333,1.0,0.6,722.0,475.0,0.464309,0.305466,1.52,True
Engineering Vehicles And Equipment,722,285,2.533333,1.0,0.7,722.0,407.142857,0.464309,0.261828,1.773333,True
Engineering Vehicles And Equipment,722,285,2.533333,1.0,0.8,722.0,356.25,0.464309,0.2291,2.026667,True
Engineering Vehicles And Equipment,722,285,2.533333,1.0,0.9,722.0,316.666667,0.464309,0.203644,2.28,True
Engineering Vehicles And Equipment,722,285,2.533333,1.0,1.0,722.0,285.0,0.464309,0.18328,2.533333,True
Mine-Resistant Ambush Protected (MRAP) Vehicles,64,925,0.069189,0.4,0.4,160.0,2312.5,0.102894,1.487138,0.069189,False
Mine-Resistant Ambush Protected (MRAP) Vehicles,64,925,0.069189,0.4,0.5,160.0,1850.0,0.102894,1.189711,0.086486,False
Mine-Resistant Ambush Protected (MRAP) Vehicles,64,925,0.069189,0.4,0.6,160.0,1541.666667,0.102894,0.991426,0.103784,False
Mine-Resistant Ambush Protected (MRAP) Vehicles,64,925,0.069189,0.4,0.7,160.0,1321.428571,0.102894,0.849793,0.121081,False
Mine-Resistant Ambush Protected (MRAP) Vehicles,64,925,0.069189,0.4,0.8,160.0,1156.25,0.102894,0.743569,0.138378,False
Mine-Resistant Ambush Protected (MRAP) Vehicles,64,925,0.069189,0.4,0.9,160.0,1027.777778,0.102894,0.66095,0.155676,False
Mine-Resistant Ambush Protected (MRAP) Vehicles,64,925,0.069189,0.4,1.0,160.0,925.0,0.102894,0.594855,0.172973,False
Mine-Resistant Ambush Protected (MRAP) Vehicles,64,925,0.069189,0.5,0.4,128.0,2312.5,0.082315,1.487138,0.055351,False
Mine-Resistant Ambush Protected (MRAP) Vehicles,64,925,0.069189,0.5,0.5,128.0,1850.0,0.082315,1.189711,0.069189,False
Mine-Resistant Ambush Protected (MRAP) Vehicles,64,925,0.069189,0.5,0.6,128.0,1541.666667,0.082315,0.991426,0.083027,False
Mine-Resistant Ambush Protected (MRAP) Vehicles,64,925,0.069189,0.5,0.7,128.0,1321.428571,0.082315,0.849793,0.096865,False
Mine-Resistant Ambush Protected (MRAP) Vehicles,64,925,0.069189,0.5,0.8,128.0,1156.25,0.082315,0.743569,0.110703,False
Mine-Resistant Ambush Protected (MRAP) Vehicles,64,925,0.069189,0.5,0.9,128.0,1027.777778,0.082315,0.66095,0.124541,False
Mine-Resistant Ambush Protected (MRAP) Vehicles,64,925,0.069189,0.5,1.0,128.0,925.0,0.082315,0.594855,0.138378,False
Mine-Resistant Ambush Protected (MRAP) Vehicles,64,925,0.069189,0.6,0.4,106.666667,2312.5,0.068596,1.487138,0.046126,False
Mine-Resistant Ambush Protected (MRAP) Vehicles,64,925,0.069189,0.6,0.5,106.666667,1850.0,0.068596,1.189711,0.057658,False
Mine-Resistant Ambush Protected (MRAP) Vehicles,64,925,0.069189,0.6,0.6,106.666667,1541.666667,0.068596,0.991426,0.069189,False
Mine-Resistant Ambush Protected (MRAP) Vehicles,64,925,0.069189,0.6,0.7,106.666667,1321.428571,0.068596,0.849793,0.080721,False
Mine-Resistant Ambush Protected (MRAP) Vehicles,64,925,0.069189,0.6,0.8,106.666667,1156.25,0.068596,0.743569,0.092252,False
Mine-Resistant Ambush Protected (MRAP) Vehicles,64,925,0.069189,0.6,0.9,106.666667,1027.777778,0.068596,0.66095,0.103784,False
Mine-Resistant Ambush Protected (MRAP) Vehicles,64,925,0.069189,0.6,1.0,106.666667,925.0,0.068596,0.594855,0.115315,False
Mine-Resistant Ambush Protected (MRAP) Vehicles,64,925,0.069189,0.7,0.4,91.428571,2312.5,0.058797,1.487138,0.039537,False
Mine-Resistant Ambush Protected (MRAP) Vehicles,64,925,0.069189,0.7,0.5,91.428571,1850.0,0.058797,1.189711,0.049421,False
Mine-Resistant Ambush Protected (MRAP) Vehicles,64,925,0.069189,0.7,0.6,91.428571,1541.666667,0.058797,0.991426,0.059305,False
Mine-Resistant Ambush Protected (MRAP) Vehicles,64,925,0.069189,0.7,0.7,91.428571,1321.428571,0.058797,0.849793,0.069189,False
Mine-Resistant Ambush Protected (MRAP) Vehicles,64,925,0.069189,0.7,0.8,91.428571,1156.25,0.058797,0.743569,0.079073,False
Mine-Resistant Ambush Protected (MRAP) Vehicles,64,925,0.069189,0.7,0.9,91.428571,1027.777778,0.058797,0.66095,0.088958,False
Mine-Resistant Ambush Protected (MRAP) Vehicles,64,925,0.069189,0.7,1.0,91.428571,925.0,0.058797,0.594855,0.098842,False
Mine-Resistant Ambush Protected (MRAP) Vehicles,64,925,0.069189,0.8,0.4,80.0,2312.5,0.051447,1.487138,0.034595,False
Mine-Resistant Ambush Protected (MRAP) Vehicles,64,925,0.069189,0.8,0.5,80.0,1850.0,0.051447,1.189711,0.043243,False
Mine-Resistant Ambush Protected (MRAP) Vehicles,64,925,0.069189,0.8,0.6,80.0,1541.666667,0.051447,0.991426,0.051892,False
Mine-Resistant Ambush Protected (MRAP) Vehicles,64,925,0.069189,0.8,0.7,80.0,1321.428571,0.051447,0.849793,0.060541,False
Mine-Resistant Ambush Protected (MRAP) Vehicles,64,925,0.069189,0.8,0.8,80.0,1156.25,0.051447,0.743569,0.069189,False
Mine-Resistant Ambush Protected (MRAP) Vehicles,64,925,0.069189,0.8,0.9,80.0,1027.777778,0.051447,0.66095,0.077838,False
Mine-Resistant Ambush Protected (MRAP) Vehicles,64,925,0.069189,0.8,1.0,80.0,925.0,0.051447,0.594855,0.086486,False
Mine-Resistant Ambush Protected (MRAP) Vehicles,64,925,0.069189,0.9,0.4,71.111111,2312.5,0.045731,1.487138,0.030751,False
Mine-Resistant Ambush Protected (MRAP) Vehicles,64,925,0.069189,0.9,0.5,71.111111,1850.0,0.045731,1.189711,0.038438,False
Mine-Resistant Ambush Protected (MRAP) Vehicles,64,925,0.069189,0.9,0.6,71.111111,1541.666667,0.045731,0.991426,0.046126,False
Mine-Resistant Ambush Protected (MRAP) Vehicles,64,925,0.069189,0.9,0.7,71.111111,1321.428571,0.045731,0.849793,0.053814,False
Mine-Resistant Ambush Protected (MRAP) Vehicles,64,925,0.069189,0.9,0.8,71.111111,1156.25,0.045731,0.743569,0.061502,False
Mine-Resistant Ambush Protected (MRAP) Vehicles,64,925,0.069189,0.9,0.9,71.111111,1027.777778,0.045731,0.66095,0.069189,False
Mine-Resistant Ambush Protected (MRAP) Vehicles,64,925,0.069189,0.9,1.0,71.111111,925.0,0.045731,0.594855,0.076877,False
Mine-Resistant Ambush Protected (MRAP) Vehicles,64,925,0.069189,1.0,0.4,64.0,2312.5,0.041158,1.487138,0.027676,False
Mine-Resistant Ambush Protected (MRAP) Vehicles,64,925,0.069189,1.0,0.5,64.0,1850.0,0.041158,1.189711,0.034595,False
Mine-Resistant Ambush Protected (MRAP) Vehicles,64,925,0.069189,1.0,0.6,64.0,1541.666667,0.041158,0.991426,0.041514,False
Mine-Resistant Ambush Protected (MRAP) Vehicles,64,925,0.069189,1.0,0.7,64.0,1321.428571,0.041158,0.849793,0.048432,False
Mine-Resistant Ambush Protected (MRAP) Vehicles,64,925,0.069189,1.0,0.8,64.0,1156.25,0.041158,0.743569,0.055351,False
Mine-Resistant Ambush Protected (MRAP) Vehicles,64,925,0.069189,1.0,0.9,64.0,1027.777778,0.041158,0.66095,0.06227,False
Mine-Resistant Ambush Protected (MRAP) Vehicles,64,925,0.069189,1.0,1.0,64.0,925.0,0.041158,0.594855,0.069189,False
Towed Artillery,532,262,2.030534,0.4,0.4,1330.0,655.0,0.855305,0.421222,2.030534,True
Towed Artillery,532,262,2.030534,0.4,0.5,1330.0,524.0,0.855305,0.336977,2.538168,True
Towed Artillery,532,262,2.030534,0.4,0.6,1330.0,436.666667,0.855305,0.280815,3.045802,True
Towed Artillery,532,262,2.030534,0.4,0.7,1330.0,374.285714,0.855305,0.240698,3.553435,True
Towed Artillery,532,262,2.030534,0.4,0.8,1330.0,327.5,0.855305,0.210611,4.061069,True
Towed Artillery,532,262,2.030534,0.4,0.9,1330.0,291.111111,0.855305,0.18721,4.568702,True
Towed Artillery,532,262,2.030534,0.4,1.0,1330.0,262.0,0.855305,0.168489,5.076336,True
Towed Artillery,532,262,2.030534,0.5,0.4,1064.0,655.0,0.684244,0.421222,1.624427,True
Towed Artillery,532,262,2.030534,0.5,0.5,1064.0,524.0,0.684244,0.336977,2.030534,True
Towed Artillery,532,262,2.030534,0.5,0.6,1064.0,436.666667,0.684244,0.280815,2.436641,True
Towed Artillery,532,262,2.030534,0.5,0.7,1064.0,374.285714,0.684244,0.240698,2.842748,True
Towed Artillery,532,262,2.030534,0.5,0.8,1064.0,327.5,0.684244,0.210611,3.248855,True
Towed Artillery,532,262,2.030534,0.5,0.9,1064.0,291.111111,0.684244,0.18721,3.654962,True
Towed Artillery,532,262,2.030534,0.5,1.0,1064.0,262.0,0.684244,0.168489,4.061069,True
Towed Artillery,532,262,2.030534,0.6,0.4,886.666667,655.0,0.570204,0.421222,1.35369,True
Towed Artillery,532,262,2.030534,0.6,0.5,886.666667,524.0,0.570204,0.336977,1.692112,True
Towed Artillery,532,262,2.030534,0.6,0.6,886.666667,436.666667,0.570204,0.280815,2.030534,True
Towed Artillery,532,262,2.030534,0.6,0.7,886.666667,374.285714,0.570204,0.240698,2.368957,True
Towed Artillery,532,262,2.030534,0.6,0.8,886.666667,327.5,0.570204,0.210611,2.707379,True
Towed Artillery,532,262,2.030534,0.6,0.9,886.666667,291.111111,0.570204,0.18721,3.045802,True
Towed Artillery,532,262,2.030534,0.6,1.0,886.666667,262.0,0.570204,0.168489,3.384224,True
Towed Artillery,532,262,2.030534,0.7,0.4,760.0,655.0,0.488746,0.421222,1.160305,True
Towed Artillery,532,262,2.030534,0.7,0.5,760.0,524.0,0.488746,0.336977,1.450382,True
Towed Artillery,532,262,2.030534,0.7,0.6,760.0,436.666667,0.488746,0.280815,1.740458,True
Towed Artillery,532,262,2.030534,0.7,0.7,760.0,374.285714,0.488746,0.240698,2.030534,True
Towed Artillery,532,262,2.030534,0.7,0.8,760.0,327.5,0.488746,0.210611,2.320611,True
Towed Artillery,532,262,2.030534,0.7,0.9,760.0,291.111111,0.488746,0.18721,2.610687,True
Towed Artillery,532,262,2.030534,0.7,1.0,760.0,262.0,0.488746,0.168489,2.900763,True
Towed Artillery,532,262,2.030534,0.8,0.4,665.0,655.0,0.427653,0.421222,1.015267,True
Towed Artillery,532,262,2.030534,0.8,0.5,665.0,524.0,0.427653,0.336977,1.269084,True
Towed Artillery,532,262,2.030534,0.8,0.6,665.0,436.666667,0.427653,0.280815,1.522901,True
Towed Artillery,532,262,2.030534,0.8,0.7,665.0,374.285714,0.427653,0.240698,1.776718,True
Towed Artillery,532,262,2.030534,0.8,0.8,665.0,327.5,0.427653,0.210611,2.030534,True
Towed Artillery,532,262,2.030534,0.8,0.9,665.0,291.111111,0.427653,0.18721,2.284351,True
Towed Artillery,532,262,2.030534,0.8,1.0,665.0,262.0,0.427653,0.168489,2.538168,True
Towed Artillery,532,262,2.030534,0.9,0.4,591.111111,655.0,0.380136,0.421222,0.90246,False
Towed Artillery,532,262,2.030534,0.9,0.5,591.111111,524.0,0.380136,0.336977,1.128075,True
Towed Artillery,532,262,2.030534,0.9,0.6,591.111111,436.666667,0.380136,0.280815,1.35369,True
Towed Artillery,532,262,2.030534,0.9,0.7,591.111111,374.285714,0.380136,0.240698,1.579304,True
Towed Artillery,532,262,2.030534,0.9,0.8,591.111111,327.5,0.380136,0.210611,1.804919,True
Towed Artillery,532,262,2.030534,0.9,0.9,591.111111,291.111111,0.380136,0.18721,2.030534,True
Towed Artillery,532,262,2.030534,0.9,1.0,591.111111,262.0,0.380136,0.168489,2.256149,True
Towed Artillery,532,262,2.030534,1.0,0.4,532.0,655.0,0.342122,0.421222,0.812214,False
Towed Artillery,532,262,2.030534,1.0,0.5,532.0,524.0,0.342122,0.336977,1.015267,True
Towed Artillery,532,262,2.030534,1.0,0.6,532.0,436.666667,0.342122,0.280815,1.218321,True
Towed Artillery,532,262,2.030534,1.0,0.7,532.0,374.285714,0.342122,0.240698,1.421374,True
Towed Artillery,532,262,2.030534,1.0,0.8,532.0,327.5,0.342122,0.210611,1.624427,True
Towed Artillery,532,262,2.030534,1.0,0.9,532.0,291.111111,0.342122,0.18721,1.827481,True
Towed Artillery,532,262,2.030534,1.0,1.0,532.0,262.0,0.342122,0.168489,2.030534,True
Rocket and Missile Artillery,562,116,4.844828,0.4,0.4,1405.0,290.0,0.903537,0.186495,4.844828,True
Rocket and Missile Artillery,562,116,4.844828,0.4,0.5,1405.0,232.0,0.903537,0.149196,6.056034,True
Rocket and Missile Artillery,562,116,4.844828,0.4,0.6,1405.0,193.333333,0.903537,0.12433,7.267241,True
Rocket and Missile Artillery,562,116,4.844828,0.4,0.7,1405.0,165.714286,0.903537,0.106569,8.478448,True
Rocket and Missile Artillery,562,116,4.844828,0.4,0.8,1405.0,145.0,0.903537,0.093248,9.689655,True
Rocket and Missile Artillery,562,116,4.844828,0.4,0.9,1405.0,128.888889,0.903537,0.082887,10.900862,True
Rocket and Missile Artillery,562,116,4.844828,0.4,1.0,1405.0,116.0,0.903537,0.074598,12.112069,True
Rocket and Missile Artillery,562,116,4.844828,0.5,0.4,1124.0,290.0,0.72283,0.186495,3.875862,True
Rocket and Missile Artillery,562,116,4.844828,0.5,0.5,1124.0,232.0,0.72283,0.149196,4.844828,True
Rocket and Missile Artillery,562,116,4.844828,0.5,0.6,1124.0,193.333333,0.72283,0.12433,5.813793,True
Rocket and Missile Artillery,562,116,4.844828,0.5,0.7,1124.0,165.714286,0.72283,0.106569,6.782759,True
Rocket and Missile Artillery,562,116,4.844828,0.5,0.8,1124.0,145.0,0.72283,0.093248,7.751724,True
Rocket and Missile Artillery,562,116,4.844828,0.5,0.9,1124.0,128.888889,0.72283,0.082887,8.72069,True
Rocket and Missile Artillery,562,116,4.844828,0.5,1.0,1124.0,116.0,0.72283,0.074598,9.689655,True
Rocket and Missile Artillery,562,116,4.844828,0.6,0.4,936.666667,290.0,0.602358,0.186495,3.229885,True
Rocket and Missile Artillery,562,116,4.844828,0.6,0.5,936.666667,232.0,0.602358,0.149196,4.037356,True
Rocket and Missile Artillery,562,116,4.844828,0.6,0.6,936.666667,193.333333,0.602358,0.12433,4.844828,True
Rocket and Missile Artillery,562,116,4.844828,0.6,0.7,936.666667,165.714286,0.602358,0.106569,5.652299,True
Rocket and Missile Artillery,562,116,4.844828,0.6,0.8,936.666667,145.0,0.602358,0.093248,6.45977,True
Rocket and Missile Artillery,562,116,4.844828,0.6,0.9,936.666667,128.888889,0.602358,0.082887,7.267241,True
Rocket and Missile Artillery,562,116,4.844828,0.6,1.0,936.666667,116.0,0.602358,0.074598,8.074713,True
Rocket and Missile Artillery,562,116,4.844828,0.7,0.4,802.857143,290.0,0.516307,0.186495,2.768473,True
Rocket and Missile Artillery,562,116,4.844828,0.7,0.5,802.857143,232.0,0.516307,0.149196,3.460591,True
Rocket and Missile Artillery,562,116,4.844828,0.7,0.6,802.857143,193.333333,0.516307,0.12433,4.152709,True
Rocket and Missile Artillery,562,116,4.844828,0.7,0.7,802.857143,165.714286,0.516307,0.106569,4.844828,True
Rocket and Missile Artillery,562,116,4.844828,0.7,0.8,802.857143,145.0,0.516307,0.093248,5.536946,True
Rocket and Missile Artillery,562,116,4.844828,0.7,0.9,802.857143,128.888889,0.516307,0.082887,6.229064,True
Rocket and Missile Artillery,562,116,4.844828,0.7,1.0,802.857143,116.0,0.516307,0.074598,6.921182,True
Rocket and Missile Artillery,562,116,4.844828,0.8,0.4,702.5,290.0,0.451768,0.186495,2.422414,True
Rocket and Missile Artillery,562,116,4.844828,0.8,0.5,702.5,232.0,0.451768,0.149196,3.028017,True
Rocket and Missile Artillery,562,116,4.844828,0.8,0.6,702.5,193.333333,0.451768,0.12433,3.633621,True
Rocket and Missile Artillery,562,116,4.844828,0.8,0.7,702.5,165.714286,0.451768,0.106569,4.239224,True
Rocket and Missile Artillery,562,116,4.844828,0.8,0.8,702.5,145.0,0.451768,0.093248,4.844828,True
Rocket and Missile Artillery,562,116,4.844828,0.8,0.9,702.5,128.888889,0.451768,0.082887,5.450431,True
Rocket and Missile Artillery,562,116,4.844828,0.8,1.0,702.5,116.0,0.451768,0.074598,6.056034,True
Rocket and Missile Artillery,562,116,4.844828,0.9,0.4,624.444444,290.0,0.401572,0.186495,2.153257,True
Rocket and Missile Artillery,562,116,4.844828,0.9,0.5,624.444444,232.0,0.401572,0.149196,2.691571,True
Rocket and Missile Artillery,562,116,4.844828,0.9,0.6,624.444444,193.333333,0.401572,0.12433,3.229885,True
Rocket and Missile Artillery,562,116,4.844828,0.9,0.7,624.444444,165.714286,0.401572,0.106569,3.768199,True
Rocket and Missile Artillery,562,116,4.844828,0.9,0.8,624.444444,145.0,0.401572,0.093248,4.306513,True
Rocket and Missile Artillery,562,116,4.844828,0.9,0.9,624.444444,128.888889,0.401572,0.082887,4.844828,True
Rocket and Missile Artillery,562,116,4.844828,0.9,1.0,624.444444,116.0,0.401572,0.074598,5.383142,True
Rocket and Missile Artillery,562,116,4.844828,1.0,0.4,562.0,290.0,0.361415,0.186495,1.937931,True
Rocket and Missile Artillery,562,116,4.844828,1.0,0.5,562.0,232.0,0.361415,0.149196,2.422414,True
Rocket and Missile Artillery,562,116,4.844828,1.0,0.6,562.0,193.333333,0.361415,0.12433,2.906897,True
Rocket and Missile Artillery,562,116,4.844828,1.0,0.7,562.0,165.714286,0.361415,0.106569,3.391379,True
Rocket and Missile Artillery,562,116,4.844828,1.0,0.8,562.0,145.0,0.361415,0.093248,3.875862,True
Rocket and Missile Artillery,562,116,4.844828,1.0,0.9,562.0,128.888889,0.361415,0.082887,4.360345,True
Rocket and Missile Artillery,562,116,4.844828,1.0,1.0,562.0,116.0,0.361415,0.074598,4.844828,True
Surface-To-Air Missile Systems,416,176,2.363636,0.4,0.4,1040.0,440.0,0.66881,0.282958,2.363636,True
Surface-To-Air Missile Systems,416,176,2.363636,0.4,0.5,1040.0,352.0,0.66881,0.226367,2.954545,True
Surface-To-Air Missile Systems,416,176,2.363636,0.4,0.6,1040.0,293.333333,0.66881,0.188639,3.545455,True
Surface-To-Air Missile Systems,416,176,2.363636,0.4,0.7,1040.0,251.428571,0.66881,0.16169,4.136364,True
Surface-To-Air Missile Systems,416,176,2.363636,0.4,0.8,1040.0,220.0,0.66881,0.141479,4.727273,True
Surface-To-Air Missile Systems,416,176,2.363636,0.4,0.9,1040.0,195.555556,0.66881,0.125759,5.318182,True
Surface-To-Air Missile Systems,416,176,2.363636,0.4,1.0,1040.0,176.0,0.66881,0.113183,5.909091,True
Surface-To-Air Missile Systems,416,176,2.363636,0.5,0.4,832.0,440.0,0.535048,0.282958,1.890909,True
Surface-To-Air Missile Systems,416,176,2.363636,0.5,0.5,832.0,352.0,0.535048,0.226367,2.363636,True
Surface-To-Air Missile Systems,416,176,2.363636,0.5,0.6,832.0,293.333333,0.535048,0.188639,2.836364,True
Surface-To-Air Missile Systems,416,176,2.363636,0.5,0.7,832.0,251.428571,0.535048,0.16169,3.309091,True
Surface-To-Air Missile Systems,416,176,2.363636,0.5,0.8,832.0,220.0,0.535048,0.141479,3.781818,True
Surface-To-Air Missile Systems,416,176,2.363636,0.5,0.9,832.0,195.555556,0.535048,0.125759,4.254545,True
Surface-To-Air Missile Systems,416,176,2.363636,0.5,1.0,832.0,176.0,0.535048,0.113183,4.727273,True
Surface-To-Air Missile Systems,416,176,2.363636,0.6,0.4,693.333333,440.0,0.445874,0.282958,1.575758,True
Surface-To-Air Missile Systems,416,176,2.363636,0.6,0.5,693.333333,352.0,0.445874,0.226367,1.969697,True
Surface-To-Air Missile Systems,416,176,2.363636,0.6,0.6,693.333333,293.333333,0.445874,0.188639,2.363636,True
Surface-To-Air Missile Systems,416,176,2.363636,0.6,0.7,693.333333,251.428571,0.445874,0.16169,2.757576,True
Surface-To-Air Missile Systems,416,176,2.363636,0.6,0.8,693.333333,220.0,0.445874,0.141479,3.151515,True
Surface-To-Air Missile Systems,416,176,2.363636,0.6,0.9,693.333333,195.555556,0.445874,0.125759,3.545455,True
Surface-To-Air Missile Systems,416,176,2.363636,0.6,1.0,693.333333,176.0,0.445874,0.113183,3.939394,True
Surface-To-Air Missile Systems,416,176,2.363636,0.7,0.4,594.285714,440.0,0.382177,0.282958,1.350649,True
Surface-To-Air Missile Systems,416,176,2.363636,0.7,0.5,594.285714,352.0,0.382177,0.226367,1.688312,True
Surface-To-Air Missile Systems,416,176,2.363636,0.7,0.6,594.285714,293.333333,0.382177,0.188639,2.025974,True
Surface-To-Air Missile Systems,416,176,2.363636,0.7,0.7,594.285714,251.428571,0.382177,0.16169,2.363636,True
Surface-To-Air Missile Systems,416,176,2.363636,0.7,0.8,594.285714,220.0,0.382177,0.141479,2.701299,True
Surface-To-Air Missile Systems,416,176,2.363636,0.7,0.9,594.285714,195.555556,0.382177,0.125759,3.038961,True
Surface-To-Air Missile Systems,416,176,2.363636,0.7,1.0,594.285714,176.0,0.382177,0.113183,3.376623,True
Surface-To-Air Missile Systems,416,176,2.363636,0.8,0.4,520.0,440.0,0.334405,0.282958,1.181818,True
Surface-To-Air Missile Systems,416,176,2.363636,0.8,0.5,520.0,352.0,0.334405,0.226367,1.477273,True
Surface-To-Air Missile Systems,416,176,2.363636,0.8,0.6,520.0,293.333333,0.334405,0.188639,1.772727,True
Surface-To-Air Missile Systems,416,176,2.363636,0.8,0.7,520.0,251.428571,0.334405,0.16169,2.068182,True
Surface-To-Air Missile Systems,416,176,2.363636,0.8,0.8,520.0,220.0,0.334405,0.141479,2.363636,True
Surface-To-Air Missile Systems,416,176,2.363636,0.8,0.9,520.0,195.555556,0.334405,0.125759,2.659091,True
Surface-To-Air Missile Systems,416,176,2.363636,0.8,1.0,520.0,176.0,0.334405,0.113183,2.954545,True
Surface-To-Air Missile Systems,416,176,2.363636,0.9,0.4,462.222222,440.0,0.297249,0.282958,1.050505,True
Surface-To-Air Missile Systems,416,176,2.363636,0.9,0.5,462.222222,352.0,0.297249,0.226367,1.313131,True
Surface-To-Air Missile Systems,416,176,2.363636,0.9,0.6,462.222222,293.333333,0.297249,0.188639,1.575758,True
Surface-To-Air Missile Systems,416,176,2.363636,0.9,0.7,462.222222,251.428571,0.297249,0.16169,1.838384,True
Surface-To-Air Missile Systems,416,176,2.363636,0.9,0.8,462.222222,220.0,0.297249,0.141479,2.10101,True
Surface-To-Air Missile Systems,416,176,2.363636,0.9,0.9,462.222222,195.555556,0.297249,0.125759,2.363636,True
Surface-To-Air Missile Systems,416,176,2.363636,0.9,1.0,462.222222,176.0,0.297249,0.113183,2.626263,True
Surface-To-Air Missile Systems,416,176,2.363636,1.0,0.4,416.0,440.0,0.267524,0.282958,0.945455,False
Surface-To-Air Missile Systems,416,176,2.363636,1.0,0.5,416.0,352.0,0.267524,0.226367,1.181818,True
Surface-To-Air Missile Systems,416,176,2.363636,1.0,0.6,416.0,293.333333,0.267524,0.188639,1.418182,True
Surface-To-Air Missile Systems,416,176,2.363636,1.0,0.7,416.0,251.428571,0.267524,0.16169,1.654545,True
Surface-To-Air Missile Systems,416,176,2.363636,1.0,0.8,416.0,220.0,0.267524,0.141479,1.890909,True
Surface-To-Air Missile Systems,416,176,2.363636,1.0,0.9,416.0,195.555556,0.267524,0.125759,2.127273,True
Surface-To-Air Missile Systems,416,176,2.363636,1.0,1.0,416.0,176.0,0.267524,0.113183,2.363636,True
Command Posts And Communications Stations,320,90,3.555556,0.4,0.4,800.0,225.0,0.514469,0.144695,3.555556,True
Command Posts And Communications Stations,320,90,3.555556,0.4,0.5,800.0,180.0,0.514469,0.115756,4.444444,True
Command Posts And Communications Stations,320,90,3.555556,0.4,0.6,800.0,150.0,0.514469,0.096463,5.333333,True
Command Posts And Communications Stations,320,90,3.555556,0.4,0.7,800.0,128.571429,0.514469,0.082683,6.222222,True
Command Posts And Communications Stations,320,90,3.555556,0.4,0.8,800.0,112.5,0.514469,0.072347,7.111111,True
Command Posts And Communications Stations,320,90,3.555556,0.4,0.9,800.0,100.0,0.514469,0.064309,8.0,True
Command Posts And Communications Stations,320,90,3.555556,0.4,1.0,800.0,90.0,0.514469,0.057878,8.888889,True
Command Posts And Communications Stations,320,90,3.555556,0.5,0.4,640.0,225.0,0.411576,0.144695,2.844444,True
Command Posts And Communications Stations,320,90,3.555556,0.5,0.5,640.0,180.0,0.411576,0.115756,3.555556,True
Command Posts And Communications Stations,320,90,3.555556,0.5,0.6,640.0,150.0,0.411576,0.096463,4.266667,True
Command Posts And Communications Stations,320,90,3.555556,0.5,0.7,640.0,128.571429,0.411576,0.082683,4.977778,True
Command Posts And Communications Stations,320,90,3.555556,0.5,0.8,640.0,112.5,0.411576,0.072347,5.688889,True
Command Posts And Communications Stations,320,90,3.555556,0.5,0.9,640.0,100.0,0.411576,0.064309,6.4,True
Command Posts And Communications Stations,320,90,3.555556,0.5,1.0,640.0,90.0,0.411576,0.057878,7.111111,True
Command Posts And Communications Stations,320,90,3.555556,0.6,0.4,533.333333,225.0,0.34298,0.144695,2.37037,True
Command Posts And Communications Stations,320,90,3.555556,0.6,0.5,533.333333,180.0,0.34298,0.115756,2.962963,True
Command Posts And Communications Stations,320,90,3.555556,0.6,0.6,533.333333,150.0,0.34298,0.096463,3.555556,True
Command Posts And Communications Stations,320,90,3.555556,0.6,0.7,533.333333,128.571429,0.34298,0.082683,4.148148,True
Command Posts And Communications Stations,320,90,3.555556,0.6,0.8,533.333333,112.5,0.34298,0.072347,4.740741,True
Command Posts And Communications Stations,320,90,3.555556,0.6,0.9,533.333333,100.0,0.34298,0.064309,5.333333,True
Command Posts And Communications Stations,320,90,3.555556,0.6,1.0,533.333333,90.0,0.34298,0.057878,5.925926,True
Command Posts And Communications Stations,320,90,3.555556,0.7,0.4,457.142857,225.0,0.293983,0.144695,2.031746,True
Command Posts And Communications Stations,320,90,3.555556,0.7,0.5,457.142857,180.0,0.293983,0.115756,2.539683,True
Command Posts And Communications Stations,320,90,3.555556,0.7,0.6,457.142857,150.0,0.293983,0.096463,3.047619,True
Command Posts And Communications Stations,320,90,3.555556,0.7,0.7,457.142857,128.571429,0.293983,0.082683,3.555556,True
Command Posts And Communications Stations,320,90,3.555556,0.7,0.8,457.142857,112.5,0.293983,0.072347,4.063492,True
Command Posts And Communications Stations,320,90,3.555556,0.7,0.9,457.142857,100.0,0.293983,0.064309,4.571429,True
Command Posts And Communications Stations,320,90,3.555556,0.7,1.0,457.142857,90.0,0.293983,0.057878,5.079365,True
Command Posts And Communications Stations,320,90,3.555556,0.8,0.4,400.0,225.0,0.257235,0.144695,1.777778,True
Command Posts And Communications Stations,320,90,3.555556,0.8,0.5,400.0,180.0,0.257235,0.115756,2.222222,True
Command Posts And Communications Stations,320,90,3.555556,0.8,0.6,400.0,150.0,0.257235,0.096463,2.666667,True
Command Posts And Communications Stations,320,90,3.555556,0.8,0.7,400.0,128.571429,0.257235,0.082683,3.111111,True
Command Posts And Communications Stations,320,90,3.555556,0.8,0.8,400.0,112.5,0.257235,0.072347,3.555556,True
Command Posts And Communications Stations,320,90,3.555556,0.8,0.9,400.0,100.0,0.257235,0.064309,4.0,True
Command Posts And Communications Stations,320,90,3.555556,0.8,1.0,400.0,90.0,0.257235,0.057878,4.444444,True
Command Posts And Communications Stations,320,90,3.555556,0.9,0.4,355.555556,225.0,0.228653,0.144695,1.580247,True
Command Posts And Communications Stations,320,90,3.555556,0.9,0.5,355.555556,180.0,0.228653,0.115756,1.975309,True
Command Posts And Communications Stations,320,90,3.555556,0.9,0.6,355.555556,150.0,0.228653,0.096463,2.37037,True
Command Posts And Communications Stations,320,90,3.555556,0.9,0.7,355.555556,128.571429,0.228653,0.082683,2.765432,True
Command Posts And Communications Stations,320,90,3.555556,0.9,0.8,355.555556,112.5,0.228653,0.072347,3.160494,True
Command Posts And Communications Stations,320,90,3.555556,0.9,0.9,355.555556,100.0,0.228653,0.064309,3.555556,True
Command Posts And Communications Stations,320,90,3.555556,0.9,1.0,355.555556,90.0,0.228653,0.057878,3.950617,True
Command Posts And Communications Stations,320,90,3.555556,1.0,0.4,320.0,225.0,0.205788,0.144695,1.422222,True
Command Posts And Communications Stations,320,90,3.555556,1.0,0.5,320.0,180.0,0.205788,0.115756,1.777778,True
Command Posts And Communications Stations,320,90,3.555556,1.0,0.6,320.0,150.0,0.205788,0.096463,2.133333,True
Command Posts And Communications Stations,320,90,3.555556,1.0,0.7,320.0,128.571429,0.205788,0.082683,2.488889,True
Command Posts And Communications Stations,320,90,3.555556,1.0,0.8,320.0,112.5,0.205788,0.072347,2.844444,True
Command Posts And Communications Stations,320,90,3.555556,1.0,0.9,320.0,100.0,0.205788,0.064309,3.2,True
Command Posts And Communications Stations,320,90,3.555556,1.0,1.0,320.0,90.0,0.205788,0.057878,3.555556,True
Aircraft,177,116,1.525862,0.4,0.4,442.5,290.0,0.284566,0.186495,1.525862,True
Aircraft,177,116,1.525862,0.4,0.5,442.5,232.0,0.284566,0.149196,1.907328,True
Aircraft,177,116,1.525862,0.4,0.6,442.5,193.333333,0.284566,0.12433,2.288793,True
Aircraft,177,116,1.525862,0.4,0.7,442.5,165.714286,0.284566,0.106569,2.670259,True
Aircraft,177,116,1.525862,0.4,0.8,442.5,145.0,0.284566,0.093248,3.051724,True
Aircraft,177,116,1.525862,0.4,0.9,442.5,128.888889,0.284566,0.082887,3.43319,True
Aircraft,177,116,1.525862,0.4,1.0,442.5,116.0,0.284566,0.074598,3.814655,True
Aircraft,177,116,1.525862,0.5,0.4,354.0,290.0,0.227653,0.186495,1.22069,True
Aircraft,177,116,1.525862,0.5,0.5,354.0,232.0,0.227653,0.149196,1.525862,True
Aircraft,177,116,1.525862,0.5,0.6,354.0,193.333333,0.227653,0.12433,1.831034,True
Aircraft,177,116,1.525862,0.5,0.7,354.0,165.714286,0.227653,0.106569,2.136207,True
Aircraft,177,116,1.525862,0.5,0.8,354.0,145.0,0.227653,0.093248,2.441379,True
Aircraft,177,116,1.525862,0.5,0.9,354.0,128.888889,0.227653,0.082887,2.746552,True
Aircraft,177,116,1.525862,0.5,1.0,354.0,116.0,0.227653,0.074598,3.051724,True
Aircraft,177,116,1.525862,0.6,0.4,295.0,290.0,0.189711,0.186495,1.017241,True
Aircraft,177,116,1.525862,0.6,0.5,295.0,232.0,0.189711,0.149196,1.271552,True
Aircraft,177,116,1.525862,0.6,0.6,295.0,193.333333,0.189711,0.12433,1.525862,True
Aircraft,177,116,1.525862,0.6,0.7,295.0,165.714286,0.189711,0.106569,1.780172,True
Aircraft,177,116,1.525862,0.6,0.8,295.0,145.0,0.189711,0.093248,2.034483,True
Aircraft,177,116,1.525862,0.6,0.9,295.0,128.888889,0.189711,0.082887,2.288793,True
Aircraft,177,116,1.525862,0.6,1.0,295.0,116.0,0.189711,0.074598,2.543103,True
Aircraft,177,116,1.525862,0.7,0.4,252.857143,290.0,0.162609,0.186495,0.871921,False
Aircraft,177,116,1.525862,0.7,0.5,252.857143,232.0,0.162609,0.149196,1.089901,True
Aircraft,177,116,1.525862,0.7,0.6,252.857143,193.333333,0.162609,0.12433,1.307882,True
Aircraft,177,116,1.525862,0.7,0.7,252.857143,165.714286,0.162609,0.106569,1.525862,True
Aircraft,177,116,1.525862,0.7,0.8,252.857143,145.0,0.162609,0.093248,1.743842,True
Aircraft,177,116,1.525862,0.7,0.9,252.857143,128.888889,0.162609,0.082887,1.961823,True
Aircraft,177,116,1.525862,0.7,1.0,252.857143,116.0,0.162609,0.074598,2.179803,True
Aircraft,177,116,1.525862,0.8,0.4,221.25,290.0,0.142283,0.186495,0.762931,False
Aircraft,177,116,1.525862,0.8,0.5,221.25,232.0,0.142283,0.149196,0.953664,False
Aircraft,177,116,1.525862,0.8,0.6,221.25,193.333333,0.142283,0.12433,1.144397,True
Aircraft,177,116,1.525862,0.8,0.7,221.25,165.714286,0.142283,0.106569,1.335129,True
Aircraft,177,116,1.525862,0.8,0.8,221.25,145.0,0.142283,0.093248,1.525862,True
Aircraft,177,116,1.525862,0.8,0.9,221.25,128.888889,0.142283,0.082887,1.716595,True
Aircraft,177,116,1.525862,0.8,1.0,221.25,116.0,0.142283,0.074598,1.907328,True
Aircraft,177,116,1.525862,0.9,0.4,196.666667,290.0,0.126474,0.186495,0.678161,False
Aircraft,177,116,1.525862,0.9,0.5,196.666667,232.0,0.126474,0.149196,0.847701,False
Aircraft,177,116,1.525862,0.9,0.6,196.666667,193.333333,0.126474,0.12433,1.017241,True
Aircraft,177,116,1.525862,0.9,0.7,196.666667,165.714286,0.126474,0.106569,1.186782,True
Aircraft,177,116,1.525862,0.9,0.8,196.666667,145.0,0.126474,0.093248,1.356322,True
Aircraft,177,116,1.525862,0.9,0.9,196.666667,128.888889,0.126474,0.082887,1.525862,True
Aircraft,177,116,1.525862,0.9,1.0,196.666667,116.0,0.126474,0.074598,1.695402,True
Aircraft,177,116,1.525862,1.0,0.4,177.0,290.0,0.113826,0.186495,0.610345,False
Aircraft,177,116,1.525862,1.0,0.5,177.0,232.0,0.113826,0.149196,0.762931,False
Aircraft,177,116,1.525862,1.0,0.6,177.0,193.333333,0.113826,0.12433,0.915517,False
Aircraft,177,116,1.525862,1.0,0.7,177.0,165.714286,0.113826,0.106569,1.068103,True
Aircraft,177,116,1.525862,1.0,0.8,177.0,145.0,0.113826,0.093248,1.22069,True
Aircraft,177,116,1.525862,1.0,0.9,177.0,128.888889,0.113826,0.082887,1.373276,True
Aircraft,177,116,1.525862,1.0,1.0,177.0,116.0,0.113826,0.074598,1.525862,True
Radars And Communications Equipment,128,145,0.882759,0.4,0.4,320.0,362.5,0.205788,0.233119,0.882759,False
Radars And Communications Equipment,128,145,0.882759,0.4,0.5,320.0,290.0,0.205788,0.186495,1.103448,True
Radars And Communications Equipment,128,145,0.882759,0.4,0.6,320.0,241.666667,0.205788,0.155413,1.324138,True
Radars And Communications Equipment,128,145,0.882759,0.4,0.7,320.0,207.142857,0.205788,0.133211,1.544828,True
Radars And Communications Equipment,128,145,0.882759,0.4,0.8,320.0,181.25,0.205788,0.116559,1.765517,True
Radars And Communications Equipment,128,145,0.882759,0.4,0.9,320.0,161.111111,0.205788,0.103608,1.986207,True
Radars And Communications Equipment,128,145,0.882759,0.4,1.0,320.0,145.0,0.205788,0.093248,2.206897,True
Radars And Communications Equipment,128,145,0.882759,0.5,0.4,256.0,362.5,0.16463,0.233119,0.706207,False
Radars And Communications Equipment,128,145,0.882759,0.5,0.5,256.0,290.0,0.16463,0.186495,0.882759,False
Radars And Communications Equipment,128,145,0.882759,0.5,0.6,256.0,241.666667,0.16463,0.155413,1.05931,True
Radars And Communications Equipment,128,145,0.882759,0.5,0.7,256.0,207.142857,0.16463,0.133211,1.235862,True
Radars And Communications Equipment,128,145,0.882759,0.5,0.8,256.0,181.25,0.16463,0.116559,1.412414,True
Radars And Communications Equipment,128,145,0.882759,0.5,0.9,256.0,161.111111,0.16463,0.103608,1.588966,True
Radars And Communications Equipment,128,145,0.882759,0.5,1.0,256.0,145.0,0.16463,0.093248,1.765517,True
Radars And Communications Equipment,128,145,0.882759,0.6,0.4,213.333333,362.5,0.137192,0.233119,0.588506,False
Radars And Communications Equipment,128,145,0.882759,0.6,0.5,213.333333,290.0,0.137192,0.186495,0.735632,False
Radars And Communications Equipment,128,145,0.882759,0.6,0.6,213.333333,241.666667,0.137192,0.155413,0.882759,False
Radars And Communications Equipment,128,145,0.882759,0.6,0.7,213.333333,207.142857,0.137192,0.133211,1.029885,True
Radars And Communications Equipment,128,145,0.882759,0.6,0.8,213.333333,181.25,0.137192,0.116559,1.177011,True
Radars And Communications Equipment,128,145,0.882759,0.6,0.9,213.333333,161.111111,0.137192,0.103608,1.324138,True
Radars And Communications Equipment,128,145,0.882759,0.6,1.0,213.333333,145.0,0.137192,0.093248,1.471264,True
Radars And Communications Equipment,128,145,0.882759,0.7,0.4,182.857143,362.5,0.117593,0.233119,0.504433,False
Radars And Communications Equipment,128,145,0.882759,0.7,0.5,182.857143,290.0,0.117593,0.186495,0.630542,False
Radars And Communications Equipment,128,145,0.882759,0.7,0.6,182.857143,241.666667,0.117593,0.155413,0.75665,False
Radars And Communications Equipment,128,145,0.882759,0.7,0.7,182.857143,207.142857,0.117593,0.133211,0.882759,False
Radars And Communications Equipment,128,145,0.882759,0.7,0.8,182.857143,181.25,0.117593,0.116559,1.008867,True
Radars And Communications Equipment,128,145,0.882759,0.7,0.9,182.857143,161.111111,0.117593,0.103608,1.134975,True
Radars And Communications Equipment,128,145,0.882759,0.7,1.0,182.857143,145.0,0.117593,0.093248,1.261084,True
Radars And Communications Equipment,128,145,0.882759,0.8,0.4,160.0,362.5,0.102894,0.233119,0.441379,False
Radars And Communications Equipment,128,145,0.882759,0.8,0.5,160.0,290.0,0.102894,0.186495,0.551724,False
Radars And Communications Equipment,128,145,0.882759,0.8,0.6,160.0,241.666667,0.102894,0.155413,0.662069,False
Radars And Communications Equipment,128,145,0.882759,0.8,0.7,160.0,207.142857,0.102894,0.133211,0.772414,False
Radars And Communications Equipment,128,145,0.882759,0.8,0.8,160.0,181.25,0.102894,0.116559,0.882759,False
Radars And Communications Equipment,128,145,0.882759,0.8,0.9,160.0,161.111111,0.102894,0.103608,0.993103,False
Radars And Communications Equipment,128,145,0.882759,0.8,1.0,160.0,145.0,0.102894,0.093248,1.103448,True
Radars And Communications Equipment,128,145,0.882759,0.9,0.4,142.222222,362.5,0.091461,0.233119,0.392337,False
Radars And Communications Equipment,128,145,0.882759,0.9,0.5,142.222222,290.0,0.091461,0.186495,0.490421,False
Radars And Communications Equipment,128,145,0.882759,0.9,0.6,142.222222,241.666667,0.091461,0.155413,0.588506,False
Radars And Communications Equipment,128,145,0.882759,0.9,0.7,142.222222,207.142857,0.091461,0.133211,0.68659,False
Radars And Communications Equipment,128,145,0.882759,0.9,0.8,142.222222,181.25,0.091461,0.116559,0.784674,False
Radars And Communications Equipment,128,145,0.882759,0.9,0.9,142.222222,161.111111,0.091461,0.103608,0.882759,False
Radars And Communications Equipment,128,145,0.882759,0.9,1.0,142.222222,145.0,0.091461,0.093248,0.980843,False
Radars And Communications Equipment,128,145,0.882759,1.0,0.4,128.0,362.5,0.082315,0.233119,0.353103,False
Radars And Communications Equipment,128,145,0.882759,1.0,0.5,128.0,290.0,0.082315,0.186495,0.441379,False
Radars And Communications Equipment,128,145,0.882759,1.0,0.6,128.0,241.666667,0.082315,0.155413,0.529655,False
Radars And Communications Equipment,128,145,0.882759,1.0,0.7,128.0,207.142857,0.082315,0.133211,0.617931,False
Radars And Communications Equipment,128,145,0.882759,1.0,0.8,128.0,181.25,0.082315,0.116559,0.706207,False
Radars And Communications Equipment,128,145,0.882759,1.0,0.9,128.0,161.111111,0.082315,0.103608,0.794483,False
Radars And Communications Equipment,128,145,0.882759,1.0,1.0,128.0,145.0,0.082315,0.093248,0.882759,False
Artillery and Missile Support Vehicles And Equipment,178,34,5.235294,0.4,0.4,445.0,85.0,0.286174,0.054662,5.235294,True
Artillery and Missile Support Vehicles And Equipment,178,34,5.235294,0.4,0.5,445.0,68.0,0.286174,0.04373,6.544118,True
Artillery and Missile Support Vehicles And Equipment,178,34,5.235294,0.4,0.6,445.0,56.666667,0.286174,0.036442,7.852941,True
Artillery and Missile Support Vehicles And Equipment,178,34,5.235294,0.4,0.7,445.0,48.571429,0.286174,0.031236,9.161765,True
Artillery and Missile Support Vehicles And Equipment,178,34,5.235294,0.4,0.8,445.0,42.5,0.286174,0.027331,10.470588,True
Artillery and Missile Support Vehicles And Equipment,178,34,5.235294,0.4,0.9,445.0,37.777778,0.286174,0.024294,11.779412,True
Artillery and Missile Support Vehicles And Equipment,178,34,5.235294,0.4,1.0,445.0,34.0,0.286174,0.021865,13.088235,True
Artillery and Missile Support Vehicles And Equipment,178,34,5.235294,0.5,0.4,356.0,85.0,0.228939,0.054662,4.188235,True
Artillery and Missile Support Vehicles And Equipment,178,34,5.235294,0.5,0.5,356.0,68.0,0.228939,0.04373,5.235294,True
Artillery and Missile Support Vehicles And Equipment,178,34,5.235294,0.5,0.6,356.0,56.666667,0.228939,0.036442,6.282353,True
Artillery and Missile Support Vehicles And Equipment,178,34,5.235294,0.5,0.7,356.0,48.571429,0.228939,0.031236,7.329412,True
Artillery and Missile Support Vehicles And Equipment,178,34,5.235294,0.5,0.8,356.0,42.5,0.228939,0.027331,8.376471,True
Artillery and Missile Support Vehicles And Equipment,178,34,5.235294,0.5,0.9,356.0,37.777778,0.228939,0.024294,9.423529,True
Artillery and Missile Support Vehicles And Equipment,178,34,5.235294,0.5,1.0,356.0,34.0,0.228939,0.021865,10.470588,True
Artillery and Missile Support Vehicles And Equipment,178,34,5.235294,0.6,0.4,296.666667,85.0,0.190782,0.054662,3.490196,True
Artillery and Missile Support Vehicles And Equipment,178,34,5.235294,0.6,0.5,296.666667,68.0,0.190782,0.04373,4.362745,True
Artillery and Missile Support Vehicles And Equipment,178,34,5.235294,0.6,0.6,296.666667,56.666667,0.190782,0.036442,5.235294,True
Artillery and Missile Support Vehicles And Equipment,178,34,5.235294,0.6,0.7,296.666667,48.571429,0.190782,0.031236,6.107843,True
Artillery and Missile Support Vehicles And Equipment,178,34,5.235294,0.6,0.8,296.666667,42.5,0.190782,0.027331,6.980392,True
Artillery and Missile Support Vehicles And Equipment,178,34,5.235294,0.6,0.9,296.666667,37.777778,0.190782,0.024294,7.852941,True
Artillery and Missile Support Vehicles And Equipment,178,34,5.235294,0.6,1.0,296.666667,34.0,0.190782,0.021865,8.72549,True
Artillery and Missile Support Vehicles And Equipment,178,34,5.235294,0.7,0.4,254.285714,85.0,0.163528,0.054662,2.991597,True
Artillery and Missile Support Vehicles And Equipment,178,34,5.235294,0.7,0.5,254.285714,68.0,0.163528,0.04373,3.739496,True
Artillery and Missile Support Vehicles And Equipment,178,34,5.235294,0.7,0.6,254.285714,56.666667,0.163528,0.036442,4.487395,True
Artillery and Missile Support Vehicles And Equipment,178,34,5.235294,0.7,0.7,254.285714,48.571429,0.163528,0.031236,5.235294,True
Artillery and Missile Support Vehicles And Equipment,178,34,5.235294,0.7,0.8,254.285714,42.5,0.163528,0.027331,5.983193,True
Artillery and Missile Support Vehicles And Equipment,178,34,5.235294,0.7,0.9,254.285714,37.777778,0.163528,0.024294,6.731092,True
Artillery and Missile Support Vehicles And Equipment,178,34,5.235294,0.7,1.0,254.285714,34.0,0.163528,0.021865,7.478992,True
Artillery and Missile Support Vehicles And Equipment,178,34,5.235294,0.8,0.4,222.5,85.0,0.143087,0.054662,2.617647,True
Artillery and Missile Support Vehicles And Equipment,178,34,5.235294,0.8,0.5,222.5,68.0,0.143087,0.04373,3.272059,True
Artillery and Missile Support Vehicles And Equipment,178,34,5.235294,0.8,0.6,222.5,56.666667,0.143087,0.036442,3.926471,True
Artillery and Missile Support Vehicles And Equipment,178,34,5.235294,0.8,0.7,222.5,48.571429,0.143087,0.031236,4.580882,True
Artillery and Missile Support Vehicles And Equipment,178,34,5.235294,0.8,0.8,222.5,42.5,0.143087,0.027331,5.235294,True
Artillery and Missile Support Vehicles And Equipment,178,34,5.235294,0.8,0.9,222.5,37.777778,0.143087,0.024294,5.889706,True
Artillery and Missile Support Vehicles And Equipment,178,34,5.235294,0.8,1.0,222.5,34.0,0.143087,0.021865,6.544118,True
Artillery and Missile Support Vehicles And Equipment,178,34,5.235294,0.9,0.4,197.777778,85.0,0.127188,0.054662,2.326797,True
Artillery and Missile Support Vehicles And Equipment,178,34,5.235294,0.9,0.5,197.777778,68.0,0.127188,0.04373,2.908497,True
Artillery and Missile Support Vehicles And Equipment,178,34,5.235294,0.9,0.6,197.777778,56.666667,0.127188,0.036442,3.490196,True
Artillery and Missile Support Vehicles And Equipment,178,34,5.235294,0.9,0.7,197.777778,48.571429,0.127188,0.031236,4.071895,True
Artillery and Missile Support Vehicles And Equipment,178,34,5.235294,0.9,0.8,197.777778,42.5,0.127188,0.027331,4.653595,True
Artillery and Missile Support Vehicles And Equipment,178,34,5.235294,0.9,0.9,197.777778,37.777778,0.127188,0.024294,5.235294,True
Artillery and Missile Support Vehicles And Equipment,178,34,5.235294,0.9,1.0,197.777778,34.0,0.127188,0.021865,5.816993,True
Artillery and Missile Support Vehicles And Equipment,178,34,5.235294,1.0,0.4,178.0,85.0,0.114469,0.054662,2.094118,True
Artillery and Missile Support Vehicles And Equipment,178,34,5.235294,1.0,0.5,178.0,68.0,0.114469,0.04373,2.617647,True
Artillery and Missile Support Vehicles And Equipment,178,34,5.235294,1.0,0.6,178.0,56.666667,0.114469,0.036442,3.141176,True
Artillery and Missile Support Vehicles And Equipment,178,34,5.235294,1.0,0.7,178.0,48.571429,0.114469,0.031236,3.664706,True
Artillery and Missile Support Vehicles And Equipment,178,34,5.235294,1.0,0.8,178.0,42.5,0.114469,0.027331,4.188235,True
Artillery and Missile Support Vehicles And Equipment,178,34,5.235294,1.0,0.9,178.0,37.777778,0.114469,0.024294,4.711765,True
Artillery and Missile Support Vehicles And Equipment,178,34,5.235294,1.0,1.0,178.0,34.0,0.114469,0.021865,5.235294,True
Helicopters,155,54,2.87037,0.4,0.4,387.5,135.0,0.249196,0.086817,2.87037,True
Helicopters,155,54,2.87037,0.4,0.5,387.5,108.0,0.249196,0.069453,3.587963,True
Helicopters,155,54,2.87037,0.4,0.6,387.5,90.0,0.249196,0.057878,4.305556,True
Helicopters,155,54,2.87037,0.4,0.7,387.5,77.142857,0.249196,0.04961,5.023148,True
Helicopters,155,54,2.87037,0.4,0.8,387.5,67.5,0.249196,0.043408,5.740741,True
Helicopters,155,54,2.87037,0.4,0.9,387.5,60.0,0.249196,0.038585,6.458333,True
Helicopters,155,54,2.87037,0.4,1.0,387.5,54.0,0.249196,0.034727,7.175926,True
Helicopters,155,54,2.87037,0.5,0.4,310.0,135.0,0.199357,0.086817,2.296296,True
Helicopters,155,54,2.87037,0.5,0.5,310.0,108.0,0.199357,0.069453,2.87037,True
Helicopters,155,54,2.87037,0.5,0.6,310.0,90.0,0.199357,0.057878,3.444444,True
Helicopters,155,54,2.87037,0.5,0.7,310.0,77.142857,0.199357,0.04961,4.018519,True
Helicopters,155,54,2.87037,0.5,0.8,310.0,67.5,0.199357,0.043408,4.592593,True
Helicopters,155,54,2.87037,0.5,0.9,310.0,60.0,0.199357,0.038585,5.166667,True
Helicopters,155,54,2.87037,0.5,1.0,310.0,54.0,0.199357,0.034727,5.740741,True
Helicopters,155,54,2.87037,0.6,0.4,258.333333,135.0,0.166131,0.086817,1.91358,True
Helicopters,155,54,2.87037,0.6,0.5,258.333333,108.0,0.166131,0.069453,2.391975,True
Helicopters,155,54,2.87037,0.6,0.6,258.333333,90.0,0.166131,0.057878,2.87037,True
Helicopters,155,54,2.87037,0.6,0.7,258.333333,77.142857,0.166131,0.04961,3.348765,True
Helicopters,155,54,2.87037,0.6,0.8,258.333333,67.5,0.166131,0.043408,3.82716,True
Helicopters,155,54,2.87037,0.6,0.9,258.333333,60.0,0.166131,0.038585,4.305556,True
Helicopters,155,54,2.87037,0.6,1.0,258.333333,54.0,0.166131,0.034727,4.783951,True
Helicopters,155,54,2.87037,0.7,0.4,221.428571,135.0,0.142398,0.086817,1.640212,True
Helicopters,155,54,2.87037,0.7,0.5,221.428571,108.0,0.142398,0.069453,2.050265,True
Helicopters,155,54,2.87037,0.7,0.6,221.428571,90.0,0.142398,0.057878,2.460317,True
Helicopters,155,54,2.87037,0.7,0.7,221.428571,77.142857,0.142398,0.04961,2.87037,True
Helicopters,155,54,2.87037,0.7,0.8,221.428571,67.5,0.142398,0.043408,3.280423,True
Helicopters,155,54,2.87037,0.7,0.9,221.428571,60.0,0.142398,0.038585,3.690476,True
Helicopters,155,54,2.87037,0.7,1.0,221.428571,54.0,0.142398,0.034727,4.100529,True
Helicopters,155,54,2.87037,0.8,0.4,193.75,135.0,0.124598,0.086817,1.435185,True
Helicopters,155,54,2.87037,0.8,0.5,193.75,108.0,0.124598,0.069453,1.793981,True
Helicopters,155,54,2.87037,0.8,0.6,193.75,90.0,0.124598,0.057878,2.152778,True
Helicopters,155,54,2.87037,0.8,0.7,193.75,77.142857,0.124598,0.04961,2.511574,True
Helicopters,155,54,2.87037,0.8,0.8,193.75,67.5,0.124598,0.043408,2.87037,True
Helicopters,155,54,2.87037,0.8,0.9,193.75,60.0,0.124598,0.038585,3.229167,True
Helicopters,155,54,2.87037,0.8,1.0,193.75,54.0,0.124598,0.034727,3.587963,True
Helicopters,155,54,2.87037,0.9,0.4,172.222222,135.0,0.110754,0.086817,1.27572,True
Helicopters,155,54,2.87037,0.9,0.5,172.222222,108.0,0.110754,0.069453,1.59465,True
Helicopters,155,54,2.87037,0.9,0.6,172.222222,90.0,0.110754,0.057878,1.91358,True
Helicopters,155,54,2.87037,0.9,0.7,172.222222,77.142857,0.110754,0.04961,2.23251,True
Helicopters,155,54,2.87037,0.9,0.8,172.222222,67.5,0.110754,0.043408,2.55144,True
Helicopters,155,54,2.87037,0.9,0.9,172.222222,60.0,0.110754,0.038585,2.87037,True
Helicopters,155,54,2.87037,0.9,1.0,172.222222,54.0,0.110754,0.034727,3.1893,True
Helicopters,155,54,2.87037,1.0,0.4,155.0,135.0,0.099678,0.086817,1.148148,True
Helicopters,155,54,2.87037,1.0,0.5,155.0,108.0,0.099678,0.069453,1.435185,True
Helicopters,155,54,2.87037,1.0,0.6,155.0,90.0,0.099678,0.057878,1.722222,True
Helicopters,155,54,2.87037,1.0,0.7,155.0,77.142857,0.099678,0.04961,2.009259,True
Helicopters,155,54,2.87037,1.0,0.8,155.0,67.5,0.099678,0.043408,2.296296,True
Helicopters,155,54,2.87037,1.0,0.9,155.0,60.0,0.099678,0.038585,2.583333,True
Helicopters,155,54,2.87037,1.0,1.0,155.0,54.0,0.099678,0.034727,2.87037,True
Jammers And Deception Systems,95,12,7.916667,0.4,0.4,237.5,30.0,0.152733,0.019293,7.916667,True
Jammers And Deception Systems,95,12,7.916667,0.4,0.5,237.5,24.0,0.152733,0.015434,9.895833,True
Jammers And Deception Systems,95,12,7.916667,0.4,0.6,237.5,20.0,0.152733,0.012862,11.875,True
Jammers And Deception Systems,95,12,7.916667,0.4,0.7,237.5,17.142857,0.152733,0.011024,13.854167,True
Jammers And Deception Systems,95,12,7.916667,0.4,0.8,237.5,15.0,0.152733,0.009646,15.833333,True
Jammers And Deception Systems,95,12,7.916667,0.4,0.9,237.5,13.333333,0.152733,0.008574,17.8125,True
Jammers And Deception Systems,95,12,7.916667,0.4,1.0,237.5,12.0,0.152733,0.007717,19.791667,True
Jammers And Deception Systems,95,12,7.916667,0.5,0.4,190.0,30.0,0.122186,0.019293,6.333333,True
Jammers And Deception Systems,95,12,7.916667,0.5,0.5,190.0,24.0,0.122186,0.015434,7.916667,True
Jammers And Deception Systems,95,12,7.916667,0.5,0.6,190.0,20.0,0.122186,0.012862,9.5,True
Jammers And Deception Systems,95,12,7.916667,0.5,0.7,190.0,17.142857,0.122186,0.011024,11.083333,True
Jammers And Deception Systems,95,12,7.916667,0.5,0.8,190.0,15.0,0.122186,0.009646,12.666667,True
Jammers And Deception Systems,95,12,7.916667,0.5,0.9,190.0,13.333333,0.122186,0.008574,14.25,True
Jammers And Deception Systems,95,12,7.916667,0.5,1.0,190.0,12.0,0.122186,0.007717,15.833333,True
Jammers And Deception Systems,95,12,7.916667,0.6,0.4,158.333333,30.0,0.101822,0.019293,5.277778,True
Jammers And Deception Systems,95,12,7.916667,0.6,0.5,158.333333,24.0,0.101822,0.015434,6.597222,True
Jammers And Deception Systems,95,12,7.916667,0.6,0.6,158.333333,20.0,0.101822,0.012862,7.916667,True
Jammers And Deception Systems,95,12,7.916667,0.6,0.7,158.333333,17.142857,0.101822,0.011024,9.236111,True
Jammers And Deception Systems,95,12,7.916667,0.6,0.8,158.333333,15.0,0.101822,0.009646,10.555556,True
Jammers And Deception Systems,95,12,7.916667,0.6,0.9,158.333333,13.333333,0.101822,0.008574,11.875,True
Jammers And Deception Systems,95,12,7.916667,0.6,1.0,158.333333,12.0,0.101822,0.007717,13.194444,True
Jammers And Deception Systems,95,12,7.916667,0.7,0.4,135.714286,30.0,0.087276,0.019293,4.52381,True
Jammers And Deception Systems,95,12,7.916667,0.7,0.5,135.714286,24.0,0.087276,0.015434,5.654762,True
Jammers And Deception Systems,95,12,7.916667,0.7,0.6,135.714286,20.0,0.087276,0.012862,6.785714,True
Jammers And Deception Systems,95,12,7.916667,0.7,0.7,135.714286,17.142857,0.087276,0.011024,7.916667,True
Jammers And Deception Systems,95,12,7.916667,0.7,0.8,135.714286,15.0,0.087276,0.009646,9.047619,True
Jammers And Deception Systems,95,12,7.916667,0.7,0.9,135.714286,13.333333,0.087276,0.008574,10.178571,True
Jammers And Deception Systems,95,12,7.916667,0.7,1.0,135.714286,12.0,0.087276,0.007717,11.309524,True
Jammers And Deception Systems,95,12,7.916667,0.8,0.4,118.75,30.0,0.076367,0.019293,3.958333,True
Jammers And Deception Systems,95,12,7.916667,0.8,0.5,118.75,24.0,0.076367,0.015434,4.947917,True
Jammers And Deception Systems,95,12,7.916667,0.8,0.6,118.75,20.0,0.076367,0.012862,5.9375,True
Jammers And Deception Systems,95,12,7.916667,0.8,0.7,118.75,17.142857,0.076367,0.011024,6.927083,True
Jammers And Deception Systems,95,12,7.916667,0.8,0.8,118.75,15.0,0.076367,0.009646,7.916667,True
Jammers And Deception Systems,95,12,7.916667,0.8,0.9,118.75,13.333333,0.076367,0.008574,8.90625,True
Jammers And Deception Systems,95,12,7.916667,0.8,1.0,118.75,12.0,0.076367,0.007717,9.895833,True
Jammers And Deception Systems,95,12,7.916667,0.9,0.4,105.555556,30.0,0.067881,0.019293,3.518519,True
Jammers And Deception Systems,95,12,7.916667,0.9,0.5,105.555556,24.0,0.067881,0.015434,4.398148,True
Jammers And Deception Systems,95,12,7.916667,0.9,0.6,105.555556,20.0,0.067881,0.012862,5.277778,True
Jammers And Deception Systems,95,12,7.916667,0.9,0.7,105.555556,17.142857,0.067881,0.011024,6.157407,True
Jammers And Deception Systems,95,12,7.916667,0.9,0.8,105.555556,15.0,0.067881,0.009646,7.037037,True
Jammers And Deception Systems,95,12,7.916667,0.9,0.9,105.555556,13.333333,0.067881,0.008574,7.916667,True
Jammers And Deception Systems,95,12,7.916667,0.9,1.0,105.555556,12.0,0.067881,0.007717,8.796296,True
Jammers And Deception Systems,95,12,7.916667,1.0,0.4,95.0,30.0,0.061093,0.019293,3.166667,True
Jammers And Deception Systems,95,12,7.916667,1.0,0.5,95.0,24.0,0.061093,0.015434,3.958333,True
Jammers And Deception Systems,95,12,7.916667,1.0,0.6,95.0,20.0,0.061093,0.012862,4.75,True
Jammers And Deception Systems,95,12,7.916667,1.0,0.7,95.0,17.142857,0.061093,0.011024,5.541667,True
Jammers And Deception Systems,95,12,7.916667,1.0,0.8,95.0,15.0,0.061093,0.009646,6.333333,True
Jammers And Deception Systems,95,12,7.916667,1.0,0.9,95.0,13.333333,0.061093,0.008574,7.125,True
Jammers And Deception Systems,95,12,7.916667,1.0,1.0,95.0,12.0,0.061093,0.007717,7.916667,True
Anti-Aircraft Guns,68,8,8.5,0.4,0.4,170.0,20.0,0.109325,0.012862,8.5,True
Anti-Aircraft Guns,68,8,8.5,0.4,0.5,170.0,16.0,0.109325,0.010289,10.625,True
Anti-Aircraft Guns,68,8,8.5,0.4,0.6,170.0,13.333333,0.109325,0.008574,12.75,True
Anti-Aircraft Guns,68,8,8.5,0.4,0.7,170.0,11.428571,0.109325,0.00735,14.875,True
Anti-Aircraft Guns,68,8,8.5,0.4,0.8,170.0,10.0,0.109325,0.006431,17.0,True
Anti-Aircraft Guns,68,8,8.5,0.4,0.9,170.0,8.888889,0.109325,0.005716,19.125,True
Anti-Aircraft Guns,68,8,8.5,0.4,1.0,170.0,8.0,0.109325,0.005145,21.25,True
Anti-Aircraft Guns,68,8,8.5,0.5,0.4,136.0,20.0,0.08746,0.012862,6.8,True
Anti-Aircraft Guns,68,8,8.5,0.5,0.5,136.0,16.0,0.08746,0.010289,8.5,True
Anti-Aircraft Guns,68,8,8.5,0.5,0.6,136.0,13.333333,0.08746,0.008574,10.2,True
Anti-Aircraft Guns,68,8,8.5,0.5,0.7,136.0,11.428571,0.08746,0.00735,11.9,True
Anti-Aircraft Guns,68,8,8.5,0.5,0.8,136.0,10.0,0.08746,0.006431,13.6,True
Anti-Aircraft Guns,68,8,8.5,0.5,0.9,136.0,8.888889,0.08746,0.005716,15.3,True
Anti-Aircraft Guns,68,8,8.5,0.5,1.0,136.0,8.0,0.08746,0.005145,17.0,True
Anti-Aircraft Guns,68,8,8.5,0.6,0.4,113.333333,20.0,0.072883,0.012862,5.666667,True
Anti-Aircraft Guns,68,8,8.5,0.6,0.5,113.333333,16.0,0.072883,0.010289,7.083333,True
Anti-Aircraft Guns,68,8,8.5,0.6,0.6,113.333333,13.333333,0.072883,0.008574,8.5,True
Anti-Aircraft Guns,68,8,8.5,0.6,0.7,113.333333,11.428571,0.072883,0.00735,9.916667,True
Anti-Aircraft Guns,68,8,8.5,0.6,0.8,113.333333,10.0,0.072883,0.006431,11.333333,True
Anti-Aircraft Guns,68,8,8.5,0.6,0.9,113.333333,8.888889,0.072883,0.005716,12.75,True
Anti-Aircraft Guns,68,8,8.5,0.6,1.0,113.333333,8.0,0.072883,0.005145,14.166667,True
Anti-Aircraft Guns,68,8,8.5,0.7,0.4,97.142857,20.0,0.062471,0.012862,4.857143,True
Anti-Aircraft Guns,68,8,8.5,0.7,0.5,97.142857,16.0,0.062471,0.010289,6.071429,True
Anti-Aircraft Guns,68,8,8.5,0.7,0.6,97.142857,13.333333,0.062471,0.008574,7.285714,True
Anti-Aircraft Guns,68,8,8.5,0.7,0.7,97.142857,11.428571,0.062471,0.00735,8.5,True
Anti-Aircraft Guns,68,8,8.5,0.7,0.8,97.142857,10.0,0.062471,0.006431,9.714286,True
Anti-Aircraft Guns,68,8,8.5,0.7,0.9,97.142857,8.888889,0.062471,0.005716,10.928571,True
Anti-Aircraft Guns,68,8,8.5,0.7,1.0,97.142857,8.0,0.062471,0.005145,12.142857,True
Anti-Aircraft Guns,68,8,8.5,0.8,0.4,85.0,20.0,0.054662,0.012862,4.25,True
Anti-Aircraft Guns,68,8,8.5,0.8,0.5,85.0,16.0,0.054662,0.010289,5.3125,True
Anti-Aircraft Guns,68,8,8.5,0.8,0.6,85.0,13.333333,0.054662,0.008574,6.375,True
Anti-Aircraft Guns,68,8,8.5,0.8,0.7,85.0,11.428571,0.054662,0.00735,7.4375,True
Anti-Aircraft Guns,68,8,8.5,0.8,0.8,85.0,10.0,0.054662,0.006431,8.5,True
Anti-Aircraft Guns,68,8,8.5,0.8,0.9,85.0,8.888889,0.054662,0.005716,9.5625,True
Anti-Aircraft Guns,68,8,8.5,0.8,1.0,85.0,8.0,0.054662,0.005145,10.625,True
Anti-Aircraft Guns,68,8,8.5,0.9,0.4,75.555556,20.0,0.048589,0.012862,3.777778,True
Anti-Aircraft Guns,68,8,8.5,0.9,0.5,75.555556,16.0,0.048589,0.010289,4.722222,True
Anti-Aircraft Guns,68,8,8.5,0.9,0.6,75.555556,13.333333,0.048589,0.008574,5.666667,True
Anti-Aircraft Guns,68,8,8.5,0.9,0.7,75.555556,11.428571,0.048589,0.00735,6.611111,True
Anti-Aircraft Guns,68,8,8.5,0.9,0.8,75.555556,10.0,0.048589,0.006431,7.555556,True
Anti-Aircraft Guns,68,8,8.5,0.9,0.9,75.555556,8.888889,0.048589,0.005716,8.5,True
Anti-Aircraft Guns,68,8,8.5,0.9,1.0,75.555556,8.0,0.048589,0.005145,9.444444,True
Anti-Aircraft Guns,68,8,8.5,1.0,0.4,68.0,20.0,0.04373,0.012862,3.4,True
Anti-Aircraft Guns,68,8,8.5,1.0,0.5,68.0,16.0,0.04373,0.010289,4.25,True
Anti-Aircraft Guns,68,8,8.5,1.0,0.6,68.0,13.333333,0.04373,0.008574,5.1,True
Anti-Aircraft Guns,68,8,8.5,1.0,0.7,68.0,11.428571,0.04373,0.00735,5.95,True
Anti-Aircraft Guns,68,8,8.5,1.0,0.8,68.0,10.0,0.04373,0.006431,6.8,True
Anti-Aircraft Guns,68,8,8.5,1.0,0.9,68.0,8.888889,0.04373,0.005716,7.65,True
Anti-Aircraft Guns,68,8,8.5,1.0,1.0,68.0,8.0,0.04373,0.005145,8.5,True
Self-Propelled Anti-Aircraft Guns,25,49,0.510204,0.4,0.4,62.5,122.5,0.040193,0.078778,0.510204,False
Self-Propelled Anti-Aircraft Guns,25,49,0.510204,0.4,0.5,62.5,98.0,0.040193,0.063023,0.637755,False
Self-Propelled Anti-Aircraft Guns,25,49,0.510204,0.4,0.6,62.5,81.666667,0.040193,0.052519,0.765306,False
Self-Propelled Anti-Aircraft Guns,25,49,0.510204,0.4,0.7,62.5,70.0,0.040193,0.045016,0.892857,False
Self-Propelled Anti-Aircraft Guns,25,49,0.510204,0.4,0.8,62.5,61.25,0.040193,0.039389,1.020408,True
Self-Propelled Anti-Aircraft Guns,25,49,0.510204,0.4,0.9,62.5,54.444444,0.040193,0.035013,1.147959,True
Self-Propelled Anti-Aircraft Guns,25,49,0.510204,0.4,1.0,62.5,49.0,0.040193,0.031511,1.27551,True
Self-Propelled Anti-Aircraft Guns,25,49,0.510204,0.5,0.4,50.0,122.5,0.032154,0.078778,0.408163,False
Self-Propelled Anti-Aircraft Guns,25,49,0.510204,0.5,0.5,50.0,98.0,0.032154,0.063023,0.510204,False
Self-Propelled Anti-Aircraft Guns,25,49,0.510204,0.5,0.6,50.0,81.666667,0.032154,0.052519,0.612245,False
Self-Propelled Anti-Aircraft Guns,25,49,0.510204,0.5,0.7,50.0,70.0,0.032154,0.045016,0.714286,False
Self-Propelled Anti-Aircraft Guns,25,49,0.510204,0.5,0.8,50.0,61.25,0.032154,0.039389,0.816327,False
Self-Propelled Anti-Aircraft Guns,25,49,0.510204,0.5,0.9,50.0,54.444444,0.032154,0.035013,0.918367,False
Self-Propelled Anti-Aircraft Guns,25,49,0.510204,0.5,1.0,50.0,49.0,0.032154,0.031511,1.020408,True
Self-Propelled Anti-Aircraft Guns,25,49,0.510204,0.6,0.4,41.666667,122.5,0.026795,0.078778,0.340136,False
Self-Propelled Anti-Aircraft Guns,25,49,0.510204,0.6,0.5,41.666667,98.0,0.026795,0.063023,0.42517,False
Self-Propelled Anti-Aircraft Guns,25,49,0.510204,0.6,0.6,41.666667,81.666667,0.026795,0.052519,0.510204,False
Self-Propelled Anti-Aircraft Guns,25,49,0.510204,0.6,0.7,41.666667,70.0,0.026795,0.045016,0.595238,False
Self-Propelled Anti-Aircraft Guns,25,49,0.510204,0.6,0.8,41.666667,61.25,0.026795,0.039389,0.680272,False
Self-Propelled Anti-Aircraft Guns,25,49,0.510204,0.6,0.9,41.666667,54.444444,0.026795,0.035013,0.765306,False
Self-Propelled Anti-Aircraft Guns,25,49,0.510204,0.6,1.0,41.666667,49.0,0.026795,0.031511,0.85034,False
Self-Propelled Anti-Aircraft Guns,25,49,0.510204,0.7,0.4,35.714286,122.5,0.022967,0.078778,0.291545,False
Self-Propelled Anti-Aircraft Guns,25,49,0.510204,0.7,0.5,35.714286,98.0,0.022967,0.063023,0.364431,False
Self-Propelled Anti-Aircraft Guns,25,49,0.510204,0.7,0.6,35.714286,81.666667,0.022967,0.052519,0.437318,False
Self-Propelled Anti-Aircraft Guns,25,49,0.510204,0.7,0.7,35.714286,70.0,0.022967,0.045016,0.510204,False
Self-Propelled Anti-Aircraft Guns,25,49,0.510204,0.7,0.8,35.714286,61.25,0.022967,0.039389,0.58309,False
Self-Propelled Anti-Aircraft Guns,25,49,0.510204,0.7,0.9,35.714286,54.444444,0.022967,0.035013,0.655977,False
Self-Propelled Anti-Aircraft Guns,25,49,0.510204,0.7,1.0,35.714286,49.0,0.022967,0.031511,0.728863,False
Self-Propelled Anti-Aircraft Guns,25,49,0.510204,0.8,0.4,31.25,122.5,0.020096,0.078778,0.255102,False
Self-Propelled Anti-Aircraft Guns,25,49,0.510204,0.8,0.5,31.25,98.0,0.020096,0.063023,0.318878,False
Self-Propelled Anti-Aircraft Guns,25,49,0.510204,0.8,0.6,31.25,81.666667,0.020096,0.052519,0.382653,False
Self-Propelled Anti-Aircraft Guns,25,49,0.510204,0.8,0.7,31.25,70.0,0.020096,0.045016,0.446429,False
Self-Propelled Anti-Aircraft Guns,25,49,0.510204,0.8,0.8,31.25,61.25,0.020096,0.039389,0.510204,False
Self-Propelled Anti-Aircraft Guns,25,49,0.510204,0.8,0.9,31.25,54.444444,0.020096,0.035013,0.57398,False
Self-Propelled Anti-Aircraft Guns,25,49,0.510204,0.8,1.0,31.25,49.0,0.020096,0.031511,0.637755,False
Self-Propelled Anti-Aircraft Guns,25,49,0.510204,0.9,0.4,27.777778,122.5,0.017864,0.078778,0.226757,False
Self-Propelled Anti-Aircraft Guns,25,49,0.510204,0.9,0.5,27.777778,98.0,0.017864,0.063023,0.283447,False
Self-Propelled Anti-Aircraft Guns,25,49,0.510204,0.9,0.6,27.777778,81.666667,0.017864,0.052519,0.340136,False
Self-Propelled Anti-Aircraft Guns,25,49,0.510204,0.9,0.7,27.777778,70.0,0.017864,0.045016,0.396825,False
Self-Propelled Anti-Aircraft Guns,25,49,0.510204,0.9,0.8,27.777778,61.25,0.017864,0.039389,0.453515,False
Self-Propelled Anti-Aircraft Guns,25,49,0.510204,0.9,0.9,27.777778,54.444444,0.017864,0.035013,0.510204,False
Self-Propelled Anti-Aircraft Guns,25,49,0.510204,0.9,1.0,27.777778,49.0,0.017864,0.031511,0.566893,False
Self-Propelled Anti-Aircraft Guns,25,49,0.510204,1.0,0.4,25.0,122.5,0.016077,0.078778,0.204082,False
Self-Propelled Anti-Aircraft Guns,25,49,0.510204,1.0,0.5,25.0,98.0,0.016077,0.063023,0.255102,False
Self-Propelled Anti-Aircraft Guns,25,49,0.510204,1.0,0.6,25.0,81.666667,0.016077,0.052519,0.306122,False
Self-Propelled Anti-Aircraft Guns,25,49,0.510204,1.0,0.7,25.0,70.0,0.016077,0.045016,0.357143,False
Self-Propelled Anti-Aircraft Guns,25,49,0.510204,1.0,0.8,25.0,61.25,0.016077,0.039389,0.408163,False
Self-Propelled Anti-Aircraft Guns,25,49,0.510204,1.0,0.9,25.0,54.444444,0.016077,0.035013,0.459184,False
Self-Propelled Anti-Aircraft Guns,25,49,0.510204,1.0,1.0,25.0,49.0,0.016077,0.031511,0.510204,False
Naval Ships and Submarines,32,36,0.888889,0.4,0.4,80.0,90.0,0.051447,0.057878,0.888889,False
Naval Ships and Submarines,32,36,0.888889,0.4,0.5,80.0,72.0,0.051447,0.046302,1.111111,True
Naval Ships and Submarines,32,36,0.888889,0.4,0.6,80.0,60.0,0.051447,0.038585,1.333333,True
Naval Ships and Submarines,32,36,0.888889,0.4,0.7,80.0,51.428571,0.051447,0.033073,1.555556,True
Naval Ships and Submarines,32,36,0.888889,0.4,0.8,80.0,45.0,0.051447,0.028939,1.777778,True
Naval Ships and Submarines,32,36,0.888889,0.4,0.9,80.0,40.0,0.051447,0.025723,2.0,True
Naval Ships and Submarines,32,36,0.888889,0.4,1.0,80.0,36.0,0.051447,0.023151,2.222222,True
Naval Ships and Submarines,32,36,0.888889,0.5,0.4,64.0,90.0,0.041158,0.057878,0.711111,False
Naval Ships and Submarines,32,36,0.888889,0.5,0.5,64.0,72.0,0.041158,0.046302,0.888889,False
Naval Ships and Submarines,32,36,0.888889,0.5,0.6,64.0,60.0,0.041158,0.038585,1.066667,True
Naval Ships and Submarines,32,36,0.888889,0.5,0.7,64.0,51.428571,0.041158,0.033073,1.244444,True
Naval Ships and Submarines,32,36,0.888889,0.5,0.8,64.0,45.0,0.041158,0.028939,1.422222,True
Naval Ships and Submarines,32,36,0.888889,0.5,0.9,64.0,40.0,0.041158,0.025723,1.6,True
Naval Ships and Submarines,32,36,0.888889,0.5,1.0,64.0,36.0,0.041158,0.023151,1.777778,True
Naval Ships and Submarines,32,36,0.888889,0.6,0.4,53.333333,90.0,0.034298,0.057878,0.592593,False
Naval Ships and Submarines,32,36,0.888889,0.6,0.5,53.333333,72.0,0.034298,0.046302,0.740741,False
Naval Ships and Submarines,32,36,0.888889,0.6,0.6,53.333333,60.0,0.034298,0.038585,0.888889,False
Naval Ships and Submarines,32,36,0.888889,0.6,0.7,53.333333,51.428571,0.034298,0.033073,1.037037,True
Naval Ships and Submarines,32,36,0.888889,0.6,0.8,53.333333,45.0,0.034298,0.028939,1.185185,True
Naval Ships and Submarines,32,36,0.888889,0.6,0.9,53.333333,40.0,0.034298,0.025723,1.333333,True
Naval Ships and Submarines,32,36,0.888889,0.6,1.0,53.333333,36.0,0.034298,0.023151,1.481481,True
Naval Ships and Submarines,32,36,0.888889,0.7,0.4,45.714286,90.0,0.029398,0.057878,0.507937,False
Naval Ships and Submarines,32,36,0.888889,0.7,0.5,45.714286,72.0,0.029398,0.046302,0.634921,False
Naval Ships and Submarines,32,36,0.888889,0.7,0.6,45.714286,60.0,0.029398,0.038585,0.761905,False
Naval Ships and Submarines,32,36,0.888889,0.7,0.7,45.714286,51.428571,0.029398,0.033073,0.888889,False
Naval Ships and Submarines,32,36,0.888889,0.7,0.8,45.714286,45.0,0.029398,0.028939,1.015873,True
Naval Ships and Submarines,32,36,0.888889,0.7,0.9,45.714286,40.0,0.029398,0.025723,1.142857,True
Naval Ships and Submarines,32,36,0.888889,0.7,1.0,45.714286,36.0,0.029398,0.023151,1.269841,True
Naval Ships and Submarines,32,36,0.888889,0.8,0.4,40.0,90.0,0.025723,0.057878,0.444444,False
Naval Ships and Submarines,32,36,0.888889,0.8,0.5,40.0,72.0,0.025723,0.046302,0.555556,False
Naval Ships and Submarines,32,36,0.888889,0.8,0.6,40.0,60.0,0.025723,0.038585,0.666667,False
Naval Ships and Submarines,32,36,0.888889,0.8,0.7,40.0,51.428571,0.025723,0.033073,0.777778,False
Naval Ships and Submarines,32,36,0.888889,0.8,0.8,40.0,45.0,0.025723,0.028939,0.888889,False
Naval Ships and Submarines,32,36,0.888889,0.8,0.9,40.0,40.0,0.025723,0.025723,1.0,False
Naval Ships and Submarines,32,36,0.888889,0.8,1.0,40.0,36.0,0.025723,0.023151,1.111111,True
Naval Ships and Submarines,32,36,0.888889,0.9,0.4,35.555556,90.0,0.022865,0.057878,0.395062,False
Naval Ships and Submarines,32,36,0.888889,0.9,0.5,35.555556,72.0,0.022865,0.046302,0.493827,False
Naval Ships and Submarines,32,36,0.888889,0.9,0.6,35.555556,60.0,0.022865,0.038585,0.592593,False
Naval Ships and Submarines,32,36,0.888889,0.9,0.7,35.555556,51.428571,0.022865,0.033073,0.691358,False
Naval Ships and Submarines,32,36,0.888889,0.9,0.8,35.555556,45.0,0.022865,0.028939,0.790123,False
Naval Ships and Submarines,32,36,0.888889,0.9,0.9,35.555556,40.0,0.022865,0.025723,0.888889,False
Naval Ships and Submarines,32,36,0.888889,0.9,1.0,35.555556,36.0,0.022865,0.023151,0.987654,False
Naval Ships and Submarines,32,36,0.888889,1.0,0.4,32.0,90.0,0.020579,0.057878,0.355556,False
Naval Ships and Submarines,32,36,0.888889,1.0,0.5,32.0,72.0,0.020579,0.046302,0.444444,False
Naval Ships and Submarines,32,36,0.888889,1.0,0.6,32.0,60.0,0.020579,0.038585,0.533333,False
Naval Ships and Submarines,32,36,0.888889,1.0,0.7,32.0,51.428571,0.020579,0.033073,0.622222,False
Naval Ships and Submarines,32,36,0.888889,1.0,0.8,32.0,45.0,0.020579,0.028939,0.711111,False
Naval Ships and Submarines,32,36,0.888889,1.0,0.9,32.0,40.0,0.020579,0.025723,0.8,False
Naval Ships and Submarines,32,36,0.888889,1.0,1.0,32.0,36.0,0.020579,0.023151,0.888889,False
Self-Propelled Anti-Tank Missile Systems,47,19,2.473684,0.4,0.4,117.5,47.5,0.075563,0.030547,2.473684,True
Self-Propelled Anti-Tank Missile Systems,47,19,2.473684,0.4,0.5,117.5,38.0,0.075563,0.024437,3.092105,True
Self-Propelled Anti-Tank Missile Systems,47,19,2.473684,0.4,0.6,117.5,31.666667,0.075563,0.020364,3.710526,True
Self-Propelled Anti-Tank Missile Systems,47,19,2.473684,0.4,0.7,117.5,27.142857,0.075563,0.017455,4.328947,True
Self-Propelled Anti-Tank Missile Systems,47,19,2.473684,0.4,0.8,117.5,23.75,0.075563,0.015273,4.947368,True
Self-Propelled Anti-Tank Missile Systems,47,19,2.473684,0.4,0.9,117.5,21.111111,0.075563,0.013576,5.565789,True
Self-Propelled Anti-Tank Missile Systems,47,19,2.473684,0.4,1.0,117.5,19.0,0.075563,0.012219,6.184211,True
Self-Propelled Anti-Tank Missile Systems,47,19,2.473684,0.5,0.4,94.0,47.5,0.06045,0.030547,1.978947,True
Self-Propelled Anti-Tank Missile Systems,47,19,2.473684,0.5,0.5,94.0,38.0,0.06045,0.024437,2.473684,True
Self-Propelled Anti-Tank Missile Systems,47,19,2.473684,0.5,0.6,94.0,31.666667,0.06045,0.020364,2.968421,True
Self-Propelled Anti-Tank Missile Systems,47,19,2.473684,0.5,0.7,94.0,27.142857,0.06045,0.017455,3.463158,True
Self-Propelled Anti-Tank Missile Systems,47,19,2.473684,0.5,0.8,94.0,23.75,0.06045,0.015273,3.957895,True
Self-Propelled Anti-Tank Missile Systems,47,19,2.473684,0.5,0.9,94.0,21.111111,0.06045,0.013576,4.452632,True
Self-Propelled Anti-Tank Missile Systems,47,19,2.473684,0.5,1.0,94.0,19.0,0.06045,0.012219,4.947368,True
Self-Propelled Anti-Tank Missile Systems,47,19,2.473684,0.6,0.4,78.333333,47.5,0.050375,0.030547,1.649123,True
Self-Propelled Anti-Tank Missile Systems,47,19,2.473684,0.6,0.5,78.333333,38.0,0.050375,0.024437,2.061404,True
Self-Propelled Anti-Tank Missile Systems,47,19,2.473684,0.6,0.6,78.333333,31.666667,0.050375,0.020364,2.473684,True
Self-Propelled Anti-Tank Missile Systems,47,19,2.473684,0.6,0.7,78.333333,27.142857,0.050375,0.017455,2.885965,True
Self-Propelled Anti-Tank Missile Systems,47,19,2.473684,0.6,0.8,78.333333,23.75,0.050375,0.015273,3.298246,True
Self-Propelled Anti-Tank Missile Systems,47,19,2.473684,0.6,0.9,78.333333,21.111111,0.050375,0.013576,3.710526,True
Self-Propelled Anti-Tank Missile Systems,47,19,2.473684,0.6,1.0,78.333333,19.0,0.050375,0.012219,4.122807,True
Self-Propelled Anti-Tank Missile Systems,47,19,2.473684,0.7,0.4,67.142857,47.5,0.043179,0.030547,1.413534,True
Self-Propelled Anti-Tank Missile Systems,47,19,2.473684,0.7,0.5,67.142857,38.0,0.043179,0.024437,1.766917,True
Self-Propelled Anti-Tank Missile Systems,47,19,2.473684,0.7,0.6,67.142857,31.666667,0.043179,0.020364,2.120301,True
Self-Propelled Anti-Tank Missile Systems,47,19,2.473684,0.7,0.7,67.142857,27.142857,0.043179,0.017455,2.473684,True
Self-Propelled Anti-Tank Missile Systems,47,19,2.473684,0.7,0.8,67.142857,23.75,0.043179,0.015273,2.827068,True
Self-Propelled Anti-Tank Missile Systems,47,19,2.473684,0.7,0.9,67.142857,21.111111,0.043179,0.013576,3.180451,True
Self-Propelled Anti-Tank Missile Systems,47,19,2.473684,0.7,1.0,67.142857,19.0,0.043179,0.012219,3.533835,True
Self-Propelled Anti-Tank Missile Systems,47,19,2.473684,0.8,0.4,58.75,47.5,0.037781,0.030547,1.236842,True
Self-Propelled Anti-Tank Missile Systems,47,19,2.473684,0.8,0.5,58.75,38.0,0.037781,0.024437,1.546053,True
Self-Propelled Anti-Tank Missile Systems,47,19,2.473684,0.8,0.6,58.75,31.666667,0.037781,0.020364,1.855263,True
Self-Propelled Anti-Tank Missile Systems,47,19,2.473684,0.8,0.7,58.75,27.142857,0.037781,0.017455,2.164474,True
Self-Propelled Anti-Tank Missile Systems,47,19,2.473684,0.8,0.8,58.75,23.75,0.037781,0.015273,2.473684,True
Self-Propelled Anti-Tank Missile Systems,47,19,2.473684,0.8,0.9,58.75,21.111111,0.037781,0.013576,2.782895,True
Self-Propelled Anti-Tank Missile Systems,47,19,2.473684,0.8,1.0,58.75,19.0,0.037781,0.012219,3.092105,True
Self-Propelled Anti-Tank Missile Systems,47,19,2.473684,0.9,0.4,52.222222,47.5,0.033583,0.030547,1.099415,True
Self-Propelled Anti-Tank Missile Systems,47,19,2.473684,0.9,0.5,52.222222,38.0,0.033583,0.024437,1.374269,True
Self-Propelled Anti-Tank Missile Systems,47,19,2.473684,0.9,0.6,52.222222,31.666667,0.033583,0.020364,1.649123,True
Self-Propelled Anti-Tank Missile Systems,47,19,2.473684,0.9,0.7,52.222222,27.142857,0.033583,0.017455,1.923977,True
Self-Propelled Anti-Tank Missile Systems,47,19,2.473684,0.9,0.8,52.222222,23.75,0.033583,0.015273,2.19883,True
Self-Propelled Anti-Tank Missile Systems,47,19,2.473684,0.9,0.9,52.222222,21.111111,0.033583,0.013576,2.473684,True
Self-Propelled Anti-Tank Missile Systems,47,19,2.473684,0.9,1.0,52.222222,19.0,0.033583,0.012219,2.748538,True
Self-Propelled Anti-Tank Missile Systems,47,19,2.473684,1.0,0.4,47.0,47.5,0.030225,0.030547,0.989474,False
Self-Propelled Anti-Tank Missile Systems,47,19,2.473684,1.0,0.5,47.0,38.0,0.030225,0.024437,1.236842,True
Self-Propelled Anti-Tank Missile Systems,47,19,2.473684,1.0,0.6,47.0,31.666667,0.030225,0.020364,1.484211,True
Self-Propelled Anti-Tank Missile Systems,47,19,2.473684,1.0,0.7,47.0,27.142857,0.030225,0.017455,1.731579,True
Self-Propelled Anti-Tank Missile Systems,47,19,2.473684,1.0,0.8,47.0,23.75,0.030225,0.015273,1.978947,True
Self-Propelled Anti-Tank Missile Systems,47,19,2.473684,1.0,0.9,47.0,21.111111,0.030225,0.013576,2.226316,True
Self-Propelled Anti-Tank Missile Systems,47,19,2.473684,1.0,1.0,47.0,19.0,0.030225,0.012219,2.473684,True
Unmanned Combat Aerial Vehicles,21,26,0.807692,0.4,0.4,52.5,65.0,0.033762,0.041801,0.807692,False
Unmanned Combat Aerial Vehicles,21,26,0.807692,0.4,0.5,52.5,52.0,0.033762,0.033441,1.009615,True
Unmanned Combat Aerial Vehicles,21,26,0.807692,0.4,0.6,52.5,43.333333,0.033762,0.027867,1.211538,True
Unmanned Combat Aerial Vehicles,21,26,0.807692,0.4,0.7,52.5,37.142857,0.033762,0.023886,1.413462,True
Unmanned Combat Aerial Vehicles,21,26,0.807692,0.4,0.8,52.5,32.5,0.033762,0.0209,1.615385,True
Unmanned Combat Aerial Vehicles,21,26,0.807692,0.4,0.9,52.5,28.888889,0.033762,0.018578,1.817308,True
Unmanned Combat Aerial Vehicles,21,26,0.807692,0.4,1.0,52.5,26.0,0.033762,0.01672,2.019231,True
Unmanned Combat Aerial Vehicles,21,26,0.807692,0.5,0.4,42.0,65.0,0.02701,0.041801,0.646154,False
Unmanned Combat Aerial Vehicles,21,26,0.807692,0.5,0.5,42.0,52.0,0.02701,0.033441,0.807692,False
Unmanned Combat Aerial Vehicles,21,26,0.807692,0.5,0.6,42.0,43.333333,0.02701,0.027867,0.969231,False
Unmanned Combat Aerial Vehicles,21,26,0.807692,0.5,0.7,42.0,37.142857,0.02701,0.023886,1.130769,True
Unmanned Combat Aerial Vehicles,21,26,0.807692,0.5,0.8,42.0,32.5,0.02701,0.0209,1.292308,True
Unmanned Combat Aerial Vehicles,21,26,0.807692,0.5,0.9,42.0,28.888889,0.02701,0.018578,1.453846,True
Unmanned Combat Aerial Vehicles,21,26,0.807692,0.5,1.0,42.0,26.0,0.02701,0.01672,1.615385,True
Unmanned Combat Aerial Vehicles,21,26,0.807692,0.6,0.4,35.0,65.0,0.022508,0.041801,0.538462,False
Unmanned Combat Aerial Vehicles,21,26,0.807692,0.6,0.5,35.0,52.0,0.022508,0.033441,0.673077,False
Unmanned Combat Aerial Vehicles,21,26,0.807692,0.6,0.6,35.0,43.333333,0.022508,0.027867,0.807692,False
Unmanned Combat Aerial Vehicles,21,26,0.807692,0.6,0.7,35.0,37.142857,0.022508,0.023886,0.942308,False
Unmanned Combat Aerial Vehicles,21,26,0.807692,0.6,0.8,35.0,32.5,0.022508,0.0209,1.076923,True
Unmanned Combat Aerial Vehicles,21,26,0.807692,0.6,0.9,35.0,28.888889,0.022508,0.018578,1.211538,True
Unmanned Combat Aerial Vehicles,21,26,0.807692,0.6,1.0,35.0,26.0,0.022508,0.01672,1.346154,True
Unmanned Combat Aerial Vehicles,21,26,0.807692,0.7,0.4,30.0,65.0,0.019293,0.041801,0.461538,False
Unmanned Combat Aerial Vehicles,21,26,0.807692,0.7,0.5,30.0,52.0,0.019293,0.033441,0.576923,False
Unmanned Combat Aerial Vehicles,21,26,0.807692,0.7,0.6,30.0,43.333333,0.019293,0.027867,0.692308,False
Unmanned Combat Aerial Vehicles,21,26,0.807692,0.7,0.7,30.0,37.142857,0.019293,0.023886,0.807692,False
Unmanned Combat Aerial Vehicles,21,26,0.807692,0.7,0.8,30.0,32.5,0.019293,0.0209,0.923077,False
Unmanned Combat Aerial Vehicles,21,26,0.807692,0.7,0.9,30.0,28.888889,0.019293,0.018578,1.038462,True
Unmanned Combat Aerial Vehicles,21,26,0.807692,0.7,1.0,30.0,26.0,0.019293,0.01672,1.153846,True
Unmanned Combat Aerial Vehicles,21,26,0.807692,0.8,0.4,26.25,65.0,0.016881,0.041801,0.403846,False
Unmanned Combat Aerial Vehicles,21,26,0.807692,0.8,0.5,26.25,52.0,0.016881,0.033441,0.504808,False
Unmanned Combat Aerial Vehicles,21,26,0.807692,0.8,0.6,26.25,43.333333,0.016881,0.027867,0.605769,False
Unmanned Combat Aerial Vehicles,21,26,0.807692,0.8,0.7,26.25,37.142857,0.016881,0.023886,0.706731,False
Unmanned Combat Aerial Vehicles,21,26,0.807692,0.8,0.8,26.25,32.5,0.016881,0.0209,0.807692,False
Unmanned Combat Aerial Vehicles,21,26,0.807692,0.8,0.9,26.25,28.888889,0.016881,0.018578,0.908654,False
Unmanned Combat Aerial Vehicles,21,26,0.807692,0.8,1.0,26.25,26.0,0.016881,0.01672,1.009615,True
Unmanned Combat Aerial Vehicles,21,26,0.807692,0.9,0.4,23.333333,65.0,0.015005,0.041801,0.358974,False
Unmanned Combat Aerial Vehicles,21,26,0.807692,0.9,0.5,23.333333,52.0,0.015005,0.033441,0.448718,False
Unmanned Combat Aerial Vehicles,21,26,0.807692,0.9,0.6,23.333333,43.333333,0.015005,0.027867,0.538462,False
Unmanned Combat Aerial Vehicles,21,26,0.807692,0.9,0.7,23.333333,37.142857,0.015005,0.023886,0.628205,False
Unmanned Combat Aerial Vehicles,21,26,0.807692,0.9,0.8,23.333333,32.5,0.015005,0.0209,0.717949,False
Unmanned Combat Aerial Vehicles,21,26,0.807692,0.9,0.9,23.333333,28.888889,0.015005,0.018578,0.807692,False
Unmanned Combat Aerial Vehicles,21,26,0.807692,0.9,1.0,23.333333,26.0,0.015005,0.01672,0.897436,False
Unmanned Combat Aerial Vehicles,21,26,0.807692,1.0,0.4,21.0,65.0,0.013505,0.041801,0.323077,False
Unmanned Combat Aerial Vehicles,21,26,0.807692,1.0,0.5,21.0,52.0,0.013505,0.033441,0.403846,False
Unmanned Combat Aerial Vehicles,21,26,0.807692,1.0,0.6,21.0,43.333333,0.013505,0.027867,0.484615,False
Unmanned Combat Aerial Vehicles,21,26,0.807692,1.0,0.7,21.0,37.142857,0.013505,0.023886,0.565385,False
Unmanned Combat Aerial Vehicles,21,26,0.807692,1.0,0.8,21.0,32.5,0.013505,0.0209,0.646154,False
Unmanned Combat Aerial Vehicles,21,26,0.807692,1.0,0.9,21.0,28.888889,0.013505,0.018578,0.726923,False
Unmanned Combat Aerial Vehicles,21,26,0.807692,1.0,1.0,21.0,26.0,0.013505,0.01672,0.807692,False
