replicate,rate_per_day,rate_per_30_days
1,15.014734,450.442024
2,14.485586,434.567585
3,14.282511,428.475336
4,14.002562,420.076874
5,15.341448,460.243434
6,13.746316,412.389494
7,14.928251,447.847534
8,12.565022,376.950673
9,15.471493,464.144779
10,15.793722,473.811659
11,14.34401,430.320307
12,13.914798,417.443946
13,15.608584,468.257527
14,14.263293,427.898783
15,14.399744,431.992313
16,14.511211,435.336323
17,15.593209,467.796284
18,17.023062,510.691864
19,14.631006,438.930173
20,13.28123,398.436899
21,14.169122,425.073671
22,14.356182,430.685458
23,14.564382,436.931454
24,14.438821,433.164638
25,14.431775,432.953235
26,15.12492,453.747598
27,15.388853,461.665599
28,15.23959,457.1877
29,15.845612,475.368354
30,14.360666,430.819987
31,14.916079,447.482383
32,14.099295,422.97886
33,15.805253,474.157591
34,14.815503,444.465086
35,13.415759,402.472774
36,14.211403,426.342088
37,13.213325,396.399744
38,15.144779,454.34337
39,14.506086,435.182575
40,15.090967,452.72902
41,13.899423,416.982703
42,16.178091,485.342729
43,13.493914,404.817425
44,15.480461,464.413837
45,16.591928,497.757848
46,15.622037,468.661115
47,12.951313,388.539398
48,13.616272,408.488149
49,16.474696,494.240871
50,15.057655,451.72966
51,15.379885,461.396541
52,15.899423,476.982703
53,13.034593,391.037796
54,15.673927,470.217809
55,14.245356,427.360666
56,14.841768,445.253043
57,13.825112,414.753363
58,13.368994,401.069827
59,13.04164,391.249199
60,13.17745,395.323511
61,13.602819,408.084561
62,15.007047,450.211403
63,15.479821,464.394619
64,14.630365,438.910955
65,15.284433,458.532992
66,15.281871,458.456118
67,15.180013,455.400384
68,13.923126,417.693786
69,15.475977,464.279308
70,14.737988,442.139654
71,13.908392,417.251762
72,14.500961,435.028828
73,15.92697,477.809097
74,15.857783,475.733504
75,15.018578,450.557335
76,14.422165,432.664958
77,16.122998,483.689942
78,14.412556,432.376682
79,14.402947,432.088405
80,12.950673,388.520179
81,14.669443,440.08328
82,13.738629,412.158873
83,16.155029,484.650865
84,14.731582,441.94747
85,15.212044,456.361307
86,14.797566,443.92697
87,12.995516,389.865471
88,16.486867,494.606022
89,14.658552,439.756566
90,14.456758,433.702755
91,14.390135,431.704036
92,13.169763,395.092889
93,14.133889,424.016656
94,14.980782,449.423447
95,14.410634,432.319026
96,14.048046,421.441384
97,14.238949,427.168482
98,15.136451,454.09353
99,17.64574,529.372197
100,15.443946,463.318386
101,15.762332,472.869955
102,13.655349,409.660474
103,14.335682,430.070468
104,15.7918,473.754004
105,14.511851,435.355541
106,13.998078,419.942345
107,14.873799,446.213965
108,14.537476,436.124279
109,15.467008,464.01025
110,16.233184,486.995516
111,14.37476,431.242793
112,14.873799,446.213965
113,15.620115,468.603459
114,15.578475,467.35426
115,12.988469,389.654068
116,14.731582,441.94747
117,15.244715,457.341448
118,14.534273,436.028187
119,15.386291,461.588725
120,15.639334,469.180013
121,14.154388,424.631646
122,14.653427,439.602819
123,15.804612,474.138373
124,14.451634,433.549007
125,14.347854,430.435618
126,15.205637,456.169122
127,16.732864,501.985906
128,14.879564,446.386931
129,15.878924,476.367713
130,15.173607,455.2082
131,14.901986,447.059577
132,15.657912,469.737348
133,15.406791,462.203716
134,14.994234,449.827034
135,14.199231,425.976938
136,14.660474,439.814222
137,13.978219,419.346573
138,13.49968,404.990391
139,14.129404,423.882127
140,13.798847,413.965407
141,14.967329,449.019859
142,13.61435,408.430493
143,15.449071,463.472133
144,13.182575,395.477258
145,15.090967,452.72902
146,15.372838,461.185138
147,15.099936,452.998078
148,14.695067,440.852018
149,15.57271,467.181294
150,15.805894,474.17681
151,14.984625,449.538757
152,15.53107,465.932095
153,14.069186,422.075593
154,14.199231,425.976938
155,14.188981,425.669443
156,13.832159,414.964766
157,15.884689,476.540679
158,14.626521,438.795644
159,13.900064,417.001922
160,14.276746,428.30237
161,15.622037,468.661115
162,13.661115,409.83344
163,13.554132,406.623959
164,14.298527,428.955798
165,13.352979,400.589366
166,14.57271,437.181294
167,14.087764,422.632928
168,15.426009,462.780269
169,13.247277,397.418322
170,13.832799,414.983985
171,15.254324,457.629725
172,14.349135,430.474055
173,14.679693,440.390775
174,13.627162,408.814862
175,15.27034,458.110186
176,13.733504,412.005125
177,14.784753,443.542601
178,14.230621,426.918642
179,13.761051,412.831518
180,14.659193,439.775785
181,14.342088,430.262652
182,13.654068,409.622037
183,15.236387,457.091608
184,16.171685,485.150545
185,15.182575,455.477258
186,16.097373,482.921204
187,15.376682,461.300448
188,15.472133,464.163997
189,14.447149,433.414478
190,13.86419,415.925689
191,14.445227,433.356823
192,15.848815,475.464446
193,14.192825,425.784753
194,14.567585,437.027546
195,15.213965,456.418962
196,13.227418,396.82255
197,14.837924,445.137732
198,16.557335,496.720051
199,15.226137,456.784113
200,15.340167,460.204997
201,15.969891,479.096733
202,16.125561,483.766816
203,13.27034,398.110186
204,14.005766,420.172966
205,14.27098,428.129404
206,15.229981,456.899423
207,13.830237,414.907111
208,15.497758,464.932735
209,14.820628,444.618834
210,14.757848,442.735426
211,14.649584,439.487508
212,14.850737,445.522101
213,14.119795,423.59385
214,13.409353,402.280589
215,13.61435,408.430493
216,14.046765,421.402947
217,14.393338,431.800128
218,14.293402,428.80205
219,15.513773,465.413197
220,15.162076,454.862268
221,16.360026,490.800769
222,15.660474,469.814222
223,13.810378,414.311339
224,14.950032,448.500961
225,15.049968,451.499039
226,15.694427,470.832799
227,13.868033,416.040999
228,14.50993,435.297886
229,14.723254,441.69763
230,14.186419,425.592569
231,15.136451,454.09353
232,14.002562,420.076874
233,13.467008,404.01025
234,14.623959,438.71877
235,15.233184,456.995516
236,14.529148,435.874439
237,14.721332,441.639974
238,16.737988,502.139654
239,16.930814,507.924407
240,13.788597,413.657912
241,17.01089,510.326714
242,14.121076,423.632287
243,14.53171,435.951313
244,15.426009,462.780269
245,14.889814,446.694427
246,14.695067,440.852018
247,13.961563,418.846893
248,14.473414,434.202434
249,14.600256,438.007687
250,15.536195,466.085842
251,13.492633,404.778988
252,14.297245,428.917361
253,14.233184,426.995516
254,14.631006,438.930173
255,16.144779,484.34337
256,17.038437,511.153107
257,13.866111,415.983344
258,14.868674,446.060218
259,13.597694,407.930814
260,13.524664,405.73991
261,12.944266,388.327995
262,14.356823,430.704676
263,14.443306,433.299167
264,14.941063,448.231903
265,14.297245,428.917361
266,14.482383,434.471493
267,16.983344,509.50032
268,15.141576,454.247277
269,15.011531,450.345932
270,15.028828,450.86483
271,14.532992,435.98975
272,15.467649,464.029468
273,14.27034,428.110186
274,14.866752,446.002562
275,13.798206,413.946188
276,13.484305,404.529148
277,15.199872,455.996156
278,15.420884,462.626521
279,15.262012,457.860346
280,13.691864,410.755926
281,15.08328,452.498398
282,15.01025,450.307495
283,15.128764,453.862908
284,14.668802,440.064061
285,16.128123,483.84369
286,14.858424,445.752723
287,14.452915,433.587444
288,13.794363,413.830878
289,15.026906,450.807175
290,16.217168,486.515054
291,13.34337,400.301089
292,14.594491,437.834721
293,14.11467,423.440102
294,12.732864,381.985906
295,15.236387,457.091608
296,14.373479,431.204356
297,15.189622,455.688661
298,14.435618,433.068546
299,14.014734,420.442024
300,15.748238,472.447149
301,15.484946,464.548366
302,16.487508,494.62524
303,15.821268,474.638053
304,15.511211,465.336323
305,14.277386,428.321589
306,15.382447,461.473414
307,14.374119,431.223575
308,14.441384,433.241512
309,14.462524,433.875721
310,14.716848,441.505445
311,15.655349,469.660474
312,15.381807,461.454196
313,15.392056,461.761691
314,14.511851,435.355541
315,14.467008,434.01025
316,15.871236,476.137092
317,13.360666,400.819987
318,14.699552,440.986547
319,13.258168,397.745035
320,15.076233,452.286996
321,15.130045,453.901345
322,15.363229,460.896861
323,14.294042,428.821268
324,14.210122,426.303652
325,14.828315,444.849455
326,14.550288,436.508648
327,15.365791,460.973735
328,15.346573,460.397181
329,14.017297,420.518898
330,12.765535,382.966047
331,14.997438,449.923126
332,15.147982,454.439462
333,15.023703,450.711083
334,14.048687,421.460602
335,13.691864,410.755926
336,13.254324,397.629725
337,14.40615,432.184497
338,15.153748,454.612428
339,14.438821,433.164638
340,14.095452,422.863549
341,15.43754,463.126201
342,15.422165,462.664958
343,14.994875,449.846252
344,13.657271,409.718129
345,13.657271,409.718129
346,15.690583,470.717489
347,13.841768,415.253043
348,14.637412,439.122357
349,14.176169,425.285074
350,14.758488,442.754644
351,13.34337,400.301089
352,15.09417,452.825112
353,14.084561,422.536835
354,14.281871,428.456118
355,13.966688,419.000641
356,14.099295,422.97886
357,13.636131,409.083921
358,15.334401,460.032031
359,14.725176,441.755285
360,14.839206,445.176169
361,14.454837,433.645099
362,14.141576,424.247277
363,13.03139,390.941704
364,13.367072,401.012172
365,15.288277,458.648302
366,15.007047,450.211403
367,16.285074,488.55221
368,13.960282,418.808456
369,15.550929,466.527867
370,15.590006,467.700192
371,15.556694,466.700833
372,14.272902,428.18706
373,13.788597,413.657912
374,15.149904,454.497117
375,16.598975,497.96925
376,13.11467,393.440102
377,15.563101,466.893017
378,13.209481,396.284433
379,14.702114,441.063421
380,15.473414,464.202434
381,14.98975,449.692505
382,12.740551,382.216528
383,13.966688,419.000641
384,14.466368,433.991031
385,15.251762,457.552851
386,15.356182,460.685458
387,15.747598,472.427931
388,14.413197,432.3959
389,13.484946,404.548366
390,13.55221,406.566304
391,14.167201,425.016015
392,16.262012,487.860346
393,14.71877,441.563101
394,15.067265,452.017937
395,14.089686,422.690583
396,14.957719,448.731582
397,15.472133,464.163997
398,14.615631,438.46893
399,15.234465,457.033953
400,15.133889,454.016656
401,13.951954,418.558616
402,14.086483,422.594491
403,15.192825,455.784753
404,13.472774,404.183216
405,16.675849,500.275464
406,13.797566,413.92697
407,14.518898,435.566944
408,14.926329,447.789878
409,14.253684,427.610506
410,13.534273,406.028187
411,14.804612,444.138373
412,12.95836,388.750801
413,14.98975,449.692505
414,13.867393,416.021781
415,15.269699,458.090967
416,14.370275,431.108264
417,14.257527,427.725817
418,14.211403,426.342088
419,14.337604,430.128123
420,15.137732,454.131967
421,14.528507,435.855221
422,13.755285,412.658552
423,14.513133,435.393978
424,13.87508,416.252402
425,16.127482,483.824471
426,14.50032,435.009609
427,15.911595,477.347854
428,15.700833,471.024984
429,14.867393,446.021781
430,14.609225,438.276746
431,14.004484,420.134529
432,14.060218,421.806534
433,14.798206,443.946188
434,14.946829,448.404869
435,14.186419,425.592569
436,14.054452,421.633568
437,15.971172,479.13517
438,15.156951,454.70852
439,14.621397,438.641896
440,14.303011,429.090327
441,13.40615,402.184497
442,14.643818,439.314542
443,15.115311,453.459321
444,16.204997,486.149904
445,16.015375,480.461243
446,14.338885,430.16656
447,15.126842,453.805253
448,14.389494,431.684817
449,14.162076,424.862268
450,14.480461,434.413837
451,15.412556,462.376682
452,14.470211,434.106342
453,14.765535,442.966047
454,15.001922,450.057655
455,14.125561,423.766816
456,13.773222,413.196669
457,13.722614,411.678411
458,14.127482,423.824471
459,15.884689,476.540679
460,14.859065,445.771941
461,16.139013,484.170404
462,14.511851,435.355541
463,14.671365,440.140935
464,14.869955,446.098655
465,14.420243,432.607303
466,13.734785,412.043562
467,14.11467,423.440102
468,14.518898,435.566944
469,15.813581,474.407431
470,15.080077,452.402306
471,13.919283,417.578475
472,14.644459,439.33376
473,14.327354,429.820628
474,15.329276,459.878283
475,15.075593,452.267777
476,14.408072,432.242152
477,14.278668,428.360026
478,13.361307,400.839206
479,15.201153,456.034593
480,15.392056,461.761691
481,14.814862,444.445868
482,15.413197,462.3959
483,15.522101,465.663037
484,13.778988,413.369635
485,14.483664,434.50993
486,16.870596,506.117873
487,15.586803,467.6041
488,15.251762,457.552851
489,15.976297,479.288917
490,14.763613,442.908392
491,14.670083,440.102498
492,14.836003,445.080077
493,14.293402,428.80205
494,13.342729,400.281871
495,15.805253,474.157591
496,14.367713,431.03139
497,13.821909,414.657271
498,14.625881,438.776425
499,15.576553,467.296605
500,15.368994,461.069827
501,15.877002,476.310058
502,14.495836,434.87508
503,14.982063,449.461883
504,13.935939,418.078155
505,14.506726,435.201794
506,13.695067,410.852018
507,15.012812,450.384369
508,13.606662,408.199872
509,13.991031,419.730942
510,15.946188,478.38565
511,14.516976,435.509289
512,13.181935,395.45804
513,14.866111,445.983344
514,14.046765,421.402947
515,13.746316,412.389494
516,15.03139,450.941704
517,14.360666,430.819987
518,14.326073,429.782191
519,14.26073,427.821909
520,15.340167,460.204997
521,12.776425,383.292761
522,13.702114,411.063421
523,13.043562,391.306855
524,16.211403,486.342088
525,14.303652,429.109545
526,14.730942,441.928251
527,14.415119,432.453555
528,15.523382,465.701473
529,13.525304,405.759129
530,12.778988,383.369635
531,13.711083,411.332479
532,15.007047,450.211403
533,14.629725,438.891736
534,14.169763,425.092889
535,14.30237,429.071108
536,14.106983,423.209481
537,15.21845,456.553491
538,16.17681,485.304292
539,14.116592,423.497758
540,14.737348,442.120436
541,15.55221,466.566304
542,14.816143,444.484305
543,14.869315,446.079436
544,15.903908,477.117233
545,13.415759,402.472774
546,15.165919,454.977578
547,14.828956,444.868674
548,14.023703,420.711083
549,15.422165,462.664958
550,14.446509,433.395259
551,15.673286,470.198591
552,15.680974,470.429212
553,13.798206,413.946188
554,14.348495,430.454837
555,13.912876,417.386291
556,15.413197,462.3959
557,13.873158,416.194747
558,14.581678,437.450352
559,13.8123,414.368994
560,14.196028,425.880846
561,14.099295,422.97886
562,15.65663,469.698911
563,14.606662,438.199872
564,13.728379,411.851377
565,15.338245,460.147341
566,14.561819,436.85458
567,14.699552,440.986547
568,14.182575,425.477258
569,14.597053,437.911595
570,14.195388,425.861627
571,15.616912,468.507367
572,15.807175,474.215247
573,15.194747,455.842409
574,15.758488,472.754644
575,14.575913,437.277386
576,13.181935,395.45804
577,15.648302,469.449071
578,15.563101,466.893017
579,15.348495,460.454837
580,15.008969,450.269058
581,14.156951,424.70852
582,13.831518,414.945548
583,13.661115,409.83344
584,16.299167,488.975016
585,15.424087,462.722614
586,14.594491,437.834721
587,15.29212,458.763613
588,14.650224,439.506726
589,15.060218,451.806534
590,15.030109,450.903267
591,15.338245,460.147341
592,15.417681,462.530429
593,13.648943,409.46829
594,15.222934,456.68802
595,14.276105,428.283152
596,13.214606,396.438181
597,13.737348,412.120436
598,14.860987,445.829596
599,15.580397,467.411915
600,14.445868,433.376041
601,14.473414,434.202434
602,14.819347,444.580397
603,14.220372,426.611147
604,14.830237,444.907111
605,16.902627,507.078796
606,15.023703,450.711083
607,12.440743,373.222293
608,14.282511,428.475336
609,14.220372,426.611147
610,16.316464,489.493914
611,15.232543,456.976297
612,14.435618,433.068546
613,13.376682,401.300448
614,16.403587,492.107623
615,14.787956,443.638693
616,13.602819,408.084561
617,16.017937,480.538117
618,14.418322,432.549648
619,14.381807,431.454196
620,16.711083,501.332479
621,13.659833,409.795003
622,15.290839,458.725176
623,13.48943,404.682896
624,13.986547,419.596413
625,16.647662,499.429853
626,14.546445,436.393338
627,14.256246,427.68738
628,17.038437,511.153107
629,14.724536,441.736067
630,15.110186,453.305573
631,15.158232,454.746957
632,15.095452,452.863549
633,14.393978,431.819347
634,14.484946,434.548366
635,14.606662,438.199872
636,13.459962,403.798847
637,15.029468,450.884049
638,14.975016,449.25048
639,15.012172,450.365151
640,15.189622,455.688661
641,15.172325,455.169763
642,14.901986,447.059577
643,13.900705,417.02114
644,14.885971,446.579116
645,16.373479,491.204356
646,14.420243,432.607303
647,15.723895,471.716848
648,14.550288,436.508648
649,13.172966,395.188981
650,14.467008,434.01025
651,13.848815,415.464446
652,16.12492,483.747598
653,16.053812,481.61435
654,14.487508,434.62524
655,15.827675,474.830237
656,13.930173,417.905189
657,15.763613,472.908392
658,13.823831,414.714926
659,16.106342,483.190263
660,14.98911,449.673286
661,14.74952,442.485586
662,15.894939,476.848174
663,15.048687,451.460602
664,14.116592,423.497758
665,15.003203,450.096092
666,14.539398,436.181935
667,15.834721,475.04164
668,14.443946,433.318386
669,14.100577,423.017297
670,13.408072,402.242152
671,15.249199,457.475977
672,14.516976,435.509289
673,14.982063,449.461883
674,16.357463,490.723895
675,15.323511,459.705317
676,14.818065,444.54196
677,14.275464,428.263933
678,14.339526,430.185778
679,15.017297,450.518898
680,14.526586,435.797566
681,15.453555,463.606662
682,14.926329,447.789878
683,15.107623,453.2287
684,14.290199,428.705958
685,14.581038,437.431134
686,13.504805,405.144138
687,13.230621,396.918642
688,14.136451,424.09353
689,14.474055,434.221653
690,14.484305,434.529148
691,13.960282,418.808456
692,13.483024,404.490711
693,15.026265,450.787956
694,14.163997,424.919923
695,14.848174,445.445227
696,15.875721,476.271621
697,14.963485,448.904548
698,13.181294,395.438821
699,14.423447,432.703395
700,14.473414,434.202434
701,15.497117,464.913517
702,14.481742,434.452274
703,15.188981,455.669443
704,14.108905,423.267136
705,14.519539,435.586163
706,14.641896,439.256887
707,14.931454,447.943626
708,14.577194,437.315823
709,15.891095,476.732864
710,14.082639,422.47918
711,15.132607,453.978219
712,15.059577,451.787316
713,15.297245,458.917361
714,13.901345,417.040359
715,13.503523,405.105701
716,14.704036,441.121076
717,14.561819,436.85458
718,14.814222,444.42665
719,14.691864,440.755926
720,14.016656,420.49968
721,14.606662,438.199872
722,15.12492,453.747598
723,15.273543,458.206278
724,14.625881,438.776425
725,13.998078,419.942345
726,15.334401,460.032031
727,15.038437,451.153107
728,16.345291,490.358744
729,15.637412,469.122357
730,13.971813,419.154388
731,14.032671,420.980141
732,13.530429,405.912876
733,13.694427,410.832799
734,14.787316,443.619475
735,15.520179,465.605381
736,14.222293,426.668802
737,14.170404,425.112108
738,15.363869,460.916079
739,14.63549,439.064702
740,14.548366,436.450993
741,15.130045,453.901345
742,14.493274,434.798206
743,14.564382,436.931454
744,14.557976,436.73927
745,13.98911,419.673286
746,14.424728,432.741832
747,13.925048,417.751441
748,13.211403,396.342088
749,15.6041,468.122998
750,14.508648,435.259449
751,14.713645,441.409353
752,13.722614,411.678411
753,14.83344,445.003203
754,15.336323,460.089686
755,13.688661,410.659833
756,16.733504,502.005125
757,14.316464,429.493914
758,14.540038,436.201153
759,15.783472,473.504164
760,14.194747,425.842409
761,14.877643,446.329276
762,14.706598,441.19795
763,13.83344,415.003203
764,13.713645,411.409353
765,14.342088,430.262652
766,13.869955,416.098655
767,14.356823,430.704676
768,13.607944,408.238309
769,14.590647,437.719411
770,13.474696,404.240871
771,14.178091,425.342729
772,15.029468,450.884049
773,14.186419,425.592569
774,13.930173,417.905189
775,12.736707,382.101217
776,14.849455,445.483664
777,15.140295,454.20884
778,14.586803,437.6041
779,14.294042,428.821268
780,15.326073,459.782191
781,13.506086,405.182575
782,14.638053,439.141576
783,15.814862,474.445868
784,14.092889,422.786675
785,14.859065,445.771941
786,14.46893,434.067905
787,14.926329,447.789878
788,14.295964,428.878924
789,15.443946,463.318386
790,14.039078,421.172325
791,14.859705,445.79116
792,13.713645,411.409353
793,14.919283,447.578475
794,15.784113,473.523382
795,15.240231,457.206919
796,14.548366,436.450993
797,15.334401,460.032031
798,13.661115,409.83344
799,15.6246,468.737988
800,13.941704,418.251121
801,14.951313,448.539398
802,14.127482,423.824471
803,14.473414,434.202434
804,14.353619,430.608584
805,13.623959,408.71877
806,14.160154,424.804612
807,13.970532,419.115951
808,15.572069,467.162076
809,15.827675,474.830237
810,13.81294,414.388213
811,14.886611,446.598334
812,13.554132,406.623959
813,14.567585,437.027546
814,14.182575,425.477258
815,14.200512,426.015375
816,14.504164,435.12492
817,15.30173,459.05189
818,14.515054,435.451634
819,12.436899,373.106983
820,14.547726,436.431775
821,15.850737,475.522101
822,16.310698,489.320948
823,14.852018,445.560538
824,12.663677,379.910314
825,14.126201,423.786035
826,14.399744,431.992313
827,13.285074,398.55221
828,16.203075,486.092249
829,14.719411,441.582319
830,14.071108,422.133248
831,14.317745,429.532351
832,16.29148,488.744395
833,13.952594,418.577835
834,16.49968,494.990391
835,14.883408,446.502242
836,13.391416,401.742473
837,13.866752,416.002562
838,13.485586,404.567585
839,15.441384,463.241512
840,13.966688,419.000641
841,14.668161,440.044843
842,15.386931,461.607944
843,15.632287,468.96861
844,14.2287,426.860987
845,15.252402,457.572069
846,14.269699,428.090967
847,13.869315,416.079436
848,13.543242,406.297245
849,14.057015,421.710442
850,15.175529,455.265855
851,15.08328,452.498398
852,12.886611,386.598334
853,13.788597,413.657912
854,15.035874,451.076233
855,14.93786,448.13581
856,14.40615,432.184497
857,13.724536,411.736067
858,14.396541,431.89622
859,14.29212,428.763613
860,14.536195,436.085842
861,14.706598,441.19795
862,15.282511,458.475336
863,16.222934,486.68802
864,15.070468,452.114029
865,13.387572,401.627162
866,14.475977,434.279308
867,14.493914,434.817425
868,15.362588,460.877643
869,15.819347,474.580397
870,13.554773,406.643177
871,15.621397,468.641896
872,14.504164,435.12492
873,13.960922,418.827675
874,13.967969,419.039078
875,16.01089,480.326714
876,15.497117,464.913517
877,14.86419,445.925689
878,13.929532,417.885971
879,13.450993,403.529789
880,14.597053,437.911595
881,14.457399,433.721973
882,14.91672,447.501602
883,15.53171,465.951313
884,14.2287,426.860987
885,14.035234,421.057015
886,14.616912,438.507367
887,15.101858,453.055734
888,13.394619,401.838565
889,14.191544,425.746316
890,14.513133,435.393978
891,14.556054,436.681614
892,15.388853,461.665599
893,13.798206,413.946188
894,14.744395,442.331839
895,16.750801,502.524023
896,16.033953,481.018578
897,16.586163,497.584881
898,15.017297,450.518898
899,15.039718,451.191544
900,15.256887,457.706598
901,14.019859,420.595772
902,15.548366,466.450993
903,16.785394,503.561819
904,12.960922,388.827675
905,13.89622,416.886611
906,16.401025,492.03075
907,16.900064,507.001922
908,14.618834,438.565022
909,14.548366,436.450993
910,13.978219,419.346573
911,14.916079,447.482383
912,13.963485,418.904548
913,15.710442,471.313261
914,14.590006,437.700192
915,15.796925,473.907751
916,15.398463,461.953876
917,15.584241,467.527226
918,15.973735,479.212044
919,15.071108,452.133248
920,14.581678,437.450352
921,14.214606,426.438181
922,14.19795,425.938501
923,13.92697,417.809097
924,16.043562,481.306855
925,14.349135,430.474055
926,14.636771,439.103139
927,13.584881,407.546445
928,14.158873,424.766176
929,13.434337,403.030109
930,14.745035,442.351057
931,14.942985,448.289558
932,15.684177,470.525304
933,13.913517,417.405509
934,14.550929,436.527867
935,15.800769,474.023062
936,14.881486,446.444587
937,14.998078,449.942345
938,14.705317,441.159513
939,14.408712,432.261371
940,15.241512,457.245356
941,14.640615,439.21845
942,14.953235,448.597053
943,15.08328,452.498398
944,14.698911,440.967329
945,16.69763,500.928892
946,14.53107,435.932095
947,15.065983,451.9795
948,16.254324,487.629725
949,14.195388,425.861627
950,14.536835,436.105061
951,15.394619,461.838565
952,14.342088,430.262652
953,14.626521,438.795644
954,13.859065,415.771941
955,14.392697,431.78091
956,12.836643,385.099295
957,13.338245,400.147341
958,14.263293,427.898783
959,15.081999,452.459962
960,15.516336,465.49007
961,15.505445,465.163357
962,13.43754,403.126201
963,14.955157,448.654709
964,14.193466,425.803972
965,15.532992,465.98975
966,15.007047,450.211403
967,14.453555,433.606662
968,15.040999,451.229981
969,15.0205,450.61499
970,13.590006,407.700192
971,15.272902,458.18706
972,14.857143,445.714286
973,14.515054,435.451634
974,14.502242,435.067265
975,13.93722,418.116592
976,13.759129,412.773863
977,15.644459,469.33376
978,14.433696,433.01089
979,14.007047,420.211403
980,14.649584,439.487508
981,15.787956,473.638693
982,14.404228,432.126842
983,14.109545,423.286355
984,13.855862,415.675849
985,13.315183,399.455477
986,14.306214,429.186419
987,15.039718,451.191544
988,14.307495,429.224856
989,14.672646,440.179372
990,15.376682,461.300448
991,15.518258,465.547726
992,13.430493,402.914798
993,16.02114,480.634209
994,14.768738,443.06214
995,14.409994,432.299808
996,14.590647,437.719411
997,14.29212,428.763613
998,14.484305,434.529148
999,14.085842,422.575272
1000,13.581038,407.431134
1001,15.319026,459.570788
1002,12.787316,383.619475
1003,15.279949,458.398463
1004,14.953876,448.616272
1005,16.766176,502.985266
1006,15.611147,468.334401
1007,13.346573,400.397181
1008,14.276746,428.30237
1009,13.914798,417.443946
1010,14.800128,444.003844
1011,14.262652,427.879564
1012,15.063421,451.902627
1013,14.345291,430.358744
1014,13.299167,398.975016
1015,14.637412,439.122357
1016,15.025625,450.768738
1017,15.677771,470.33312
1018,13.623318,408.699552
1019,15.599616,467.988469
1020,15.290199,458.705958
1021,14.559257,436.777707
1022,15.160154,454.804612
1023,16.026906,480.807175
1024,14.254965,427.648943
1025,16.290199,488.705958
1026,14.556694,436.700833
1027,15.436259,463.087764
1028,14.126201,423.786035
1029,14.360666,430.819987
1030,14.173607,425.2082
1031,14.664958,439.948751
1032,14.639974,439.199231
1033,14.450352,433.51057
1034,13.935298,418.058937
1035,14.549648,436.48943
1036,13.848815,415.464446
1037,14.730301,441.909033
1038,15.132607,453.978219
1039,13.427931,402.837924
1040,14.971172,449.13517
1041,14.233824,427.014734
1042,14.653427,439.602819
1043,14.295324,428.859705
1044,14.910314,447.309417
1045,16.107623,483.2287
1046,14.15631,424.689302
1047,14.590006,437.700192
1048,14.5836,437.508008
1049,14.003203,420.096092
1050,14.497117,434.913517
1051,14.577194,437.315823
1052,15.282511,458.475336
1053,14.477258,434.317745
1054,13.282511,398.475336
1055,14.042921,421.287636
1056,14.099936,422.998078
1057,14.936579,448.097373
1058,13.547726,406.431775
1059,13.543882,406.316464
1060,14.261371,427.841127
1061,16.103139,483.09417
1062,13.870596,416.117873
1063,13.798206,413.946188
1064,15.431775,462.953235
1065,15.095452,452.863549
1066,14.636771,439.103139
1067,16.171044,485.131326
1068,13.805894,414.17681
1069,14.7713,443.139013
1070,15.87508,476.252402
1071,15.155029,454.650865
1072,14.855221,445.65663
1073,14.66688,440.006406
1074,14.362588,430.877643
1075,12.918001,387.540038
1076,15.44779,463.433696
1077,16.221653,486.649584
1078,14.079436,422.383088
1079,15.055734,451.672005
1080,15.162716,454.881486
1081,14.866111,445.983344
1082,14.45868,433.76041
1083,15.267136,458.014094
1084,13.794363,413.830878
1085,14.49007,434.702114
1086,15.996156,479.884689
1087,13.839206,415.176169
1088,15.537476,466.124279
1089,14.668802,440.064061
1090,15.650224,469.506726
1091,14.263293,427.898783
1092,14.254324,427.629725
1093,14.212684,426.380525
1094,13.914158,417.424728
1095,14.21909,426.57271
1096,14.315823,429.474696
1097,15.765535,472.966047
1098,14.966688,449.000641
1099,14.326073,429.782191
1100,14.53171,435.951313
1101,14.335682,430.070468
1102,14.45804,433.741192
1103,15.255605,457.668161
1104,14.147341,424.420243
1105,14.82319,444.695708
1106,14.621397,438.641896
1107,15.305573,459.167201
1108,13.975016,419.25048
1109,14.82319,444.695708
1110,14.053171,421.595131
1111,14.709801,441.294042
1112,14.925048,447.751441
1113,16.436899,493.106983
1114,13.844971,415.349135
1115,14.476618,434.298527
1116,14.536835,436.105061
1117,14.122998,423.689942
1118,15.313901,459.41704
1119,14.444587,433.337604
1120,13.221653,396.649584
1121,14.027546,420.826393
1122,15.903908,477.117233
1123,14.584881,437.546445
1124,13.964766,418.942985
1125,14.315183,429.455477
1126,15.285714,458.571429
1127,14.696989,440.909673
1128,14.828956,444.868674
1129,16.164638,484.939142
1130,14.316464,429.493914
1131,14.561179,436.835362
1132,13.836643,415.099295
1133,14.788597,443.657912
1134,13.756566,412.696989
1135,13.877643,416.329276
1136,14.30173,429.05189
1137,15.450993,463.529789
1138,15.215247,456.457399
1139,14.03139,420.941704
1140,14.391416,431.742473
1141,14.037796,421.133889
1142,14.823831,444.714926
1143,14.110186,423.305573
1144,13.098014,392.940423
1145,15.336323,460.089686
1146,13.759129,412.773863
1147,15.85458,475.637412
1148,14.648302,439.449071
1149,13.592569,407.777066
1150,14.395259,431.857783
1151,14.459321,433.779628
1152,13.407431,402.222934
1153,14.97886,449.365791
1154,14.89558,446.867393
1155,13.121717,393.651505
1156,14.215247,426.457399
1157,15.162076,454.862268
1158,14.005766,420.172966
1159,15.317104,459.513133
1160,15.453555,463.606662
1161,13.782191,413.465727
1162,15.072389,452.171685
1163,15.363229,460.896861
1164,13.818065,414.54196
1165,13.514414,405.432415
1166,16.216528,486.495836
1167,14.882767,446.483024
1168,13.856502,415.695067
1169,14.486227,434.586803
1170,14.374119,431.223575
1171,16.183216,485.496477
1172,14.399744,431.992313
1173,14.170404,425.112108
1174,13.935298,418.058937
1175,14.462524,433.875721
1176,13.171044,395.131326
1177,14.480461,434.413837
1178,13.351698,400.550929
1179,14.899423,446.982703
1180,14.910955,447.328635
1181,16.662396,499.871877
1182,15.800769,474.023062
1183,14.035234,421.057015
1184,15.588085,467.642537
1185,13.634209,409.026265
1186,15.089686,452.690583
1187,14.741192,442.235746
1188,14.425368,432.761051
1189,13.991672,419.75016
1190,15.129404,453.882127
1191,15.079436,452.383088
1192,14.702755,441.082639
1193,15.345932,460.377963
1194,15.811019,474.330557
1195,15.924407,477.732223
1196,13.651505,409.545163
1197,14.112108,423.363229
1198,14.180653,425.419603
1199,14.790519,443.715567
1200,13.484305,404.529148
1201,14.060218,421.806534
1202,13.726457,411.793722
1203,13.918001,417.540038
1204,13.876361,416.290839
1205,15.821909,474.657271
1206,14.590647,437.719411
1207,14.709161,441.274824
1208,14.962204,448.866111
1209,15.529789,465.893658
1210,14.706598,441.19795
1211,13.975016,419.25048
1212,13.310058,399.30173
1213,15.037156,451.11467
1214,14.632287,438.96861
1215,16.152466,484.573991
1216,13.800128,414.003844
1217,15.590006,467.700192
1218,14.319026,429.570788
1219,14.700192,441.005766
1220,15.351698,460.550929
1221,15.130685,453.920564
1222,14.263933,427.918001
1223,14.740551,442.216528
1224,16.559898,496.796925
1225,14.098014,422.940423
1226,14.925048,447.751441
1227,14.728379,441.851377
1228,15.074311,452.22934
1229,13.129404,393.882127
1230,13.828315,414.849455
1231,13.546445,406.393338
1232,15.011531,450.345932
1233,14.452274,433.568225
1234,14.602178,438.065343
1235,14.349135,430.474055
1236,14.284433,428.532992
1237,14.974375,449.231262
1238,14.8123,444.368994
1239,13.704676,411.140295
1240,15.605381,468.161435
1241,14.901986,447.059577
1242,15.246637,457.399103
1243,15.110186,453.305573
1244,14.203716,426.111467
1245,16.563741,496.912236
1246,14.733504,442.005125
1247,14.09353,422.805894
1248,15.890455,476.713645
1249,13.931454,417.943626
1250,14.42665,432.799488
1251,15.625881,468.776425
1252,15.082639,452.47918
1253,15.643177,469.295324
1254,14.272902,428.18706
1255,14.638693,439.160794
1256,14.349776,430.493274
1257,15.734145,472.024343
1258,16.131326,483.939782
1259,15.048687,451.460602
1260,14.68802,440.640615
1261,14.962844,448.88533
1262,13.711083,411.332479
1263,15.199231,455.976938
1264,14.084561,422.536835
1265,13.633568,409.007047
1266,15.789878,473.696348
1267,14.319026,429.570788
1268,16.740551,502.216528
1269,14.513773,435.413197
1270,14.511851,435.355541
1271,14.804612,444.138373
1272,15.7918,473.754004
1273,14.56246,436.873799
1274,15.01025,450.307495
1275,13.195388,395.861627
1276,14.481102,434.433056
1277,14.935298,448.058937
1278,15.72902,471.870596
1279,15.025625,450.768738
1280,13.830237,414.907111
1281,15.045484,451.36451
1282,14.338245,430.147341
1283,15.818706,474.561179
1284,15.245356,457.360666
1285,14.821909,444.657271
1286,14.366432,430.992953
1287,15.199231,455.976938
1288,14.01025,420.307495
1289,15.710442,471.313261
1290,15.629725,468.891736
1291,14.998719,449.961563
1292,15.942345,478.27034
1293,14.722614,441.678411
1294,14.151826,424.554773
1295,14.966047,448.981422
1296,15.637412,469.122357
1297,13.269699,398.090967
1298,14.324792,429.743754
1299,14.773863,443.215887
1300,13.0205,390.61499
1301,14.111467,423.34401
1302,13.496477,404.894299
1303,14.406791,432.203716
1304,14.45868,433.76041
1305,14.80205,444.061499
1306,14.014094,420.422806
1307,15.253043,457.591288
1308,15.897502,476.925048
1309,13.397822,401.934657
1310,13.77066,413.119795
1311,13.734145,412.024343
1312,15.224215,456.726457
1313,15.617553,468.526586
1314,14.584241,437.527226
1315,14.841768,445.253043
1316,15.82319,474.695708
1317,14.013453,420.403587
1318,13.842409,415.272261
1319,14.253684,427.610506
1320,13.629084,408.872518
1321,14.440743,433.222293
1322,13.900064,417.001922
1323,13.813581,414.407431
1324,15.200512,456.015375
1325,14.173607,425.2082
1326,13.93722,418.116592
1327,14.941063,448.231903
1328,14.97886,449.365791
1329,14.080077,422.402306
1330,14.559257,436.777707
1331,15.741832,472.254965
1332,15.477258,464.317745
1333,12.973735,389.212044
1334,14.912876,447.386291
1335,14.210762,426.32287
1336,14.884049,446.521461
1337,15.681614,470.44843
1338,14.714286,441.428571
1339,15.487508,464.62524
1340,14.592569,437.777066
1341,14.306214,429.186419
1342,15.508648,465.259449
1343,15.932735,477.982063
1344,13.712364,411.370916
1345,13.155669,394.670083
1346,16.101217,483.036515
1347,14.949391,448.481742
1348,16.069827,482.094811
1349,14.632287,438.96861
1350,14.916079,447.482383
1351,15.118514,453.555413
1352,14.442665,433.279949
1353,14.684177,440.525304
1354,14.744395,442.331839
1355,14.836643,445.099295
1356,14.800128,444.003844
1357,13.795003,413.850096
1358,15.014734,450.442024
1359,13.985266,419.557976
1360,14.644459,439.33376
1361,13.067265,392.017937
1362,14.706598,441.19795
1363,14.900064,447.001922
1364,13.408072,402.242152
1365,14.215247,426.457399
1366,14.798847,443.965407
1367,15.621397,468.641896
1368,15.14542,454.362588
1369,14.077514,422.325432
1370,16.825112,504.753363
1371,15.237028,457.110826
1372,12.52082,375.6246
1373,14.275464,428.263933
1374,15.814222,474.42665
1375,14.301089,429.032671
1376,14.295964,428.878924
1377,14.670083,440.102498
1378,14.19795,425.938501
1379,15.633568,469.007047
1380,14.012812,420.384369
1381,15.486227,464.586803
1382,14.340807,430.224215
1383,14.787316,443.619475
1384,14.524664,435.73991
1385,13.735426,412.06278
1386,14.684817,440.544523
1387,14.634849,439.045484
1388,12.770019,383.100577
1389,15.534273,466.028187
1390,15.167841,455.035234
1391,15.320948,459.628443
1392,15.33312,459.993594
1393,15.748879,472.466368
1394,15.888533,476.65599
1395,15.401025,462.03075
1396,15.182575,455.477258
1397,15.339526,460.185778
1398,14.516336,435.49007
1399,16.363229,490.896861
1400,13.963485,418.904548
1401,15.727739,471.832159
1402,15.156951,454.70852
1403,15.096092,452.882767
1404,15.042281,451.268418
1405,14.163357,424.900705
1406,14.519539,435.586163
1407,14.127482,423.824471
1408,13.673927,410.217809
1409,15.281871,458.456118
1410,14.353619,430.608584
1411,13.386931,401.607944
1412,14.59385,437.815503
1413,13.744395,412.331839
1414,13.408712,402.261371
1415,15.351698,460.550929
1416,15.694427,470.832799
1417,16.462524,493.875721
1418,15.02114,450.634209
1419,14.861627,445.848815
1420,13.863549,415.90647
1421,14.38565,431.569507
1422,14.431134,432.934017
1423,14.961563,448.846893
1424,13.672005,410.160154
1425,14.325432,429.762972
1426,13.995516,419.865471
1427,14.933376,448.001281
1428,14.964766,448.942985
1429,14.131967,423.959001
1430,14.557976,436.73927
1431,15.327354,459.820628
1432,14.725817,441.774504
1433,15.819347,474.580397
1434,15.049327,451.479821
1435,15.326714,459.801409
1436,14.034593,421.037796
1437,15.516336,465.49007
1438,14.022422,420.672646
1439,14.244074,427.322229
1440,14.459962,433.798847
1441,15.461243,463.837284
1442,14.432415,432.972454
1443,15.283152,458.494555
1444,15.086483,452.594491
1445,16.308776,489.263293
1446,15.667521,470.025625
1447,14.098655,422.959641
1448,13.623959,408.71877
1449,16.434978,493.049327
1450,14.405509,432.165279
1451,13.94747,418.424087
1452,15.178091,455.342729
1453,14.857143,445.714286
1454,15.163997,454.919923
1455,14.2287,426.860987
1456,14.62524,438.757207
1457,14.526586,435.797566
1458,14.966688,449.000641
1459,14.133248,423.997438
1460,14.055093,421.652787
1461,15.235746,457.072389
1462,14.186419,425.592569
1463,15.004484,450.134529
1464,13.762332,412.869955
1465,14.686739,440.602178
1466,15.288277,458.648302
1467,13.007687,390.230621
1468,15.182575,455.477258
1469,14.303011,429.090327
1470,14.807816,444.234465
1471,14.501602,435.048046
1472,14.525304,435.759129
1473,15.641256,469.237668
1474,13.352338,400.570147
1475,14.678411,440.352338
1476,14.350416,430.512492
1477,13.886611,416.598334
1478,13.600256,408.007687
1479,13.511851,405.355541
1480,13.962204,418.866111
1481,14.067905,422.037156
1482,14.966047,448.981422
1483,13.589366,407.680974
1484,14.734785,442.043562
1485,13.996156,419.884689
1486,14.326714,429.801409
1487,14.421525,432.64574
1488,15.199872,455.996156
1489,13.01089,390.326714
1490,14.648302,439.449071
1491,15.35426,460.627803
1492,14.276746,428.30237
1493,14.527867,435.836003
1494,14.620115,438.603459
1495,14.630365,438.910955
1496,14.465086,433.952594
1497,15.368994,461.069827
1498,15.734785,472.043562
1499,15.213965,456.418962
1500,14.44779,433.433696
1501,14.275464,428.263933
1502,14.030109,420.903267
1503,16.367713,491.03139
1504,13.863549,415.90647
1505,15.460602,463.818065
1506,13.998078,419.942345
1507,13.667521,410.025625
1508,14.866111,445.983344
1509,15.262012,457.860346
1510,13.805253,414.157591
1511,14.50032,435.009609
1512,14.72966,441.889814
1513,14.106983,423.209481
1514,14.46893,434.067905
1515,13.484946,404.548366
1516,13.872518,416.175529
1517,14.352979,430.589366
1518,15.157591,454.727739
1519,15.512492,465.37476
1520,13.835362,415.060858
1521,15.563101,466.893017
1522,15.11467,453.440102
1523,16.165919,484.977578
1524,14.272902,428.18706
1525,14.279949,428.398463
1526,14.637412,439.122357
1527,14.435618,433.068546
1528,14.983985,449.519539
1529,14.360666,430.819987
1530,15.060218,451.806534
1531,16.386931,491.607944
1532,14.891736,446.752082
1533,14.092249,422.767457
1534,14.002562,420.076874
1535,14.951313,448.539398
1536,15.887892,476.636771
1537,14.73991,442.197309
1538,14.82255,444.676489
1539,14.474696,434.240871
1540,14.726457,441.793722
1541,15.074311,452.22934
1542,16.265855,487.975657
1543,15.379885,461.396541
1544,14.368994,431.069827
1545,15.207559,456.226778
1546,13.30237,399.071108
1547,13.676489,410.294683
1548,16.761051,502.831518
1549,14.227418,426.82255
1550,15.315183,459.455477
1551,14.306214,429.186419
1552,15.398463,461.953876
1553,15.306855,459.205637
1554,15.955157,478.654709
1555,13.842409,415.272261
1556,15.101858,453.055734
1557,13.533632,406.008969
1558,14.130045,423.901345
1559,15.17681,455.304292
1560,15.743113,472.293402
1561,15.076874,452.306214
1562,15.474055,464.221653
1563,13.959001,418.770019
1564,14.745676,442.370275
1565,14.412556,432.376682
1566,14.144779,424.34337
1567,14.733504,442.005125
1568,14.49968,434.990391
1569,14.662396,439.871877
1570,14.335682,430.070468
1571,14.579116,437.373479
1572,15.34337,460.301089
1573,15.486227,464.586803
1574,14.623318,438.699552
1575,15.556694,466.700833
1576,15.015375,450.461243
1577,16.556694,496.700833
1578,14.422806,432.684177
1579,16.939782,508.193466
1580,13.924407,417.732223
1581,14.000641,420.019218
1582,15.975657,479.269699
1583,15.844331,475.329917
1584,14.435618,433.068546
1585,15.415759,462.472774
1586,13.849455,415.483664
1587,15.427931,462.837924
1588,15.44779,463.433696
1589,13.535554,406.066624
1590,14.088405,422.652146
1591,14.403587,432.107623
1592,13.184497,395.534914
1593,14.96925,449.077514
1594,14.150545,424.516336
1595,15.043562,451.306855
1596,15.140295,454.20884
1597,15.795644,473.869315
1598,14.110186,423.305573
1599,13.33312,399.993594
1600,15.445868,463.376041
1601,14.770019,443.100577
1602,13.676489,410.294683
1603,15.984625,479.538757
1604,14.152466,424.573991
1605,14.777707,443.331198
1606,14.673927,440.217809
1607,14.555413,436.662396
1608,14.408072,432.242152
1609,14.017937,420.538117
1610,13.346573,400.397181
1611,15.005766,450.172966
1612,14.292761,428.782832
1613,14.998719,449.961563
1614,15.74952,472.485586
1615,13.654709,409.641256
1616,14.785394,443.561819
1617,13.609865,408.295964
1618,14.845612,445.368354
1619,13.777066,413.31198
1620,15.772582,473.17745
1621,13.349135,400.474055
1622,14.017297,420.518898
1623,15.406791,462.203716
1624,14.90647,447.194106
1625,14.723254,441.69763
1626,12.830878,384.926329
1627,15.069827,452.094811
1628,14.326073,429.782191
1629,15.233184,456.995516
1630,15.308776,459.263293
1631,14.219731,426.591928
1632,14.491352,434.740551
1633,15.963485,478.904548
1634,13.419603,402.588085
1635,15.61435,468.430493
1636,15.855221,475.65663
1637,14.880846,446.425368
1638,14.597694,437.930814
1639,13.45868,403.76041
1640,14.064061,421.921845
1641,14.737988,442.139654
1642,14.582319,437.469571
1643,15.361947,460.858424
1644,15.222934,456.68802
1645,14.299808,428.994234
1646,14.324151,429.724536
1647,15.761691,472.850737
1648,14.891736,446.752082
1649,13.712364,411.370916
1650,15.50993,465.297886
1651,15.351698,460.550929
1652,15.954516,478.63549
1653,14.919283,447.578475
1654,15.897502,476.925048
1655,14.925689,447.77066
1656,14.155029,424.650865
1657,14.90583,447.174888
1658,14.289558,428.686739
1659,14.901986,447.059577
1660,16.593209,497.796284
1661,14.724536,441.736067
1662,15.843049,475.29148
1663,14.186419,425.592569
1664,14.983344,449.50032
1665,14.131326,423.939782
1666,17.264574,517.93722
1667,13.25048,397.514414
1668,15.420884,462.626521
1669,13.613069,408.392056
1670,14.371557,431.146701
1671,14.388213,431.646381
1672,15.70788,471.236387
1673,14.607303,438.21909
1674,14.137092,424.112748
1675,15.532351,465.970532
1676,13.839846,415.195388
1677,14.809097,444.272902
1678,14.847534,445.426009
1679,14.84369,445.310698
1680,13.949391,418.481742
1681,14.878924,446.367713
1682,16.028187,480.845612
1683,13.538757,406.162716
1684,13.997438,419.923126
1685,14.782832,443.484946
1686,16.586163,497.584881
1687,15.289558,458.686739
1688,14.289558,428.686739
1689,14.506726,435.201794
1690,15.3754,461.262012
1691,15.408072,462.242152
1692,13.524023,405.720692
1693,14.381166,431.434978
1694,14.774504,443.235106
1695,14.629725,438.891736
1696,15.34401,460.320307
1697,14.55157,436.547085
1698,13.798206,413.946188
1699,14.834721,445.04164
1700,14.290839,428.725176
1701,14.546445,436.393338
1702,15.08328,452.498398
1703,14.193466,425.803972
1704,14.572069,437.162076
1705,15.035874,451.076233
1706,13.668802,410.064061
1707,14.68738,440.621397
1708,14.952594,448.577835
1709,16.086483,482.594491
1710,14.487508,434.62524
1711,14.871236,446.137092
1712,14.356182,430.685458
1713,14.504805,435.144138
1714,15.369635,461.089045
1715,14.621397,438.641896
1716,16.226137,486.784113
1717,14.085842,422.575272
1718,13.584241,407.527226
1719,15.719411,471.582319
1720,14.201153,426.034593
1721,14.036515,421.095452
1722,14.597694,437.930814
1723,15.65599,469.679693
1724,14.34337,430.301089
1725,14.939782,448.193466
1726,15.106983,453.209481
1727,15.800769,474.023062
1728,13.469571,404.087124
1729,15.965407,478.962204
1730,15.410634,462.319026
1731,15.807175,474.215247
1732,13.957079,418.712364
1733,15.620756,468.622678
1734,13.844971,415.349135
1735,16.950673,508.520179
1736,15.721973,471.659193
1737,14.858424,445.752723
1738,15.954516,478.63549
1739,14.643177,439.295324
1740,14.283792,428.513773
1741,14.204356,426.130685
1742,15.558616,466.758488
1743,14.943626,448.308776
1744,15.304933,459.147982
1745,15.764894,472.946829
1746,14.546445,436.393338
1747,13.653427,409.602819
1748,14.866111,445.983344
1749,15.383728,461.511851
1750,15.046765,451.402947
1751,12.859065,385.771941
1752,15.089045,452.671365
1753,15.631646,468.949391
1754,14.276746,428.30237
1755,14.642537,439.276105
1756,15.089045,452.671365
1757,13.764894,412.946829
1758,14.824471,444.734145
1759,14.38501,431.550288
1760,13.57335,407.200512
1761,16.286996,488.609865
1762,15.807175,474.215247
1763,13.618834,408.565022
1764,14.918642,447.559257
1765,15.726457,471.793722
1766,15.641256,469.237668
1767,13.87508,416.252402
1768,14.602178,438.065343
1769,14.921845,447.655349
1770,14.74952,442.485586
1771,15.806534,474.196028
1772,13.704036,411.121076
1773,14.263933,427.918001
1774,16.102498,483.074952
1775,14.402306,432.069186
1776,14.512492,435.37476
1777,15.579757,467.392697
1778,14.433696,433.01089
1779,13.737988,412.139654
1780,14.800769,444.023062
1781,14.244715,427.341448
1782,14.607944,438.238309
1783,13.594491,407.834721
1784,14.216528,426.495836
1785,15.017297,450.518898
1786,14.388213,431.646381
1787,14.418962,432.568866
1788,14.012812,420.384369
1789,13.644459,409.33376
1790,15.804612,474.138373
1791,13.377322,401.319667
1792,16.327354,489.820628
1793,13.530429,405.912876
1794,14.518898,435.566944
1795,15.401025,462.03075
1796,14.258808,427.764254
1797,14.051249,421.537476
1798,14.165279,424.95836
1799,14.819347,444.580397
1800,14.427931,432.837924
1801,13.920564,417.616912
1802,14.875721,446.271621
1803,14.838565,445.156951
1804,13.832159,414.964766
1805,15.75016,472.504805
1806,15.037156,451.11467
1807,15.281871,458.456118
1808,13.705317,411.159513
1809,14.513773,435.413197
1810,13.98975,419.692505
1811,14.008969,420.269058
1812,14.795644,443.869315
1813,16.188341,485.650224
1814,16.097373,482.921204
1815,13.757207,412.716208
1816,14.910314,447.309417
1817,13.144138,394.324151
1818,15.563741,466.912236
1819,14.627803,438.834081
1820,15.857143,475.714286
1821,14.32287,429.686099
1822,16.247277,487.418322
1823,14.493274,434.798206
1824,14.183857,425.515695
1825,15.278027,458.340807
1826,15.303652,459.109545
1827,15.267777,458.033312
1828,14.014094,420.422806
1829,14.682255,440.467649
1830,15.832799,474.983985
1831,16.525945,495.778347
1832,14.679693,440.390775
1833,13.590647,407.719411
1834,15.53171,465.951313
1835,13.014734,390.442024
1836,15.846893,475.406791
1837,14.099936,422.998078
1838,13.325432,399.762972
1839,15.163997,454.919923
1840,15.925689,477.77066
1841,14.747598,442.427931
1842,13.946188,418.38565
1843,15.144779,454.34337
1844,13.855221,415.65663
1845,14.680974,440.429212
1846,14.87508,446.252402
1847,14.17681,425.304292
1848,15.796925,473.907751
1849,14.907751,447.232543
1850,14.007047,420.211403
1851,14.607944,438.238309
1852,15.2287,456.860987
1853,14.638693,439.160794
1854,13.880846,416.425368
1855,13.929532,417.885971
1856,14.65663,439.698911
1857,12.849455,385.483664
1858,13.206278,396.188341
1859,15.125561,453.766816
1860,15.265215,457.956438
1861,13.858424,415.752723
1862,15.098655,452.959641
1863,14.798847,443.965407
1864,14.818706,444.561179
1865,13.440743,403.222293
1866,15.885971,476.579116
1867,15.341448,460.243434
1868,15.780269,473.408072
1869,15.435618,463.068546
1870,14.603459,438.10378
1871,14.592569,437.777066
1872,14.715567,441.467008
1873,14.178732,425.361947
1874,14.661115,439.83344
1875,14.948751,448.462524
1876,15.802691,474.080717
1877,14.874439,446.233184
1878,13.61499,408.449712
1879,14.462524,433.875721
1880,15.195388,455.861627
1881,15.828315,474.849455
1882,14.30237,429.071108
1883,13.647662,409.429853
1884,15.548366,466.450993
1885,14.955798,448.673927
1886,14.717489,441.524664
1887,15.61499,468.449712
1888,14.698911,440.967329
1889,13.911595,417.347854
1890,14.689942,440.69827
1891,14.340167,430.204997
1892,13.9795,419.38501
1893,14.132607,423.978219
1894,15.970532,479.115951
1895,14.411915,432.357463
1896,15.381807,461.454196
1897,13.879564,416.386931
1898,14.795644,443.869315
1899,13.538117,406.143498
1900,14.499039,434.971172
1901,14.346573,430.397181
1902,14.393978,431.819347
1903,14.204997,426.149904
1904,12.98975,389.692505
1905,15.82319,474.695708
1906,15.998719,479.961563
1907,15.595772,467.873158
1908,14.654068,439.622037
1909,14.524664,435.73991
1910,14.464446,433.933376
1911,15.568866,467.065983
1912,14.467008,434.01025
1913,12.84369,385.310698
1914,13.733504,412.005125
1915,15.308776,459.263293
1916,14.504805,435.144138
1917,14.830878,444.926329
1918,16.959001,508.770019
1919,15.844971,475.349135
1920,14.22934,426.880205
1921,13.347854,400.435618
1922,12.470211,374.106342
1923,14.044202,421.326073
1924,15.585522,467.565663
1925,15.544523,466.335682
1926,15.897502,476.925048
1927,14.688661,440.659833
1928,15.36451,460.935298
1929,15.928251,477.847534
1930,14.935298,448.058937
1931,13.668802,410.064061
1932,14.529148,435.874439
1933,15.345932,460.377963
1934,13.836643,415.099295
1935,14.370275,431.108264
1936,15.29212,458.763613
1937,12.942345,388.27034
1938,13.877643,416.329276
1939,13.53107,405.932095
1940,14.37476,431.242793
1941,14.984625,449.538757
1942,13.907111,417.213325
1943,13.862908,415.887252
1944,15.087124,452.613709
1945,13.925048,417.751441
1946,13.390775,401.723254
1947,14.853299,445.598975
1948,15.003844,450.115311
1949,13.853299,415.598975
1950,17.875721,536.271621
1951,14.755926,442.677771
1952,14.743113,442.293402
1953,14.523382,435.701473
1954,14.634849,439.045484
1955,14.652787,439.5836
1956,14.29148,428.744395
1957,14.349776,430.493274
1958,15.475977,464.279308
1959,14.923126,447.693786
1960,14.518898,435.566944
1961,14.602819,438.084561
1962,14.172325,425.169763
1963,15.415119,462.453555
1964,14.376041,431.28123
1965,13.990391,419.711723
1966,14.100577,423.017297
1967,14.568225,437.046765
1968,14.064702,421.941063
1969,14.030109,420.903267
1970,14.373479,431.204356
1971,15.224215,456.726457
1972,14.810378,444.311339
1973,15.545804,466.374119
1974,13.332479,399.974375
1975,14.871236,446.137092
1976,14.194106,425.82319
1977,14.082639,422.47918
1978,15.203075,456.092249
1979,14.249199,427.475977
1980,16.399103,491.973094
1981,14.326073,429.782191
1982,14.363229,430.896861
1983,13.663677,409.910314
1984,14.653427,439.602819
1985,13.287636,398.629084
1986,14.762332,442.869955
1987,14.941704,448.251121
1988,14.409994,432.299808
1989,14.30173,429.05189
1990,15.212684,456.380525
1991,15.442024,463.26073
1992,14.178732,425.361947
1993,15.578475,467.35426
1994,13.311339,399.340167
1995,13.862908,415.887252
1996,14.409353,432.280589
1997,14.188981,425.669443
1998,14.15631,424.689302
1999,14.430493,432.914798
2000,14.330557,429.91672
2001,14.369635,431.089045
2002,14.478539,434.356182
2003,13.967329,419.019859
2004,14.441384,433.241512
2005,14.53171,435.951313
2006,15.564382,466.931454
2007,14.358744,430.762332
2008,15.443306,463.299167
2009,16.114029,483.420884
2010,16.258808,487.764254
2011,14.240871,427.226137
2012,15.066624,451.998719
2013,16.332479,489.974375
2014,13.645099,409.352979
2015,14.028187,420.845612
2016,14.024343,420.730301
2017,14.139013,424.170404
2018,14.491352,434.740551
2019,15.080077,452.402306
2020,14.657271,439.718129
2021,14.262012,427.860346
2022,16.06278,481.883408
2023,14.08328,422.498398
2024,15.335682,460.070468
2025,15.120436,453.613069
2026,15.542601,466.278027
2027,15.199231,455.976938
2028,15.596413,467.892377
2029,14.409994,432.299808
2030,15.525945,465.778347
2031,13.559898,406.796925
2032,16.862908,505.887252
2033,14.923126,447.693786
2034,15.258808,457.764254
2035,13.400384,402.011531
2036,14.430493,432.914798
2037,14.262012,427.860346
2038,14.252402,427.572069
2039,15.046765,451.402947
2040,14.376041,431.28123
2041,15.745035,472.351057
2042,14.634849,439.045484
2043,15.328635,459.859065
2044,15.022422,450.672646
2045,13.894939,416.848174
2046,15.470852,464.125561
2047,18.037156,541.11467
2048,14.604741,438.142217
2049,14.119795,423.59385
2050,15.65663,469.698911
2051,15.870596,476.117873
2052,15.220372,456.611147
2053,14.43754,433.126201
2054,14.164638,424.939142
2055,15.184497,455.534914
2056,14.233824,427.014734
2057,12.752082,382.56246
2058,13.967329,419.019859
2059,13.685458,410.563741
2060,15.130045,453.901345
2061,14.171685,425.150545
2062,14.586163,437.584881
2063,17.079436,512.383088
2064,15.744395,472.331839
2065,14.405509,432.165279
2066,14.636131,439.083921
2067,13.782191,413.465727
2068,15.401666,462.049968
2069,14.363229,430.896861
2070,15.006406,450.192184
2071,16.355541,490.66624
2072,15.874439,476.233184
2073,15.233184,456.995516
2074,16.378603,491.358104
2075,14.580397,437.411915
2076,16.633568,499.007047
2077,15.001922,450.057655
2078,14.163357,424.900705
2079,13.677771,410.33312
2080,15.587444,467.623318
2081,13.893017,416.790519
2082,15.946829,478.404869
2083,14.34337,430.301089
2084,14.454837,433.645099
2085,13.06214,391.86419
2086,14.878924,446.367713
2087,14.704676,441.140295
2088,14.586163,437.584881
2089,15.102498,453.074952
2090,13.810378,414.311339
2091,13.786035,413.581038
2092,13.220372,396.611147
2093,14.54196,436.258808
2094,14.317104,429.513133
2095,14.411275,432.338245
2096,14.641256,439.237668
2097,14.017937,420.538117
2098,14.980782,449.423447
2099,16.023703,480.711083
2100,14.074311,422.22934
2101,13.680333,410.409994
2102,14.493914,434.817425
2103,13.290199,398.705958
2104,14.262652,427.879564
2105,14.092889,422.786675
2106,14.727739,441.832159
2107,14.940423,448.212684
2108,14.380525,431.415759
2109,15.151185,454.535554
2110,16.518258,495.547726
2111,13.381807,401.454196
2112,15.233184,456.995516
2113,14.238309,427.149263
2114,15.636771,469.103139
2115,14.789878,443.696348
2116,14.007687,420.230621
2117,14.278027,428.340807
2118,14.513773,435.413197
2119,16.721973,501.659193
2120,14.8123,444.368994
2121,15.896861,476.90583
2122,14.258168,427.745035
2123,14.179372,425.381166
2124,14.704676,441.140295
2125,14.527867,435.836003
2126,14.355541,430.66624
2127,13.720692,411.620756
2128,14.450352,433.51057
2129,13.196669,395.900064
2130,14.43754,433.126201
2131,14.49007,434.702114
2132,14.438821,433.164638
2133,15.753363,472.600897
2134,14.080717,422.421525
2135,14.992953,449.788597
2136,13.338245,400.147341
2137,16.823831,504.714926
2138,16.276746,488.30237
2139,14.714286,441.428571
2140,14.180653,425.419603
2141,14.704676,441.140295
2142,14.390775,431.723254
2143,13.585522,407.565663
2144,15.481742,464.452274
2145,15.317745,459.532351
2146,13.87508,416.252402
2147,15.827675,474.830237
2148,14.254965,427.648943
2149,15.669443,470.08328
2150,14.626521,438.795644
2151,15.402306,462.069186
2152,15.805894,474.17681
2153,14.513773,435.413197
2154,15.620115,468.603459
2155,14.116592,423.497758
2156,14.486867,434.606022
2157,14.863549,445.90647
2158,15.327995,459.839846
2159,14.472133,434.163997
2160,15.881486,476.444587
2161,14.663037,439.891095
2162,13.515695,405.470852
2163,14.326073,429.782191
2164,15.486227,464.586803
2165,14.982063,449.461883
2166,14.34337,430.301089
2167,15.423447,462.703395
2168,14.409353,432.280589
2169,15.202434,456.07303
2170,14.432415,432.972454
2171,14.27098,428.129404
2172,14.406791,432.203716
2173,14.866111,445.983344
2174,16.071108,482.133248
2175,14.04164,421.249199
2176,14.769379,443.081358
2177,14.661755,439.852659
2178,14.251762,427.552851
2179,13.756566,412.696989
2180,13.160154,394.804612
2181,14.340167,430.204997
2182,15.844971,475.349135
2183,13.376041,401.28123
2184,13.49968,404.990391
2185,14.623318,438.699552
2186,15.168482,455.054452
2187,14.682896,440.486867
2188,13.966047,418.981422
2189,15.445227,463.356823
2190,14.598975,437.96925
2191,15.370275,461.108264
2192,15.283792,458.513773
2193,13.802691,414.080717
2194,13.334401,400.032031
2195,14.422806,432.684177
2196,13.499039,404.971172
2197,13.994234,419.827034
2198,14.217809,426.534273
2199,14.734785,442.043562
2200,14.77066,443.119795
2201,13.896861,416.90583
2202,14.529789,435.893658
2203,14.891736,446.752082
2204,13.759769,412.793081
2205,14.192184,425.765535
2206,16.560538,496.816143
2207,13.567585,407.027546
2208,14.994234,449.827034
2209,13.855221,415.65663
2210,14.158232,424.746957
2211,14.82255,444.676489
2212,13.652146,409.564382
2213,14.256887,427.706598
2214,14.210122,426.303652
2215,14.75016,442.504805
2216,14.242793,427.283792
2217,16.709801,501.294042
2218,15.901986,477.059577
2219,15.374119,461.223575
2220,16.274824,488.244715
2221,15.028828,450.86483
2222,14.395259,431.857783
2223,13.345291,400.358744
2224,14.027546,420.826393
2225,14.97886,449.365791
2226,14.34337,430.301089
2227,14.228059,426.841768
2228,14.045484,421.36451
2229,14.071749,422.152466
2230,14.901986,447.059577
2231,13.692505,410.775144
2232,15.342088,460.262652
2233,14.611787,438.353619
2234,14.514414,435.432415
2235,14.452915,433.587444
2236,16.160794,484.823831
2237,15.356182,460.685458
2238,15.443306,463.299167
2239,15.141576,454.247277
2240,16.170404,485.112108
2241,14.221012,426.630365
2242,14.815503,444.465086
2243,15.090327,452.709801
2244,13.001281,390.038437
2245,13.615631,408.46893
2246,15.178091,455.342729
2247,15.700192,471.005766
2248,15.652787,469.5836
2249,15.191544,455.746316
2250,15.610506,468.315183
2251,14.130045,423.901345
2252,14.420884,432.626521
2253,14.338885,430.16656
2254,14.744395,442.331839
2255,15.080077,452.402306
2256,13.546445,406.393338
2257,15.320948,459.628443
2258,15.223575,456.707239
2259,14.661115,439.83344
2260,15.122998,453.689942
2261,16.690583,500.717489
2262,14.787956,443.638693
2263,13.399103,401.973094
2264,14.148623,424.45868
2265,14.661755,439.852659
2266,13.716848,411.505445
2267,15.118514,453.555413
2268,17.431134,522.934017
2269,14.801409,444.042281
2270,15.47918,464.3754
2271,15.390775,461.723254
2272,16.053171,481.595131
2273,14.673286,440.198591
2274,15.464446,463.933376
2275,14.256246,427.68738
2276,14.792441,443.773222
2277,16.315823,489.474696
2278,13.189622,395.688661
2279,14.818706,444.561179
2280,13.907111,417.213325
2281,13.888533,416.65599
2282,15.283152,458.494555
2283,13.389494,401.684817
2284,14.69763,440.928892
2285,14.289558,428.686739
2286,15.204356,456.130685
2287,14.372197,431.165919
2288,14.219731,426.591928
2289,15.157591,454.727739
2290,15.409994,462.299808
2291,13.758488,412.754644
2292,14.885971,446.579116
2293,14.761051,442.831518
2294,15.132607,453.978219
2295,14.395259,431.857783
2296,13.581678,407.450352
2297,15.211403,456.342088
2298,15.512492,465.37476
2299,15.090967,452.72902
2300,15.130045,453.901345
2301,14.636771,439.103139
2302,15.777066,473.31198
2303,15.743754,472.31262
2304,14.939142,448.174247
2305,15.559257,466.777707
2306,14.844971,445.349135
2307,16.13517,484.055093
2308,15.821268,474.638053
2309,13.910955,417.328635
2310,14.331198,429.935939
2311,14.272261,428.167841
2312,15.675208,470.256246
2313,14.527867,435.836003
2314,15.03139,450.941704
2315,16.183857,485.515695
2316,15.746957,472.408712
2317,14.755285,442.658552
2318,14.584881,437.546445
2319,15.169122,455.073671
2320,14.646381,439.391416
2321,15.323511,459.705317
2322,15.883408,476.502242
2323,14.473414,434.202434
2324,15.092889,452.786675
2325,15.397822,461.934657
2326,14.944266,448.327995
2327,13.916079,417.482383
2328,15.566944,467.008328
2329,14.674568,440.237028
2330,15.871877,476.15631
2331,13.454837,403.645099
2332,13.366432,400.992953
2333,15.206278,456.188341
2334,16.682896,500.486867
2335,16.183857,485.515695
2336,14.0205,420.61499
2337,14.668161,440.044843
2338,14.232543,426.976297
2339,14.163357,424.900705
2340,15.089045,452.671365
2341,15.720051,471.601537
2342,15.485586,464.567585
2343,13.846252,415.387572
2344,14.661115,439.83344
2345,13.957079,418.712364
2346,14.762972,442.889174
2347,13.463165,403.894939
2348,17.326714,519.801409
2349,15.067905,452.037156
2350,14.727098,441.81294
2351,13.140295,394.20884
2352,14.262652,427.879564
2353,13.874439,416.233184
2354,14.672646,440.179372
2355,14.026906,420.807175
2356,14.130685,423.920564
2357,14.240871,427.226137
2358,14.231903,426.957079
2359,14.77066,443.119795
2360,13.805253,414.157591
2361,14.986547,449.596413
2362,14.078155,422.344651
2363,15.112748,453.382447
2364,14.518898,435.566944
2365,14.868674,446.060218
2366,14.267136,428.014094
2367,13.78091,413.42729
2368,14.877002,446.310058
2369,15.390775,461.723254
2370,15.679693,470.390775
2371,13.342088,400.262652
2372,14.453555,433.606662
2373,13.196028,395.880846
2374,12.94811,388.443306
2375,13.975016,419.25048
2376,15.94811,478.443306
2377,14.661115,439.83344
2378,13.370916,401.127482
2379,15.737348,472.120436
2380,14.107623,423.2287
2381,13.966688,419.000641
2382,15.153748,454.612428
2383,15.053171,451.595131
2384,15.971813,479.154388
2385,14.237028,427.110826
2386,14.434337,433.030109
2387,14.860346,445.810378
2388,14.818065,444.54196
2389,13.256887,397.706598
2390,15.089686,452.690583
2391,13.928892,417.866752
2392,15.502242,465.067265
2393,15.752082,472.56246
2394,14.841127,445.233824
2395,13.837924,415.137732
2396,15.279308,458.379244
2397,16.320307,489.609225
2398,14.45868,433.76041
2399,13.87508,416.252402
2400,13.370275,401.108264
2401,14.652146,439.564382
2402,14.546445,436.393338
2403,13.612428,408.372838
2404,15.557976,466.73927
2405,16.553491,496.604741
2406,15.863549,475.90647
2407,15.274183,458.225496
2408,15.42729,462.818706
2409,13.714926,411.44779
2410,16.322229,489.66688
2411,12.811659,384.349776
2412,15.745035,472.351057
2413,12.827034,384.811019
2414,15.763613,472.908392
2415,14.432415,432.972454
2416,15.143498,454.304933
2417,13.969891,419.096733
2418,13.811659,414.349776
2419,15.827034,474.811019
2420,15.477899,464.336963
2421,14.281871,428.456118
2422,14.7918,443.754004
2423,15.861627,475.848815
2424,14.363869,430.916079
2425,14.616272,438.488149
2426,15.576553,467.296605
2427,14.128123,423.84369
2428,14.976297,449.288917
2429,15.484946,464.548366
2430,14.165919,424.977578
2431,15.051249,451.537476
2432,13.778347,413.350416
2433,14.841768,445.253043
2434,13.234465,397.033953
2435,14.392697,431.78091
2436,13.702114,411.063421
2437,15.23959,457.1877
2438,15.38565,461.569507
2439,13.862268,415.868033
2440,14.233824,427.014734
2441,13.372838,401.185138
2442,14.891736,446.752082
2443,13.790519,413.715567
2444,13.604741,408.142217
2445,16.689302,500.679052
2446,16.014094,480.422806
2447,13.556694,406.700833
2448,13.171685,395.150545
2449,14.931454,447.943626
2450,14.934017,448.0205
2451,13.88533,416.559898
2452,15.05253,451.575913
2453,15.560538,466.816143
2454,14.714926,441.44779
2455,14.789878,443.696348
2456,15.871877,476.15631
2457,15.006406,450.192184
2458,14.638693,439.160794
2459,13.886611,416.598334
2460,15.257527,457.725817
2461,13.199872,395.996156
2462,15.188981,455.669443
2463,16.242793,487.283792
2464,14.368354,431.050609
2465,15.469571,464.087124
2466,13.040999,391.229981
2467,14.577835,437.335042
2468,15.089045,452.671365
2469,13.616912,408.507367
2470,14.397181,431.915439
2471,14.469571,434.087124
2472,14.405509,432.165279
2473,14.607303,438.21909
2474,14.497758,434.932735
2475,14.229981,426.899423
2476,13.276746,398.30237
2477,14.22934,426.880205
2478,15.060218,451.806534
2479,13.792441,413.773222
2480,14.452915,433.587444
2481,13.685458,410.563741
2482,15.06214,451.86419
2483,14.844331,445.329917
2484,13.651505,409.545163
2485,14.733504,442.005125
2486,16.475977,494.279308
2487,13.25048,397.514414
2488,14.137732,424.131967
2489,14.242152,427.264574
2490,14.805894,444.17681
2491,13.418322,402.549648
2492,14.845612,445.368354
2493,15.51057,465.317104
2494,14.559898,436.796925
2495,14.742473,442.274183
2496,14.217168,426.515054
2497,14.966688,449.000641
2498,14.70852,441.255605
2499,13.946188,418.38565
2500,15.570788,467.123639
2501,14.233184,426.995516
2502,13.792441,413.773222
2503,14.058296,421.748879
2504,15.276105,458.283152
2505,16.439462,493.183857
2506,14.876361,446.290839
2507,15.258168,457.745035
2508,14.234465,427.033953
2509,14.836643,445.099295
2510,14.451634,433.549007
2511,15.826393,474.7918
2512,13.286355,398.590647
2513,14.217168,426.515054
2514,15.946188,478.38565
2515,13.336963,400.108905
2516,14.830878,444.926329
2517,15.463165,463.894939
2518,15.647021,469.410634
2519,14.761051,442.831518
2520,14.846252,445.387572
2521,15.012172,450.365151
2522,14.912236,447.367072
2523,14.986547,449.596413
2524,14.044202,421.326073
2525,15.318386,459.55157
2526,14.278668,428.360026
2527,15.101858,453.055734
2528,14.26073,427.821909
2529,14.013453,420.403587
2530,13.832799,414.983985
2531,14.832799,444.983985
2532,15.813581,474.407431
2533,15.885971,476.579116
2534,15.211403,456.342088
2535,14.65599,439.679693
2536,15.986547,479.596413
2537,13.595131,407.85394
2538,13.718129,411.543882
2539,15.66688,470.006406
2540,15.16656,454.996797
2541,13.285714,398.571429
2542,14.788597,443.657912
2543,14.258808,427.764254
2544,13.774504,413.235106
2545,16.671365,500.140935
2546,13.67713,410.313901
2547,13.480461,404.413837
2548,14.860346,445.810378
2549,15.189622,455.688661
2550,15.420243,462.607303
2551,15.978219,479.346573
2552,14.022422,420.672646
2553,14.832159,444.964766
2554,14.136451,424.09353
2555,15.693786,470.813581
2556,12.820628,384.618834
2557,15.641896,469.256887
2558,14.317104,429.513133
2559,14.07303,422.190903
2560,14.091608,422.748238
2561,13.699552,410.986547
2562,13.702114,411.063421
2563,14.24984,427.495195
2564,15.38565,461.569507
2565,13.787316,413.619475
2566,16.881486,506.444587
2567,14.696989,440.909673
2568,13.423447,402.703395
2569,14.523382,435.701473
2570,13.689942,410.69827
2571,14.067265,422.017937
2572,14.668802,440.064061
2573,14.752723,442.581678
2574,13.962844,418.88533
2575,15.237668,457.130045
2576,14.879564,446.386931
2577,16.650865,499.525945
2578,14.217168,426.515054
2579,13.821268,414.638053
2580,15.731582,471.94747
2581,14.72966,441.889814
2582,14.944907,448.347213
2583,14.622678,438.680333
2584,13.746957,412.408712
2585,15.045484,451.36451
2586,13.693145,410.794363
2587,14.117873,423.536195
2588,13.293402,398.80205
2589,13.66688,410.006406
2590,13.485586,404.567585
2591,15.794363,473.830878
2592,15.675208,470.256246
2593,14.071108,422.133248
2594,14.293402,428.80205
2595,15.360666,460.819987
2596,14.700833,441.024984
2597,14.080077,422.402306
2598,14.441384,433.241512
2599,14.317104,429.513133
2600,14.101858,423.055734
2601,13.570788,407.123639
2602,13.712364,411.370916
2603,13.493274,404.798206
2604,14.852659,445.579757
2605,16.761051,502.831518
2606,14.143498,424.304933
2607,15.336323,460.089686
2608,15.175529,455.265855
2609,13.543242,406.297245
2610,14.683536,440.506086
2611,13.959001,418.770019
2612,15.710442,471.313261
2613,15.472774,464.183216
2614,15.040359,451.210762
2615,13.786035,413.581038
2616,13.92697,417.809097
2617,14.400384,432.011531
2618,14.787316,443.619475
2619,13.869955,416.098655
2620,14.29212,428.763613
2621,15.198591,455.957719
2622,16.475336,494.26009
2623,13.300448,399.013453
2624,14.596413,437.892377
2625,14.73927,442.178091
2626,14.603459,438.10378
2627,14.014094,420.422806
2628,14.335682,430.070468
2629,15.654709,469.641256
2630,13.850737,415.522101
2631,14.155669,424.670083
2632,16.443306,493.299167
2633,16.071108,482.133248
2634,15.313261,459.397822
2635,15.106983,453.209481
2636,14.865471,445.964126
2637,14.982063,449.461883
2638,16.518898,495.566944
2639,14.90647,447.194106
2640,14.22934,426.880205
2641,13.818065,414.54196
2642,14.516976,435.509289
2643,13.490711,404.721332
2644,15.223575,456.707239
2645,16.181935,485.45804
2646,14.882127,446.463805
2647,13.89622,416.886611
2648,14.415119,432.453555
2649,14.294683,428.840487
2650,16.073671,482.210122
2651,14.50993,435.297886
2652,15.149263,454.477899
2653,15.072389,452.171685
2654,15.235746,457.072389
2655,13.66688,410.006406
2656,15.446509,463.395259
2657,15.042281,451.268418
2658,15.94811,478.443306
2659,13.660474,409.814222
2660,15.033953,451.018578
2661,13.692505,410.775144
2662,14.195388,425.861627
2663,16.045484,481.36451
2664,14.950032,448.500961
2665,15.354901,460.647021
2666,15.286355,458.590647
2667,15.328635,459.859065
2668,15.365791,460.973735
2669,14.452915,433.587444
2670,14.386291,431.588725
2671,13.814862,414.445868
2672,14.825112,444.753363
2673,15.224856,456.745676
2674,13.752082,412.56246
2675,14.766176,442.985266
2676,14.77066,443.119795
2677,15.292761,458.782832
2678,16.175529,485.265855
2679,14.912876,447.386291
2680,15.452274,463.568225
2681,14.923767,447.713004
2682,14.420884,432.626521
2683,14.430493,432.914798
2684,14.057015,421.710442
2685,14.890455,446.713645
2686,12.852659,385.579757
2687,13.944266,418.327995
2688,15.734145,472.024343
2689,14.684817,440.544523
2690,14.675849,440.275464
2691,16.659193,499.775785
2692,14.417681,432.530429
2693,15.100577,453.017297
2694,14.086483,422.594491
2695,14.994875,449.846252
2696,14.645099,439.352979
2697,14.607944,438.238309
2698,13.818065,414.54196
2699,14.119795,423.59385
2700,14.304933,429.147982
2701,15.203716,456.111467
2702,15.862268,475.868033
2703,15.172966,455.188981
2704,13.652146,409.564382
2705,13.805894,414.17681
2706,14.784753,443.542601
2707,13.659193,409.775785
2708,15.627803,468.834081
2709,12.559257,376.777707
2710,14.199231,425.976938
2711,15.579116,467.373479
2712,14.317745,429.532351
2713,13.842409,415.272261
2714,14.38565,431.569507
2715,15.12492,453.747598
2716,13.831518,414.945548
2717,15.636771,469.103139
2718,14.398463,431.953876
2719,16.886611,506.598334
2720,15.16656,454.996797
2721,13.740551,412.216528
2722,15.762332,472.869955
2723,17.33312,519.993594
2724,14.347213,430.4164
2725,14.659833,439.795003
2726,14.629084,438.872518
2727,15.747598,472.427931
2728,15.023062,450.691864
2729,14.602178,438.065343
2730,15.513773,465.413197
2731,15.818065,474.54196
2732,13.622037,408.661115
2733,15.304933,459.147982
2734,13.741832,412.254965
2735,17.771941,533.158232
2736,13.358744,400.762332
2737,13.761051,412.831518
2738,14.810378,444.311339
2739,14.427931,432.837924
2740,14.767457,443.023703
2741,13.932095,417.962844
2742,13.907751,417.232543
2743,14.331839,429.955157
2744,14.78155,443.446509
2745,14.955798,448.673927
2746,14.142857,424.285714
2747,16.181935,485.45804
2748,14.360666,430.819987
2749,14.765535,442.966047
2750,14.725817,441.774504
2751,13.696348,410.890455
2752,17.876361,536.290839
2753,13.688661,410.659833
2754,17.159513,514.785394
2755,13.976938,419.308136
2756,16.470211,494.106342
2757,14.071108,422.133248
2758,13.256246,397.68738
2759,15.067265,452.017937
2760,14.986547,449.596413
2761,14.819347,444.580397
2762,14.048687,421.460602
2763,16.409353,492.280589
2764,14.004484,420.134529
2765,14.094811,422.844331
2766,16.011531,480.345932
2767,14.957079,448.712364
2768,15.119154,453.574632
2769,14.347854,430.435618
2770,14.538117,436.143498
2771,14.140295,424.20884
2772,14.992313,449.769379
2773,13.997438,419.923126
2774,14.469571,434.087124
2775,14.56246,436.873799
2776,14.31262,429.378603
2777,14.238309,427.149263
2778,15.204356,456.130685
2779,13.659833,409.795003
2780,13.639974,409.199231
2781,14.966047,448.981422
2782,14.189622,425.688661
2783,16.169763,485.092889
2784,15.143498,454.304933
2785,16.076874,482.306214
2786,15.600256,468.007687
2787,14.552851,436.585522
2788,14.754644,442.639334
2789,14.360026,430.800769
2790,15.361947,460.858424
2791,15.826393,474.7918
2792,14.581678,437.450352
2793,15.550929,466.527867
2794,14.787956,443.638693
2795,15.13517,454.055093
2796,14.57335,437.200512
2797,13.776425,413.292761
2798,13.443946,403.318386
2799,14.021781,420.653427
2800,14.066624,421.998719
2801,13.50993,405.297886
2802,15.77066,473.119795
2803,13.745676,412.370275
2804,13.227418,396.82255
2805,14.800128,444.003844
2806,13.384369,401.53107
2807,15.275464,458.263933
2808,14.210122,426.303652
2809,13.821268,414.638053
2810,13.821268,414.638053
2811,15.029468,450.884049
2812,14.305573,429.167201
2813,16.513133,495.393978
2814,14.01089,420.326714
2815,15.935939,478.078155
2816,15.767457,473.023703
2817,14.777066,443.31198
2818,14.898783,446.963485
2819,14.663677,439.910314
2820,16.350416,490.512492
2821,14.413197,432.3959
2822,14.467008,434.01025
2823,13.397181,401.915439
2824,14.752082,442.56246
2825,13.610506,408.315183
2826,13.099295,392.97886
2827,13.573991,407.219731
2828,14.462524,433.875721
2829,14.709161,441.274824
2830,15.713645,471.409353
2831,14.33312,429.993594
2832,14.73991,442.197309
2833,14.78091,443.42729
2834,15.436899,463.106983
2835,14.604741,438.142217
2836,15.194747,455.842409
2837,14.077514,422.325432
2838,13.980782,419.423447
2839,13.957079,418.712364
2840,13.754644,412.639334
2841,14.146701,424.401025
2842,14.409353,432.280589
2843,15.049327,451.479821
2844,14.329917,429.897502
2845,13.631006,408.930173
2846,14.700833,441.024984
2847,16.006406,480.192184
2848,15.290199,458.705958
2849,14.577835,437.335042
2850,14.878924,446.367713
2851,13.910955,417.328635
2852,14.085202,422.556054
2853,14.568866,437.065983
2854,12.913517,387.405509
2855,16.136451,484.09353
2856,13.727098,411.81294
2857,14.418962,432.568866
2858,14.858424,445.752723
2859,14.198591,425.957719
2860,14.91672,447.501602
2861,14.497117,434.913517
2862,13.930814,417.924407
2863,15.133248,453.997438
2864,13.699552,410.986547
2865,15.799488,473.984625
2866,14.787316,443.619475
2867,14.30237,429.071108
2868,15.987188,479.615631
2869,15.233184,456.995516
2870,13.795644,413.869315
2871,16.465727,493.971813
2872,15.232543,456.976297
2873,14.453555,433.606662
2874,14.951954,448.558616
2875,14.992313,449.769379
2876,14.763613,442.908392
2877,14.860987,445.829596
2878,14.390135,431.704036
2879,15.037796,451.133889
2880,15.191544,455.746316
2881,14.299808,428.994234
2882,14.629725,438.891736
2883,15.495836,464.87508
2884,14.506086,435.182575
2885,14.340807,430.224215
2886,14.538757,436.162716
2887,15.325432,459.762972
2888,13.399103,401.973094
2889,15.148623,454.45868
2890,16.076233,482.286996
2891,14.426009,432.780269
2892,14.049327,421.479821
2893,15.481742,464.452274
2894,13.941063,418.231903
2895,13.756566,412.696989
2896,14.096092,422.882767
2897,15.072389,452.171685
2898,16.14606,484.381807
2899,15.611147,468.334401
2900,14.319667,429.590006
2901,15.642537,469.276105
2902,15.477899,464.336963
2903,14.459321,433.779628
2904,14.174888,425.246637
2905,14.47918,434.3754
2906,15.438181,463.14542
2907,16.112748,483.382447
2908,14.584241,437.527226
2909,18.203716,546.111467
2910,13.900705,417.02114
2911,14.38565,431.569507
2912,15.367072,461.012172
2913,15.50993,465.297886
2914,14.855862,445.675849
2915,14.845612,445.368354
2916,14.060218,421.806534
2917,14.155669,424.670083
2918,15.723895,471.716848
2919,15.264574,457.93722
2920,14.137092,424.112748
2921,14.881486,446.444587
2922,14.89622,446.886611
2923,13.992313,419.769379
2924,14.226778,426.803331
2925,13.530429,405.912876
2926,16.172966,485.188981
2927,14.132607,423.978219
2928,14.2287,426.860987
2929,16.092249,482.767457
2930,14.098014,422.940423
2931,16.411275,492.338245
2932,13.82255,414.676489
2933,14.631646,438.949391
2934,13.685458,410.563741
2935,17.356823,520.704676
2936,14.909033,447.27098
2937,14.441384,433.241512
2938,14.803972,444.119154
2939,13.966688,419.000641
2940,16.188981,485.669443
2941,15.241512,457.245356
2942,14.525304,435.759129
2943,16.168482,485.054452
2944,14.199231,425.976938
2945,14.297886,428.936579
2946,14.133248,423.997438
2947,13.795644,413.869315
2948,14.773863,443.215887
2949,14.35426,430.627803
2950,15.152466,454.573991
2951,15.71877,471.563101
2952,13.592569,407.777066
2953,12.94811,388.443306
2954,15.477899,464.336963
2955,14.401025,432.03075
2956,14.748879,442.466368
2957,14.092249,422.767457
2958,14.345932,430.377963
2959,15.803972,474.119154
2960,15.577194,467.315823
2961,15.970532,479.115951
2962,14.478539,434.356182
2963,14.584881,437.546445
2964,14.950032,448.500961
2965,14.787316,443.619475
2966,14.832159,444.964766
2967,13.834721,415.04164
2968,14.345291,430.358744
2969,14.064702,421.941063
2970,14.181935,425.45804
2971,15.068546,452.056374
2972,14.841768,445.253043
2973,16.114029,483.420884
2974,15.035234,451.057015
2975,13.265855,397.975657
2976,15.959001,478.770019
2977,15.57335,467.200512
2978,13.727098,411.81294
2979,14.694427,440.832799
2980,14.101858,423.055734
2981,14.916079,447.482383
2982,14.544523,436.335682
2983,15.225496,456.764894
2984,15.155029,454.650865
2985,14.214606,426.438181
2986,14.684817,440.544523
2987,14.529789,435.893658
2988,15.711723,471.351698
2989,14.664318,439.929532
2990,13.616912,408.507367
2991,13.62524,408.757207
2992,13.868033,416.040999
2993,14.254324,427.629725
2994,15.883408,476.502242
2995,16.071749,482.152466
2996,14.297245,428.917361
2997,14.368354,431.050609
2998,14.911595,447.347854
2999,15.374119,461.223575
3000,13.965407,418.962204
3001,15.005125,450.153748
3002,15.675208,470.256246
3003,15.247277,457.418322
3004,14.289558,428.686739
3005,13.460602,403.818065
3006,14.942345,448.27034
3007,15.842409,475.272261
3008,13.209481,396.284433
3009,14.054452,421.633568
3010,15.08328,452.498398
3011,13.80205,414.061499
3012,13.720692,411.620756
3013,14.978219,449.346573
3014,16.210762,486.32287
3015,15.751441,472.543242
3016,14.798206,443.946188
3017,16.574632,497.238949
3018,14.912876,447.386291
3019,14.373479,431.204356
3020,16.039078,481.172325
3021,15.539398,466.181935
3022,15.689302,470.679052
3023,13.382447,401.473414
3024,15.433056,462.991672
3025,14.005766,420.172966
3026,15.029468,450.884049
3027,15.370275,461.108264
3028,14.376041,431.28123
3029,14.87508,446.252402
3030,14.748238,442.447149
3031,15.026906,450.807175
3032,13.713004,411.390135
3033,15.129404,453.882127
3034,14.959641,448.789238
3035,13.828956,414.868674
3036,14.543242,436.297245
3037,14.596413,437.892377
3038,14.757207,442.716208
3039,15.55221,466.566304
3040,16.169763,485.092889
3041,14.295324,428.859705
3042,13.928892,417.866752
3043,14.554132,436.623959
3044,14.318386,429.55157
3045,14.491992,434.759769
3046,14.026906,420.807175
3047,16.133248,483.997438
3048,13.611787,408.353619
3049,14.887252,446.617553
3050,13.323511,399.705317
3051,16.355541,490.66624
3052,16.123639,483.709161
3053,13.804612,414.138373
3054,13.613709,408.411275
3055,15.277386,458.321589
3056,16.144138,484.324151
3057,15.513773,465.413197
3058,15.048687,451.460602
3059,16.092249,482.767457
3060,14.099936,422.998078
3061,15.391416,461.742473
3062,13.589366,407.680974
3063,15.863549,475.90647
3064,15.296605,458.898142
3065,13.867393,416.021781
3066,15.654068,469.622037
3067,13.512492,405.37476
3068,13.845612,415.368354
3069,14.295964,428.878924
3070,16.704676,501.140295
3071,15.196028,455.880846
3072,15.536835,466.105061
3073,14.793081,443.792441
3074,13.741192,412.235746
3075,14.507367,435.221012
3076,14.720692,441.620756
3077,14.997438,449.923126
3078,15.126842,453.805253
3079,13.360666,400.819987
3080,15.714926,471.44779
3081,14.137732,424.131967
3082,14.184497,425.534914
3083,14.276746,428.30237
3084,16.116592,483.497758
3085,14.445227,433.356823
3086,14.459321,433.779628
3087,12.930814,387.924407
3088,14.532992,435.98975
3089,13.221653,396.649584
3090,14.809097,444.272902
3091,14.641256,439.237668
3092,13.379885,401.396541
3093,14.685458,440.563741
3094,13.934017,418.0205
3095,14.199231,425.976938
3096,14.514414,435.432415
3097,15.621397,468.641896
3098,16.122998,483.689942
3099,15.465727,463.971813
3100,14.347854,430.435618
3101,14.096733,422.901986
3102,15.117873,453.536195
3103,12.938501,388.155029
3104,15.31198,459.359385
3105,14.102498,423.074952
3106,16.091608,482.748238
3107,14.370916,431.127482
3108,14.55157,436.547085
3109,14.868033,446.040999
3110,14.091608,422.748238
3111,14.491992,434.759769
3112,15.529148,465.874439
3113,15.016656,450.49968
3114,14.560538,436.816143
3115,16.131967,483.959001
3116,15.222934,456.68802
3117,13.80205,414.061499
3118,14.361307,430.839206
3119,14.97886,449.365791
3120,14.798847,443.965407
3121,14.992313,449.769379
3122,14.199872,425.996156
3123,14.754644,442.639334
3124,15.6041,468.122998
3125,14.520179,435.605381
3126,14.945548,448.366432
3127,14.070468,422.114029
3128,14.896861,446.90583
3129,15.235106,457.053171
3130,15.046124,451.383728
3131,15.140935,454.228059
3132,15.652146,469.564382
3133,14.523382,435.701473
3134,15.184497,455.534914
3135,15.390135,461.704036
3136,14.673286,440.198591
3137,13.215887,396.476618
3138,15.328635,459.859065
3139,13.2287,396.860987
3140,16.392697,491.78091
3141,13.33376,400.012812
3142,12.98975,389.692505
3143,16.580397,497.411915
3144,14.45868,433.76041
3145,16.046765,481.402947
3146,15.038437,451.153107
3147,15.616912,468.507367
3148,13.736707,412.101217
3149,15.403587,462.107623
3150,14.661755,439.852659
3151,13.550929,406.527867
3152,15.247277,457.418322
3153,14.278027,428.340807
3154,15.067265,452.017937
3155,15.209481,456.284433
3156,15.476618,464.298527
3157,13.369635,401.089045
3158,15.320948,459.628443
3159,13.817425,414.522742
3160,14.233184,426.995516
3161,14.427931,432.837924
3162,14.554132,436.623959
3163,16.643818,499.314542
3164,15.586163,467.584881
3165,14.732223,441.966688
3166,15.433696,463.01089
3167,14.964766,448.942985
3168,13.503523,405.105701
3169,13.742473,412.274183
3170,13.297245,398.917361
3171,14.17681,425.304292
3172,15.042281,451.268418
3173,14.616272,438.488149
3174,13.372197,401.165919
3175,15.21845,456.553491
3176,14.219731,426.591928
3177,15.064702,451.941063
3178,14.667521,440.025625
3179,15.050609,451.518258
3180,14.095452,422.863549
3181,14.025625,420.768738
3182,14.618193,438.545804
3183,14.053812,421.61435
3184,14.461243,433.837284
3185,15.024984,450.74952
3186,13.014094,390.422806
3187,13.764894,412.946829
3188,13.356823,400.704676
3189,16.053171,481.595131
3190,15.838565,475.156951
3191,13.919923,417.597694
3192,15.05189,451.556694
3193,15.432415,462.972454
3194,14.176169,425.285074
3195,14.065343,421.960282
3196,15.101858,453.055734
3197,14.477258,434.317745
3198,15.390775,461.723254
3199,16.53171,495.951313
3200,13.757207,412.716208
3201,14.74952,442.485586
3202,13.650224,409.506726
3203,14.017937,420.538117
3204,14.604741,438.142217
3205,14.227418,426.82255
3206,15.22934,456.880205
3207,14.73991,442.197309
3208,15.638053,469.141576
3209,15.5836,467.508008
3210,15.980782,479.423447
3211,13.974375,419.231262
3212,15.155029,454.650865
3213,15.994875,479.846252
3214,13.589366,407.680974
3215,15.348495,460.454837
3216,15.168482,455.054452
3217,15.374119,461.223575
3218,15.133889,454.016656
3219,13.902627,417.078796
3220,14.826393,444.7918
3221,15.896861,476.90583
3222,13.472133,404.163997
3223,16.339526,490.185778
3224,14.523382,435.701473
3225,15.334401,460.032031
3226,14.975016,449.25048
3227,15.268418,458.05253
3228,15.921845,477.655349
3229,14.470852,434.125561
3230,14.004484,420.134529
3231,14.586803,437.6041
3232,14.671365,440.140935
3233,13.841768,415.253043
3234,15.368354,461.050609
3235,15.796284,473.888533
3236,13.730301,411.909033
3237,15.856502,475.695067
3238,14.201794,426.053812
3239,14.856502,445.695067
3240,15.070468,452.114029
3241,15.042921,451.287636
3242,15.045484,451.36451
3243,13.88533,416.559898
3244,14.231903,426.957079
3245,14.592569,437.777066
3246,15.547726,466.431775
3247,13.392056,401.761691
3248,15.016656,450.49968
3249,14.247277,427.418322
3250,12.555413,376.662396
3251,15.372197,461.165919
3252,14.663677,439.910314
3253,14.516336,435.49007
3254,14.663037,439.891095
3255,15.788597,473.657912
3256,14.123639,423.709161
3257,14.115951,423.478539
3258,13.724536,411.736067
3259,13.95836,418.750801
3260,15.643818,469.314542
3261,13.718129,411.543882
3262,13.736067,412.081999
3263,16.07303,482.190903
3264,15.479821,464.394619
3265,14.592569,437.777066
3266,14.212684,426.380525
3267,13.869315,416.079436
3268,16.133889,484.016656
3269,14.472774,434.183216
3270,14.30237,429.071108
3271,14.09353,422.805894
3272,15.548366,466.450993
3273,13.70788,411.236387
3274,15.102498,453.074952
3275,15.725176,471.755285
3276,15.099295,452.97886
3277,14.769379,443.081358
3278,15.225496,456.764894
3279,15.308776,459.263293
3280,14.117873,423.536195
3281,14.169122,425.073671
3282,15.429853,462.89558
3283,14.73991,442.197309
3284,15.962204,478.866111
3285,13.994875,419.846252
3286,14.301089,429.032671
3287,14.931454,447.943626
3288,14.547085,436.412556
3289,13.515695,405.470852
3290,14.3754,431.262012
3291,13.605381,408.161435
3292,14.17745,425.323511
3293,15.027546,450.826393
3294,13.87508,416.252402
3295,14.914798,447.443946
3296,14.05189,421.556694
3297,15.532351,465.970532
3298,15.537476,466.124279
3299,14.49968,434.990391
3300,14.394619,431.838565
3301,15.652146,469.564382
3302,15.787316,473.619475
3303,15.337604,460.128123
3304,16.285714,488.571429
3305,14.201794,426.053812
3306,15.407431,462.222934
3307,14.991031,449.730942
3308,15.240871,457.226137
3309,14.223575,426.707239
3310,14.42729,432.818706
3311,14.946829,448.404869
3312,15.550288,466.508648
3313,15.194106,455.82319
3314,14.884689,446.540679
3315,14.59385,437.815503
3316,14.490711,434.721332
3317,16.092889,482.786675
3318,15.350416,460.512492
3319,16.499039,494.971172
3320,14.318386,429.55157
3321,13.970532,419.115951
3322,15.180013,455.400384
3323,14.083921,422.517617
3324,13.850096,415.502883
3325,14.784113,443.523382
3326,14.547726,436.431775
3327,14.525304,435.759129
3328,13.790519,413.715567
3329,14.116592,423.497758
3330,15.092889,452.786675
3331,13.951313,418.539398
3332,13.565663,406.969891
3333,15.768097,473.042921
3334,14.934017,448.0205
3335,14.02114,420.634209
3336,15.356182,460.685458
3337,14.256246,427.68738
3338,14.137092,424.112748
3339,14.746957,442.408712
3340,13.93722,418.116592
3341,15.837284,475.118514
3342,13.595772,407.873158
3343,14.094811,422.844331
3344,15.835362,475.060858
3345,14.133248,423.997438
3346,16.901986,507.059577
3347,14.994875,449.846252
3348,15.046124,451.383728
3349,14.90583,447.174888
3350,14.089686,422.690583
3351,14.024984,420.74952
3352,16.222293,486.668802
3353,14.183857,425.515695
3354,15.128764,453.862908
3355,14.664958,439.948751
3356,15.090967,452.72902
3357,15.76041,472.8123
3358,15.609225,468.276746
3359,14.018578,420.557335
3360,13.425368,402.761051
3361,14.675208,440.256246
3362,14.62524,438.757207
3363,15.350416,460.512492
3364,14.590647,437.719411
3365,13.430493,402.914798
3366,14.462524,433.875721
3367,14.641256,439.237668
3368,14.566304,436.98911
3369,13.440743,403.222293
3370,14.353619,430.608584
3371,16.379885,491.396541
3372,15.033312,450.999359
3373,14.710442,441.313261
3374,14.438821,433.164638
3375,13.920564,417.616912
3376,14.570147,437.10442
3377,14.589366,437.680974
3378,13.814222,414.42665
3379,14.212684,426.380525
3380,15.053812,451.61435
3381,13.289558,398.686739
3382,14.359385,430.78155
3383,14.964126,448.923767
3384,12.939142,388.174247
3385,15.133248,453.997438
3386,14.096092,422.882767
3387,15.057015,451.710442
3388,15.096733,452.901986
3389,13.931454,417.943626
3390,14.938501,448.155029
3391,14.345291,430.358744
3392,14.526586,435.797566
3393,13.185138,395.554132
3394,13.450352,403.51057
3395,14.925689,447.77066
3396,14.985906,449.577194
3397,15.101217,453.036515
3398,14.434337,433.030109
3399,14.64574,439.372197
3400,13.811019,414.330557
3401,15.09417,452.825112
3402,13.93722,418.116592
3403,14.494555,434.836643
3404,15.074311,452.22934
3405,15.646381,469.391416
3406,13.754644,412.639334
3407,14.517617,435.528507
3408,15.836003,475.080077
3409,16.021781,480.653427
3410,14.283152,428.494555
3411,14.819347,444.580397
3412,14.992313,449.769379
3413,14.722614,441.678411
3414,14.693145,440.794363
3415,14.55157,436.547085
3416,14.383088,431.492633
3417,13.214606,396.438181
3418,15.003844,450.115311
3419,16.279308,488.379244
3420,14.703395,441.101858
3421,13.942345,418.27034
3422,15.515054,465.451634
3423,15.76041,472.8123
3424,13.782191,413.465727
3425,14.475336,434.26009
3426,14.962204,448.866111
3427,14.689302,440.679052
3428,15.003844,450.115311
3429,13.718129,411.543882
3430,14.376041,431.28123
3431,15.609225,468.276746
3432,13.871877,416.15631
3433,13.619475,408.584241
3434,14.926329,447.789878
3435,13.310058,399.30173
3436,14.54196,436.258808
3437,14.08328,422.498398
3438,15.320307,459.609225
3439,14.376682,431.300448
3440,14.230621,426.918642
3441,14.109545,423.286355
3442,13.289558,398.686739
3443,15.488149,464.644459
3444,15.717489,471.524664
3445,14.779628,443.388853
3446,15.640615,469.21845
3447,14.120436,423.613069
3448,15.254965,457.648943
3449,14.115311,423.459321
3450,15.222934,456.68802
3451,13.502242,405.067265
3452,13.620115,408.603459
3453,14.471493,434.144779
3454,15.318386,459.55157
3455,14.200512,426.015375
3456,16.155669,484.670083
3457,14.425368,432.761051
3458,13.425368,402.761051
3459,16.731582,501.94747
3460,15.215247,456.457399
3461,15.55157,466.547085
3462,14.434337,433.030109
3463,14.240871,427.226137
3464,14.53171,435.951313
3465,15.313901,459.41704
3466,14.756566,442.696989
3467,14.69763,440.928892
3468,13.747598,412.427931
3469,14.78091,443.42729
3470,15.10378,453.113389
3471,15.882127,476.463805
3472,13.691224,410.736707
3473,14.21845,426.553491
3474,15.01089,450.326714
3475,14.605381,438.161435
3476,15.032671,450.980141
3477,13.586803,407.6041
3478,14.368354,431.050609
3479,13.642537,409.276105
3480,13.991672,419.75016
3481,15.206919,456.207559
3482,15.191544,455.746316
3483,15.379885,461.396541
3484,15.203075,456.092249
3485,14.112748,423.382447
3486,12.857143,385.714286
3487,14.233824,427.014734
3488,14.101858,423.055734
3489,15.372197,461.165919
3490,14.231262,426.93786
3491,14.044202,421.326073
3492,15.702114,471.063421
3493,15.772582,473.17745
3494,14.409994,432.299808
3495,14.098655,422.959641
3496,13.817425,414.522742
3497,15.929532,477.885971
3498,14.253684,427.610506
3499,14.335042,430.051249
3500,13.460602,403.818065
3501,14.180653,425.419603
3502,14.33376,430.012812
3503,16.144779,484.34337
3504,14.243434,427.303011
3505,14.839846,445.195388
3506,14.673927,440.217809
3507,13.790519,413.715567
3508,14.10378,423.113389
3509,14.274183,428.225496
3510,13.807175,414.215247
3511,14.959001,448.770019
3512,14.803972,444.119154
3513,15.474696,464.240871
3514,13.110186,393.305573
3515,15.29148,458.744395
3516,15.892377,476.7713
3517,13.399103,401.973094
3518,14.942985,448.289558
3519,15.37476,461.242793
3520,14.461243,433.837284
3521,14.412556,432.376682
3522,13.652146,409.564382
3523,14.256887,427.706598
3524,14.304292,429.128764
3525,15.460602,463.818065
3526,14.611147,438.334401
3527,14.359385,430.78155
3528,14.556054,436.681614
3529,14.475977,434.279308
3530,13.964126,418.923767
3531,14.998078,449.942345
3532,14.014094,420.422806
3533,15.825112,474.753363
3534,14.163997,424.919923
3535,15.834081,475.022422
3536,15.142217,454.266496
3537,14.636771,439.103139
3538,15.216528,456.495836
3539,17.099936,512.998078
3540,14.820628,444.618834
3541,15.039078,451.172325
3542,14.128764,423.862908
3543,14.481742,434.452274
3544,14.518258,435.547726
3545,15.01025,450.307495
3546,15.243434,457.303011
3547,15.577835,467.335042
3548,14.352979,430.589366
3549,16.088405,482.652146
3550,14.720051,441.601537
3551,14.315183,429.455477
3552,14.506086,435.182575
3553,14.794363,443.830878
3554,12.819987,384.599616
3555,12.174888,365.246637
3556,14.555413,436.662396
3557,13.875721,416.271621
3558,14.907751,447.232543
3559,14.691864,440.755926
3560,15.044843,451.345291
3561,14.401025,432.03075
3562,14.405509,432.165279
3563,14.342088,430.262652
3564,14.595772,437.873158
3565,13.759769,412.793081
3566,13.680974,410.429212
3567,13.785394,413.561819
3568,14.820628,444.618834
3569,15.367713,461.03139
3570,16.143498,484.304933
3571,13.775144,413.254324
3572,15.82255,474.676489
3573,15.79116,473.734785
3574,13.663037,409.891095
3575,15.12492,453.747598
3576,14.079436,422.383088
3577,12.93786,388.13581
3578,14.955157,448.654709
3579,14.807816,444.234465
3580,15.640615,469.21845
3581,15.338885,460.16656
3582,14.238309,427.149263
3583,15.008969,450.269058
3584,13.484946,404.548366
3585,14.655349,439.660474
3586,15.259449,457.783472
3587,15.134529,454.035874
3588,13.775144,413.254324
3589,14.970532,449.115951
3590,13.672646,410.179372
3591,15.267777,458.033312
3592,13.765535,412.966047
3593,14.797566,443.92697
3594,15.862908,475.887252
3595,14.349776,430.493274
3596,13.963485,418.904548
3597,15.209481,456.284433
3598,15.973735,479.212044
3599,14.005766,420.172966
3600,14.79116,443.734785
3601,14.192825,425.784753
3602,14.662396,439.871877
3603,15.724536,471.736067
3604,15.393338,461.800128
3605,16.071749,482.152466
3606,15.051249,451.537476
3607,14.604741,438.142217
3608,13.38565,401.569507
3609,14.804612,444.138373
3610,15.042921,451.287636
3611,14.7918,443.754004
3612,14.353619,430.608584
3613,14.859065,445.771941
3614,13.108905,393.267136
3615,15.019218,450.576553
3616,14.158873,424.766176
3617,15.461883,463.856502
3618,13.700192,411.005766
3619,14.549648,436.48943
3620,14.744395,442.331839
3621,15.555413,466.662396
3622,14.386291,431.588725
3623,15.447149,463.414478
3624,14.743113,442.293402
3625,13.967329,419.019859
3626,15.307495,459.224856
3627,13.890455,416.713645
3628,13.693145,410.794363
3629,15.120436,453.613069
3630,14.880846,446.425368
3631,14.707239,441.217168
3632,14.085202,422.556054
3633,14.998078,449.942345
3634,13.817425,414.522742
3635,15.526586,465.797566
3636,15.649584,469.487508
3637,14.898783,446.963485
3638,15.701473,471.044202
3639,15.705317,471.159513
3640,14.03139,420.941704
3641,13.110186,393.305573
3642,13.511211,405.336323
3643,16.402947,492.088405
3644,13.517617,405.528507
3645,14.682255,440.467649
3646,14.70788,441.236387
3647,15.001922,450.057655
3648,13.705958,411.178732
3649,15.680333,470.409994
3650,13.70788,411.236387
3651,14.609865,438.295964
3652,15.325432,459.762972
3653,14.228059,426.841768
3654,13.790519,413.715567
3655,15.037156,451.11467
3656,14.766176,442.985266
3657,15.599616,467.988469
3658,14.892377,446.7713
3659,14.035234,421.057015
3660,13.709801,411.294042
3661,14.278668,428.360026
3662,13.632287,408.96861
3663,16.390135,491.704036
3664,14.984625,449.538757
3665,15.348495,460.454837
3666,12.996156,389.884689
3667,14.672646,440.179372
3668,15.952594,478.577835
3669,14.527867,435.836003
3670,14.18706,425.611787
3671,14.782832,443.484946
3672,13.036515,391.095452
3673,14.449712,433.491352
3674,14.775144,443.254324
3675,14.844971,445.349135
3676,14.087764,422.632928
3677,15.467649,464.029468
3678,14.493914,434.817425
3679,14.987188,449.615631
3680,14.770019,443.100577
3681,15.511851,465.355541
3682,15.673927,470.217809
3683,13.654068,409.622037
3684,14.486227,434.586803
3685,15.165919,454.977578
3686,16.376041,491.28123
3687,14.85394,445.618193
3688,14.392697,431.78091
3689,15.568866,467.065983
3690,13.804612,414.138373
3691,14.443306,433.299167
3692,14.646381,439.391416
3693,15.16656,454.996797
3694,15.331198,459.935939
3695,13.909033,417.27098
3696,13.503523,405.105701
3697,14.431775,432.953235
3698,14.568866,437.065983
3699,14.441384,433.241512
3700,15.45868,463.76041
3701,14.534914,436.047406
3702,15.235746,457.072389
3703,16.38565,491.569507
3704,14.631006,438.930173
3705,14.360666,430.819987
3706,14.401666,432.049968
3707,14.245996,427.379885
3708,13.636131,409.083921
3709,16.661755,499.852659
3710,14.120436,423.613069
3711,14.915439,447.463165
3712,14.007047,420.211403
3713,13.741832,412.254965
3714,15.575272,467.258168
3715,14.692505,440.775144
3716,14.58296,437.488789
3717,13.888533,416.65599
3718,14.185778,425.57335
3719,13.463805,403.914158
3720,14.50993,435.297886
3721,16.13581,484.074311
3722,15.598334,467.950032
3723,13.872518,416.175529
3724,16.078155,482.344651
3725,17.063421,511.902627
3726,14.380525,431.415759
3727,14.76041,442.8123
3728,15.852659,475.579757
3729,15.786035,473.581038
3730,14.70788,441.236387
3731,13.2082,396.245996
3732,14.915439,447.463165
3733,14.884689,446.540679
3734,14.57335,437.200512
3735,14.192184,425.765535
3736,14.59385,437.815503
3737,13.556694,406.700833
3738,13.65663,409.698911
3739,14.572069,437.162076
3740,15.322229,459.66688
3741,13.964766,418.942985
3742,15.430493,462.914798
3743,15.648302,469.449071
3744,15.712364,471.370916
3745,13.723895,411.716848
3746,12.623959,378.71877
3747,13.910314,417.309417
3748,14.563741,436.912236
3749,13.943626,418.308776
3750,13.827675,414.830237
3751,15.471493,464.144779
3752,13.974375,419.231262
3753,15.181294,455.438821
3754,14.78155,443.446509
3755,15.782191,473.465727
3756,13.504805,405.144138
3757,13.019218,390.576553
3758,14.988469,449.654068
3759,16.232543,486.976297
3760,14.840487,445.214606
3761,13.22934,396.880205
3762,15.359385,460.78155
3763,13.253043,397.591288
3764,15.175529,455.265855
3765,15.024343,450.730301
3766,16.086483,482.594491
3767,14.449712,433.491352
3768,14.039718,421.191544
3769,14.664318,439.929532
3770,13.850737,415.522101
3771,12.875721,386.271621
3772,15.880846,476.425368
3773,16.267136,488.014094
3774,14.492633,434.778988
3775,13.923767,417.713004
3776,15.652146,469.564382
3777,14.901345,447.040359
3778,15.655349,469.660474
3779,13.197309,395.919283
3780,14.172966,425.188981
3781,15.223575,456.707239
3782,13.49007,404.702114
3783,14.216528,426.495836
3784,15.502883,465.086483
3785,15.642537,469.276105
3786,14.206919,426.207559
3787,15.122357,453.670724
3788,14.424728,432.741832
3789,14.130045,423.901345
3790,14.889174,446.675208
3791,14.782832,443.484946
3792,14.288917,428.667521
3793,15.52082,465.6246
3794,15.841127,475.233824
3795,15.521461,465.643818
3796,14.809097,444.272902
3797,14.751441,442.543242
3798,14.098655,422.959641
3799,14.087124,422.613709
3800,14.308136,429.244074
3801,15.794363,473.830878
3802,14.186419,425.592569
3803,14.819987,444.599616
3804,14.6041,438.122998
3805,15.660474,469.814222
3806,15.05189,451.556694
3807,13.695067,410.852018
3808,15.121076,453.632287
3809,15.296605,458.898142
3810,14.97886,449.365791
3811,15.505445,465.163357
3812,14.49007,434.702114
3813,13.768738,413.06214
3814,14.359385,430.78155
3815,14.741192,442.235746
3816,13.287636,398.629084
3817,15.212044,456.361307
3818,14.276746,428.30237
3819,15.210122,456.303652
3820,15.46893,464.067905
3821,15.391416,461.742473
3822,16.235746,487.072389
3823,14.532992,435.98975
3824,15.222293,456.668802
3825,15.569507,467.085202
3826,15.051249,451.537476
3827,14.646381,439.391416
3828,13.675849,410.275464
3829,15.247918,457.43754
3830,16.189622,485.688661
3831,12.980141,389.404228
3832,14.782191,443.465727
3833,13.754004,412.620115
3834,15.087124,452.613709
3835,13.032671,390.980141
3836,14.639334,439.180013
3837,16.091608,482.748238
3838,14.377963,431.338885
3839,14.365151,430.954516
3840,13.988469,419.654068
3841,14.745676,442.370275
3842,15.543882,466.316464
3843,15.41704,462.511211
3844,14.550929,436.527867
3845,14.007687,420.230621
3846,14.549648,436.48943
3847,15.238949,457.168482
3848,14.513773,435.413197
3849,14.983344,449.50032
3850,14.306855,429.205637
3851,15.156951,454.70852
3852,16.995516,509.865471
3853,15.140935,454.228059
3854,14.501602,435.048046
3855,14.793722,443.811659
3856,13.623318,408.699552
3857,14.609865,438.295964
3858,16.125561,483.766816
3859,12.847534,385.426009
3860,14.100577,423.017297
3861,14.998078,449.942345
3862,15.004484,450.134529
3863,13.971813,419.154388
3864,15.227418,456.82255
3865,14.185138,425.554132
3866,14.927611,447.828315
3867,13.967329,419.019859
3868,14.07303,422.190903
3869,15.215247,456.457399
3870,13.672646,410.179372
3871,14.023062,420.691864
3872,14.9795,449.38501
3873,13.341448,400.243434
3874,14.676489,440.294683
3875,13.780269,413.408072
3876,14.345291,430.358744
3877,14.85458,445.637412
3878,14.393978,431.819347
3879,14.890455,446.713645
3880,14.931454,447.943626
3881,15.235746,457.072389
3882,15.508008,465.240231
3883,13.505445,405.163357
3884,16.192825,485.784753
3885,14.089686,422.690583
3886,13.38565,401.569507
3887,14.7713,443.139013
3888,13.58296,407.488789
3889,15.629084,468.872518
3890,14.242793,427.283792
3891,14.634209,439.026265
3892,13.764894,412.946829
3893,15.428571,462.857143
3894,15.571429,467.142857
3895,13.803331,414.099936
3896,14.345932,430.377963
3897,14.246637,427.399103
3898,15.238949,457.168482
3899,15.200512,456.015375
3900,16.248559,487.456758
3901,15.273543,458.206278
3902,14.925048,447.751441
3903,15.248559,457.456758
3904,14.071749,422.152466
3905,16.262652,487.879564
3906,12.554132,376.623959
3907,14.922486,447.674568
3908,15.201153,456.034593
3909,14.007047,420.211403
3910,15.306214,459.186419
3911,14.17681,425.304292
3912,14.269699,428.090967
3913,13.543882,406.316464
3914,14.528507,435.855221
3915,14.014094,420.422806
3916,13.836643,415.099295
3917,15.409994,462.299808
3918,14.110186,423.305573
3919,14.105701,423.171044
3920,13.915439,417.463165
3921,15.117873,453.536195
3922,13.7713,413.139013
3923,15.040999,451.229981
3924,14.485586,434.567585
3925,15.224215,456.726457
3926,14.072389,422.171685
3927,13.816784,414.503523
3928,15.232543,456.976297
3929,15.094811,452.844331
3930,16.046124,481.383728
3931,15.877643,476.329276
3932,16.390135,491.704036
3933,17.244074,517.322229
3934,13.836643,415.099295
3935,14.34337,430.301089
3936,16.366432,490.992953
3937,15.265855,457.975657
3938,13.952594,418.577835
3939,15.811659,474.349776
3940,15.897502,476.925048
3941,15.193466,455.803972
3942,13.738629,412.158873
3943,14.001281,420.038437
3944,15.035874,451.076233
3945,16.13581,484.074311
3946,15.095452,452.863549
3947,14.68738,440.621397
3948,15.700833,471.024984
3949,16.304292,489.128764
3950,13.35426,400.627803
3951,14.987188,449.615631
3952,14.965407,448.962204
3953,15.372197,461.165919
3954,14.217809,426.534273
3955,14.174888,425.246637
3956,14.766816,443.004484
3957,13.949391,418.481742
3958,15.42729,462.818706
3959,13.8123,414.368994
3960,14.065343,421.960282
3961,15.220372,456.611147
3962,14.370916,431.127482
3963,14.603459,438.10378
3964,16.132607,483.978219
3965,14.677771,440.33312
3966,14.383088,431.492633
3967,14.872518,446.175529
3968,14.556054,436.681614
3969,14.001922,420.057655
3970,15.21909,456.57271
3971,14.907111,447.213325
3972,14.648302,439.449071
3973,14.506086,435.182575
3974,14.770019,443.100577
3975,14.594491,437.834721
3976,13.892377,416.7713
3977,13.398463,401.953876
3978,14.900705,447.02114
3979,13.054452,391.633568
3980,15.419603,462.588085
3981,14.440102,433.203075
3982,14.088405,422.652146
3983,13.898142,416.944266
3984,14.114029,423.420884
3985,13.953235,418.597053
3986,15.37476,461.242793
3987,14.392056,431.761691
3988,14.648943,439.46829
3989,16.432415,492.972454
3990,15.196669,455.900064
3991,13.484946,404.548366
3992,15.107623,453.2287
3993,13.861627,415.848815
3994,15.548366,466.450993
3995,15.2287,456.860987
3996,15.144138,454.324151
3997,14.247918,427.43754
3998,14.547726,436.431775
3999,14.444587,433.337604
4000,14.860346,445.810378
4001,14.556694,436.700833
4002,15.081999,452.459962
4003,16.534273,496.028187
4004,14.787316,443.619475
4005,13.422806,402.684177
4006,15.768097,473.042921
4007,14.180013,425.400384
4008,15.946829,478.404869
4009,14.244715,427.341448
4010,14.122357,423.670724
4011,14.795644,443.869315
4012,15.591288,467.738629
4013,15.196028,455.880846
4014,14.850737,445.522101
4015,14.433056,432.991672
4016,15.516976,465.509289
4017,16.190263,485.70788
4018,14.750801,442.524023
4019,14.980141,449.404228
4020,13.730942,411.928251
4021,14.470852,434.125561
4022,13.950673,418.520179
4023,14.206919,426.207559
4024,14.841127,445.233824
4025,13.514414,405.432415
4026,13.87508,416.252402
4027,15.046765,451.402947
4028,14.347213,430.4164
4029,15.019218,450.576553
4030,14.245996,427.379885
4031,15.336963,460.108905
4032,14.124279,423.728379
4033,14.602819,438.084561
4034,14.775785,443.273543
4035,13.796284,413.888533
4036,15.785394,473.561819
4037,14.668161,440.044843
4038,13.734145,412.024343
4039,14.544523,436.335682
4040,14.31262,429.378603
4041,15.401666,462.049968
4042,14.499039,434.971172
4043,14.305573,429.167201
4044,13.591928,407.757848
4045,13.298527,398.955798
4046,16.027546,480.826393
4047,14.161435,424.843049
4048,13.253043,397.591288
4049,14.436259,433.087764
4050,14.778988,443.369635
4051,14.695067,440.852018
4052,14.991672,449.75016
4053,14.612428,438.372838
4054,15.570147,467.10442
4055,15.220372,456.611147
4056,13.844971,415.349135
4057,14.035874,421.076233
4058,16.61435,498.430493
4059,14.546445,436.393338
4060,14.286355,428.590647
4061,14.65663,439.698911
4062,15.203716,456.111467
4063,14.053171,421.595131
4064,13.734145,412.024343
4065,14.762972,442.889174
4066,15.115951,453.478539
4067,13.976938,419.308136
4068,15.258168,457.745035
4069,15.237028,457.110826
4070,15.481742,464.452274
4071,15.939782,478.193466
4072,15.598975,467.96925
4073,15.225496,456.764894
4074,15.259449,457.783472
4075,15.996797,479.903908
4076,14.95836,448.750801
4077,13.816784,414.503523
4078,14.348495,430.454837
4079,14.552851,436.585522
4080,14.092249,422.767457
4081,14.616272,438.488149
4082,14.620115,438.603459
4083,14.76041,442.8123
4084,16.585522,497.565663
4085,14.955798,448.673927
4086,14.554132,436.623959
4087,16.283152,488.494555
4088,13.832159,414.964766
4089,15.192184,455.765535
4090,14.538757,436.162716
4091,15.695067,470.852018
4092,13.932735,417.982063
4093,15.508008,465.240231
4094,15.002562,450.076874
4095,14.091608,422.748238
4096,16.122357,483.670724
4097,13.07303,392.190903
4098,15.153107,454.593209
4099,14.50032,435.009609
4100,14.685458,440.563741
4101,14.29212,428.763613
4102,14.593209,437.796284
4103,15.80205,474.061499
4104,13.96925,419.077514
4105,14.800769,444.023062
4106,14.766816,443.004484
4107,15.09417,452.825112
4108,15.956438,478.693145
4109,14.748238,442.447149
4110,14.592569,437.777066
4111,13.613069,408.392056
4112,16.323511,489.705317
4113,13.6246,408.737988
4114,14.098014,422.940423
4115,14.226778,426.803331
4116,13.748879,412.466368
4117,14.415119,432.453555
4118,14.293402,428.80205
4119,14.395259,431.857783
4120,13.668802,410.064061
4121,16.636771,499.103139
4122,14.558616,436.758488
4123,14.742473,442.274183
4124,13.498398,404.951954
4125,14.51057,435.317104
4126,14.89558,446.867393
4127,14.774504,443.235106
4128,14.565022,436.950673
4129,14.884049,446.521461
4130,15.050609,451.518258
4131,14.202434,426.07303
4132,13.970532,419.115951
4133,14.553491,436.604741
4134,15.284433,458.532992
4135,14.362588,430.877643
4136,14.238949,427.168482
4137,13.954516,418.63549
4138,14.498398,434.951954
4139,14.866752,446.002562
4140,16.431775,492.953235
4141,16.210762,486.32287
4142,13.836003,415.080077
4143,15.664318,469.929532
4144,16.271621,488.148623
4145,14.03075,420.922486
4146,16.628443,498.853299
4147,14.398463,431.953876
4148,14.198591,425.957719
4149,14.175529,425.265855
4150,14.090327,422.709801
4151,16.757207,502.716208
4152,14.144779,424.34337
4153,15.16656,454.996797
4154,14.265215,427.956438
4155,15.131326,453.939782
4156,14.042921,421.287636
4157,15.207559,456.226778
4158,13.966688,419.000641
4159,15.210122,456.303652
4160,14.192825,425.784753
4161,16.508008,495.240231
4162,16.452915,493.587444
4163,14.974375,449.231262
4164,14.89558,446.867393
4165,16.158232,484.746957
4166,14.714926,441.44779
4167,15.262652,457.879564
4168,14.717489,441.524664
4169,13.183216,395.496477
4170,15.053171,451.595131
4171,13.632928,408.987828
4172,15.534273,466.028187
4173,15.040359,451.210762
4174,14.712364,441.370916
4175,15.399103,461.973094
4176,15.055734,451.672005
4177,15.321589,459.647662
4178,13.871236,416.137092
4179,12.866111,385.983344
4180,13.506086,405.182575
4181,14.191544,425.746316
4182,14.975657,449.269699
4183,13.805253,414.157591
4184,13.990391,419.711723
4185,14.966047,448.981422
4186,14.723254,441.69763
4187,15.47918,464.3754
4188,16.283792,488.513773
4189,12.745035,382.351057
4190,14.726457,441.793722
4191,13.848815,415.464446
4192,14.885971,446.579116
4193,12.335042,370.051249
4194,16.162076,484.862268
4195,15.70852,471.255605
4196,15.497758,464.932735
4197,14.233184,426.995516
4198,15.03139,450.941704
4199,14.130045,423.901345
4200,14.193466,425.803972
4201,14.263293,427.898783
4202,14.438821,433.164638
4203,14.588725,437.661755
4204,14.962844,448.88533
4205,14.629725,438.891736
4206,14.577194,437.315823
4207,14.529148,435.874439
4208,14.882127,446.463805
4209,15.022422,450.672646
4210,16.36451,490.935298
4211,15.046124,451.383728
4212,13.554132,406.623959
4213,15.153748,454.612428
4214,15.142857,454.285714
4215,13.379244,401.377322
4216,15.534914,466.047406
4217,13.68802,410.640615
4218,14.54196,436.258808
4219,16.514414,495.432415
4220,15.577835,467.335042
4221,13.616912,408.507367
4222,14.007047,420.211403
4223,13.497117,404.913517
4224,14.63549,439.064702
4225,15.780269,473.408072
4226,14.707239,441.217168
4227,15.872518,476.175529
4228,15.456758,463.702755
4229,13.778988,413.369635
4230,13.257527,397.725817
4231,15.449712,463.491352
4232,14.973735,449.212044
4233,14.238949,427.168482
4234,14.567585,437.027546
4235,14.98975,449.692505
4236,15.203716,456.111467
4237,15.527867,465.836003
4238,15.424728,462.741832
4239,14.54196,436.258808
4240,16.732864,501.985906
4241,14.898142,446.944266
4242,13.969891,419.096733
4243,14.229981,426.899423
4244,14.048687,421.460602
4245,15.028187,450.845612
4246,14.110186,423.305573
4247,14.092889,422.786675
4248,15.672646,470.179372
4249,14.084561,422.536835
4250,16.017937,480.538117
4251,13.662396,409.871877
4252,13.930173,417.905189
4253,13.524664,405.73991
4254,13.921204,417.636131
4255,15.963485,478.904548
4256,14.169763,425.092889
4257,15.142857,454.285714
4258,14.650865,439.525945
4259,15.626521,468.795644
4260,15.033953,451.018578
4261,15.61435,468.430493
4262,15.115951,453.478539
4263,15.110826,453.324792
4264,14.245996,427.379885
4265,14.930814,447.924407
4266,13.54196,406.258808
4267,13.21909,396.57271
4268,15.89558,476.867393
4269,14.545804,436.374119
4270,13.350416,400.512492
4271,13.304933,399.147982
4272,15.414478,462.434337
4273,16.257527,487.725817
4274,14.522101,435.663037
4275,14.136451,424.09353
4276,14.274824,428.244715
4277,14.97886,449.365791
4278,14.894939,446.848174
4279,14.408072,432.242152
4280,15.953876,478.616272
4281,14.97886,449.365791
4282,15.397181,461.915439
4283,14.307495,429.224856
4284,13.638053,409.141576
4285,14.772582,443.17745
4286,14.584881,437.546445
4287,13.848815,415.464446
4288,14.174888,425.246637
4289,15.090967,452.72902
4290,14.647662,439.429853
4291,14.438181,433.14542
4292,12.634209,379.026265
4293,15.596413,467.892377
4294,14.622037,438.661115
4295,14.157591,424.727739
4296,14.01089,420.326714
4297,14.563741,436.912236
4298,14.479821,434.394619
4299,14.129404,423.882127
4300,13.547726,406.431775
4301,14.921204,447.636131
4302,13.983344,419.50032
4303,15.513133,465.393978
4304,15.293402,458.80205
4305,13.294042,398.821268
4306,14.603459,438.10378
4307,14.800128,444.003844
4308,15.017297,450.518898
4309,16.012812,480.384369
4310,14.930173,447.905189
4311,15.231903,456.957079
4312,14.754644,442.639334
4313,14.908392,447.251762
4314,14.401666,432.049968
4315,14.814862,444.445868
4316,12.869955,386.098655
4317,13.459962,403.798847
4318,15.515054,465.451634
4319,14.254965,427.648943
4320,16.126842,483.805253
4321,14.644459,439.33376
4322,13.924407,417.732223
4323,14.914158,447.424728
4324,14.129404,423.882127
4325,15.008328,450.24984
4326,15.679052,470.371557
4327,13.907751,417.232543
4328,13.884049,416.521461
4329,15.33376,460.012812
4330,15.901345,477.040359
4331,14.480461,434.413837
4332,14.315183,429.455477
4333,12.89558,386.867393
4334,13.890455,416.713645
4335,13.219731,396.591928
4336,15.652146,469.564382
4337,14.814862,444.445868
4338,14.561179,436.835362
4339,15.0205,450.61499
4340,14.981422,449.442665
4341,14.661755,439.852659
4342,14.990391,449.711723
4343,15.274183,458.225496
4344,13.923767,417.713004
4345,15.420243,462.607303
4346,14.57335,437.200512
4347,14.382447,431.473414
4348,15.283152,458.494555
4349,14.005766,420.172966
4350,13.684177,410.525304
4351,14.865471,445.964126
4352,14.888533,446.65599
4353,13.869315,416.079436
4354,14.871877,446.15631
4355,14.238309,427.149263
4356,14.274824,428.244715
4357,15.691864,470.755926
4358,13.535554,406.066624
4359,14.642537,439.276105
4360,14.877002,446.310058
4361,13.283792,398.513773
4362,14.880846,446.425368
4363,15.313901,459.41704
4364,13.123639,393.709161
4365,15.579116,467.373479
4366,15.773863,473.215887
4367,14.904548,447.136451
4368,13.960922,418.827675
4369,14.274824,428.244715
4370,14.337604,430.128123
4371,15.887252,476.617553
4372,15.440102,463.203075
4373,14.258808,427.764254
4374,15.953235,478.597053
4375,14.548366,436.450993
4376,14.532351,435.970532
4377,13.372197,401.165919
4378,14.607303,438.21909
4379,15.262012,457.860346
4380,13.851377,415.54132
4381,14.880205,446.40615
4382,14.634849,439.045484
4383,15.367072,461.012172
4384,15.72966,471.889814
4385,15.738629,472.158873
4386,14.918642,447.559257
4387,14.889174,446.675208
4388,13.292761,398.782832
4389,13.664958,409.948751
4390,14.932095,447.962844
4391,15.891095,476.732864
4392,14.383728,431.511851
4393,14.586163,437.584881
4394,14.341448,430.243434
4395,15.943626,478.308776
4396,14.008328,420.24984
4397,14.705317,441.159513
4398,14.734145,442.024343
4399,14.788597,443.657912
4400,14.340167,430.204997
4401,13.914798,417.443946
4402,14.044843,421.345291
4403,15.144779,454.34337
4404,15.942345,478.27034
4405,15.572069,467.162076
4406,14.565663,436.969891
4407,15.259449,457.783472
4408,15.290199,458.705958
4409,15.357463,460.723895
4410,13.726457,411.793722
4411,16.475977,494.279308
4412,13.529148,405.874439
4413,15.345291,460.358744
4414,14.872518,446.175529
4415,17.606662,528.199872
4416,15.755926,472.677771
4417,14.79116,443.734785
4418,14.981422,449.442665
4419,14.065343,421.960282
4420,14.049968,421.499039
4421,15.608584,468.257527
4422,14.818706,444.561179
4423,13.22934,396.880205
4424,15.30173,459.05189
4425,14.024343,420.730301
4426,13.788597,413.657912
4427,15.215887,456.476618
4428,15.508648,465.259449
4429,14.830237,444.907111
4430,15.454837,463.645099
4431,13.214606,396.438181
4432,13.987828,419.634849
4433,14.7918,443.754004
4434,13.603459,408.10378
4435,14.038437,421.153107
4436,14.797566,443.92697
4437,14.518258,435.547726
4438,15.083921,452.517617
4439,13.516336,405.49007
4440,16.215247,486.457399
4441,16.19795,485.938501
4442,15.290199,458.705958
4443,14.315823,429.474696
4444,14.139013,424.170404
4445,15.342088,460.262652
4446,14.972454,449.173607
4447,13.938501,418.155029
4448,15.524023,465.720692
4449,16.121076,483.632287
4450,15.01089,450.326714
4451,14.306214,429.186419
4452,14.418322,432.549648
4453,13.506086,405.182575
4454,15.939142,478.174247
4455,14.082639,422.47918
4456,15.039078,451.172325
4457,14.567585,437.027546
4458,15.573991,467.219731
4459,15.825112,474.753363
4460,14.391416,431.742473
4461,15.834721,475.04164
4462,14.427931,432.837924
4463,14.632287,438.96861
4464,16.295324,488.859705
4465,16.171685,485.150545
4466,15.100577,453.017297
4467,13.112748,393.382447
4468,14.686739,440.602178
4469,15.007687,450.230621
4470,14.59385,437.815503
4471,15.600897,468.026906
4472,14.556694,436.700833
4473,13.929532,417.885971
4474,14.672005,440.160154
4475,15.269058,458.071749
4476,13.429212,402.876361
4477,14.174247,425.227418
4478,15.894939,476.848174
4479,15.821909,474.657271
4480,14.875721,446.271621
4481,15.434978,463.049327
4482,15.449071,463.472133
4483,14.66688,440.006406
4484,13.369635,401.089045
4485,13.69827,410.94811
4486,16.130045,483.901345
4487,15.650865,469.525945
4488,13.242793,397.283792
4489,14.609865,438.295964
4490,14.308136,429.244074
4491,14.498398,434.951954
4492,14.007047,420.211403
4493,13.004484,390.134529
4494,14.962204,448.866111
4495,15.887252,476.617553
4496,14.655349,439.660474
4497,14.782191,443.465727
4498,14.827034,444.811019
4499,14.374119,431.223575
4500,15.939142,478.174247
4501,14.887252,446.617553
4502,14.511211,435.336323
4503,13.866752,416.002562
4504,13.21845,396.553491
4505,14.080077,422.402306
4506,14.184497,425.534914
4507,15.570788,467.123639
4508,16.125561,483.766816
4509,13.786035,413.581038
4510,13.396541,401.89622
4511,15.431134,462.934017
4512,15.3959,461.877002
4513,14.496477,434.894299
4514,13.506726,405.201794
4515,14.852018,445.560538
4516,13.438821,403.164638
4517,16.279949,488.398463
4518,13.821268,414.638053
4519,16.449071,493.472133
4520,15.126842,453.805253
4521,13.446509,403.395259
4522,15.804612,474.138373
4523,13.700192,411.005766
4524,15.001922,450.057655
4525,14.745035,442.351057
4526,14.928251,447.847534
4527,14.682896,440.486867
4528,15.594491,467.834721
4529,14.224856,426.745676
4530,15.702114,471.063421
4531,13.774504,413.235106
4532,14.627162,438.814862
4533,14.101217,423.036515
4534,15.280589,458.417681
4535,13.303011,399.090327
4536,13.723895,411.716848
4537,14.330557,429.91672
4538,14.901345,447.040359
4539,15.841127,475.233824
4540,15.297245,458.917361
4541,13.028187,390.845612
4542,14.957079,448.712364
4543,14.373479,431.204356
4544,13.741192,412.235746
4545,13.048687,391.460602
4546,14.048687,421.460602
4547,16.069186,482.075593
4548,13.717489,411.524664
4549,14.435618,433.068546
4550,14.74952,442.485586
4551,14.773222,443.196669
4552,15.226778,456.803331
4553,14.133889,424.016656
4554,14.44779,433.433696
4555,15.957079,478.712364
4556,14.331198,429.935939
4557,14.977578,449.327354
4558,14.503523,435.105701
4559,13.33312,399.993594
4560,13.627162,408.814862
4561,14.578475,437.35426
4562,15.773222,473.196669
4563,15.853299,475.598975
4564,14.099295,422.97886
4565,15.620756,468.622678
4566,14.08328,422.498398
4567,13.738629,412.158873
4568,13.467649,404.029468
4569,15.019859,450.595772
4570,15.594491,467.834721
4571,14.537476,436.124279
4572,13.948751,418.462524
4573,14.413197,432.3959
4574,14.183857,425.515695
4575,14.68738,440.621397
4576,14.342088,430.262652
4577,15.080077,452.402306
4578,14.671365,440.140935
4579,14.922486,447.674568
4580,14.498398,434.951954
4581,14.280589,428.417681
4582,14.139013,424.170404
4583,15.795003,473.850096
4584,16.456118,493.683536
4585,16.153107,484.593209
4586,14.247277,427.418322
4587,15.304292,459.128764
4588,14.917361,447.52082
4589,14.540038,436.201153
4590,14.909673,447.290199
4591,15.301089,459.032671
4592,14.487508,434.62524
4593,15.083921,452.517617
4594,14.909033,447.27098
4595,14.942345,448.27034
4596,14.661115,439.83344
4597,13.953876,418.616272
4598,15.021781,450.653427
4599,15.363229,460.896861
4600,14.613709,438.411275
4601,14.050609,421.518258
4602,15.53107,465.932095
4603,16.053812,481.61435
4604,15.060858,451.825753
4605,13.528507,405.855221
4606,15.378603,461.358104
4607,15.840487,475.214606
4608,13.946188,418.38565
4609,15.530429,465.912876
4610,15.272902,458.18706
4611,15.232543,456.976297
4612,15.252402,457.572069
4613,14.206278,426.188341
4614,13.338245,400.147341
4615,14.53107,435.932095
4616,14.423447,432.703395
4617,14.486867,434.606022
4618,13.693145,410.794363
4619,14.516336,435.49007
4620,15.779628,473.388853
4621,14.770019,443.100577
4622,14.45804,433.741192
4623,14.855862,445.675849
4624,15.338885,460.16656
4625,14.103139,423.09417
4626,14.351698,430.550929
4627,14.099295,422.97886
4628,15.156951,454.70852
4629,15.142857,454.285714
4630,14.274183,428.225496
4631,14.076233,422.286996
4632,14.93722,448.116592
4633,13.673286,410.198591
4634,14.81294,444.388213
4635,15.147982,454.439462
4636,14.34401,430.320307
4637,15.298527,458.955798
4638,14.835362,445.060858
4639,13.042921,391.287636
4640,15.150545,454.516336
4641,14.309417,429.282511
4642,14.415119,432.453555
4643,14.731582,441.94747
4644,14.298527,428.955798
4645,13.690583,410.717489
4646,15.998719,479.961563
4647,13.238309,397.149263
4648,14.008969,420.269058
4649,15.183216,455.496477
4650,15.074952,452.248559
4651,14.888533,446.65599
4652,14.222293,426.668802
4653,14.725817,441.774504
4654,14.640615,439.21845
4655,13.49968,404.990391
4656,14.482383,434.471493
4657,14.540038,436.201153
4658,14.824471,444.734145
4659,14.366432,430.992953
4660,15.185778,455.57335
4661,15.315183,459.455477
4662,13.303011,399.090327
4663,14.324151,429.724536
4664,15.207559,456.226778
4665,13.799488,413.984625
4666,15.136451,454.09353
4667,14.536835,436.105061
4668,15.157591,454.727739
4669,13.794363,413.830878
4670,16.964766,508.942985
4671,14.329276,429.878283
4672,14.825112,444.753363
4673,13.885971,416.579116
4674,13.997438,419.923126
4675,13.089686,392.690583
4676,13.567585,407.027546
4677,15.664318,469.929532
4678,13.861627,415.848815
4679,15.619475,468.584241
4680,14.463165,433.894939
4681,13.606022,408.180653
4682,13.907751,417.232543
4683,14.782832,443.484946
4684,13.597694,407.930814
4685,14.524023,435.720692
4686,14.285074,428.55221
4687,13.478539,404.356182
4688,14.522101,435.663037
4689,13.185778,395.57335
4690,15.352338,460.570147
4691,13.969891,419.096733
4692,15.33312,459.993594
4693,13.478539,404.356182
4694,14.080717,422.421525
4695,16.814222,504.42665
4696,13.815503,414.465086
4697,14.065983,421.9795
4698,14.402306,432.069186
4699,13.899423,416.982703
4700,13.515695,405.470852
4701,14.595131,437.85394
4702,14.085842,422.575272
4703,15.914158,477.424728
4704,14.286996,428.609865
4705,15.275464,458.263933
4706,16.196669,485.900064
4707,15.472774,464.183216
4708,13.295324,398.859705
4709,13.916079,417.482383
4710,13.992953,419.788597
4711,14.370275,431.108264
4712,15.767457,473.023703
4713,13.844331,415.329917
4714,14.547085,436.412556
4715,12.908392,387.251762
4716,13.925048,417.751441
4717,14.576553,437.296605
4718,15.880846,476.425368
4719,14.939142,448.174247
4720,14.836643,445.099295
4721,13.634849,409.045484
4722,15.393978,461.819347
4723,14.606022,438.180653
4724,14.58296,437.488789
4725,13.600897,408.026906
4726,14.530429,435.912876
4727,15.700192,471.005766
4728,15.52082,465.6246
4729,14.68802,440.640615
4730,13.74952,412.485586
4731,14.445227,433.356823
4732,15.467649,464.029468
4733,15.374119,461.223575
4734,16.850737,505.522101
4735,13.839206,415.176169
4736,14.275464,428.263933
4737,15.766816,473.004484
4738,15.484946,464.548366
4739,14.994234,449.827034
4740,13.746957,412.408712
4741,14.799488,443.984625
4742,14.461243,433.837284
4743,14.821909,444.657271
4744,13.594491,407.834721
4745,16.046765,481.402947
4746,14.099295,422.97886
4747,14.855862,445.675849
4748,13.985906,419.577194
4749,15.368354,461.050609
4750,13.750801,412.524023
4751,15.192184,455.765535
4752,14.590006,437.700192
4753,14.772582,443.17745
4754,15.019859,450.595772
4755,13.882767,416.483024
4756,16.391416,491.742473
4757,14.280589,428.417681
4758,15.184497,455.534914
4759,15.173607,455.2082
4760,16.048046,481.441384
4761,15.392697,461.78091
4762,16.330557,489.91672
4763,14.039078,421.172325
4764,14.197309,425.919283
4765,15.691224,470.736707
4766,14.400384,432.011531
4767,13.655349,409.660474
4768,14.320948,429.628443
4769,14.57271,437.181294
4770,15.12492,453.747598
4771,13.525945,405.778347
4772,14.224856,426.745676
4773,15.298527,458.955798
4774,14.013453,420.403587
4775,15.164638,454.939142
4776,14.038437,421.153107
4777,14.700192,441.005766
4778,13.877643,416.329276
4779,14.233184,426.995516
4780,14.238309,427.149263
4781,14.28123,428.436899
4782,15.212684,456.380525
4783,14.636131,439.083921
4784,14.921845,447.655349
4785,13.032031,390.960922
4786,15.300448,459.013453
4787,15.502883,465.086483
4788,13.573991,407.219731
4789,14.305573,429.167201
4790,13.776425,413.292761
4791,14.641256,439.237668
4792,13.422806,402.684177
4793,14.778347,443.350416
4794,14.160154,424.804612
4795,14.517617,435.528507
4796,15.053812,451.61435
4797,14.650865,439.525945
4798,14.632287,438.96861
4799,15.31262,459.378603
4800,14.431134,432.934017
4801,14.831518,444.945548
4802,16.026265,480.787956
4803,13.623959,408.71877
4804,13.639974,409.199231
4805,15.012812,450.384369
4806,14.204997,426.149904
4807,15.591288,467.738629
4808,14.966047,448.981422
4809,13.973094,419.192825
4810,13.769379,413.081358
4811,13.33312,399.993594
4812,12.294042,368.821268
4813,14.805253,444.157591
4814,14.777066,443.31198
4815,13.98975,419.692505
4816,13.527867,405.836003
4817,16.213965,486.418962
4818,15.303652,459.109545
4819,16.180653,485.419603
4820,14.503523,435.105701
4821,13.96925,419.077514
4822,14.234465,427.033953
4823,15.643818,469.314542
4824,13.560538,406.816143
4825,14.860987,445.829596
4826,15.607303,468.21909
4827,13.855862,415.675849
4828,14.162716,424.881486
4829,15.242152,457.264574
4830,14.923126,447.693786
4831,15.440102,463.203075
4832,16.170404,485.112108
4833,14.191544,425.746316
4834,15.525304,465.759129
4835,14.841768,445.253043
4836,14.20884,426.265215
4837,15.766176,472.985266
4838,15.242793,457.283792
4839,16.773222,503.196669
4840,14.679693,440.390775
4841,13.10442,393.132607
4842,14.967969,449.039078
4843,14.263933,427.918001
4844,14.748238,442.447149
4845,14.896861,446.90583
4846,13.400384,402.011531
4847,14.033953,421.018578
4848,14.552851,436.585522
4849,14.29212,428.763613
4850,14.129404,423.882127
4851,15.909033,477.27098
4852,14.261371,427.841127
4853,14.753363,442.600897
4854,14.999359,449.980782
4855,15.492633,464.778988
4856,15.588725,467.661755
4857,14.824471,444.734145
4858,14.654709,439.641256
4859,14.659193,439.775785
4860,15.23959,457.1877
4861,14.454837,433.645099
4862,13.875721,416.271621
4863,14.964766,448.942985
4864,14.388213,431.646381
4865,15.454837,463.645099
4866,13.883408,416.502242
4867,13.923126,417.693786
4868,14.29212,428.763613
4869,14.491352,434.740551
4870,14.778347,443.350416
4871,15.188981,455.669443
4872,16.279949,488.398463
4873,14.028828,420.86483
4874,15.163997,454.919923
4875,13.763613,412.908392
4876,13.686099,410.58296
4877,16.820628,504.618834
4878,14.712364,441.370916
4879,14.748238,442.447149
4880,13.873158,416.194747
4881,14.554132,436.623959
4882,15.136451,454.09353
4883,14.859065,445.771941
4884,13.859705,415.79116
4885,15.73927,472.178091
4886,15.513773,465.413197
4887,14.726457,441.793722
4888,15.210122,456.303652
4889,15.356182,460.685458
4890,14.847534,445.426009
4891,14.484946,434.548366
4892,13.702755,411.082639
4893,13.444587,403.337604
4894,15.039718,451.191544
4895,13.625881,408.776425
4896,14.290839,428.725176
4897,14.313901,429.41704
4898,15.064061,451.921845
4899,13.670083,410.102498
4900,14.877643,446.329276
4901,14.575913,437.277386
4902,13.100577,393.017297
4903,15.991672,479.75016
4904,15.509289,465.278668
4905,15.988469,479.654068
4906,15.351057,460.53171
4907,14.613069,438.392056
4908,14.49007,434.702114
4909,14.48943,434.682896
4910,14.077514,422.325432
4911,14.990391,449.711723
4912,15.569507,467.085202
4913,13.65599,409.679693
4914,14.6246,438.737988
4915,14.317745,429.532351
4916,14.028187,420.845612
4917,14.910314,447.309417
4918,14.415119,432.453555
4919,14.671365,440.140935
4920,15.618834,468.565022
4921,13.96925,419.077514
4922,15.670724,470.121717
4923,14.987188,449.615631
4924,16.884049,506.521461
4925,16.243434,487.303011
4926,14.771941,443.158232
4927,13.581038,407.431134
4928,14.105061,423.151826
4929,15.188981,455.669443
4930,14.464446,433.933376
4931,13.646381,409.391416
4932,15.050609,451.518258
4933,15.065343,451.960282
4934,14.809097,444.272902
4935,14.278027,428.340807
4936,15.916079,477.482383
4937,14.827675,444.830237
4938,15.48943,464.682896
4939,16.754644,502.639334
4940,14.929532,447.885971
4941,15.497117,464.913517
4942,15.297245,458.917361
4943,14.418322,432.549648
4944,14.335682,430.070468
4945,16.150545,484.516336
4946,13.669443,410.08328
4947,15.800128,474.003844
4948,15.544523,466.335682
4949,14.803331,444.099936
4950,13.318386,399.55157
4951,14.973094,449.192825
4952,15.096092,452.882767
4953,15.178732,455.361947
4954,14.558616,436.758488
4955,14.092249,422.767457
4956,15.235746,457.072389
4957,15.256246,457.68738
4958,13.641256,409.237668
4959,14.816143,444.484305
4960,14.816784,444.503523
4961,15.442024,463.26073
4962,14.426009,432.780269
4963,13.834081,415.022422
4964,15.507367,465.221012
4965,14.465727,433.971813
4966,14.787316,443.619475
4967,14.190903,425.727098
4968,14.676489,440.294683
4969,15.036515,451.095452
4970,14.009609,420.288277
4971,14.281871,428.456118
4972,15.494555,464.836643
4973,14.941704,448.251121
4974,15.778347,473.350416
4975,14.103139,423.09417
4976,14.446509,433.395259
4977,14.287636,428.629084
4978,14.788597,443.657912
4979,14.488149,434.644459
4980,14.975016,449.25048
4981,15.716208,471.486227
4982,15.111467,453.34401
4983,14.55221,436.566304
4984,16.306214,489.186419
4985,13.650865,409.525945
4986,13.787316,413.619475
4987,15.304292,459.128764
4988,14.953876,448.616272
4989,14.77066,443.119795
4990,14.075593,422.267777
4991,13.863549,415.90647
4992,15.340807,460.224215
4993,15.131326,453.939782
4994,14.40615,432.184497
4995,15.550929,466.527867
4996,15.123639,453.709161
4997,14.805253,444.157591
4998,14.576553,437.296605
4999,13.112108,393.363229
5000,14.600897,438.026906
5001,14.766816,443.004484
5002,15.142857,454.285714
5003,14.316464,429.493914
5004,14.253043,427.591288
5005,13.686099,410.58296
5006,15.2082,456.245996
5007,15.269699,458.090967
5008,14.57271,437.181294
5009,13.918642,417.559257
5010,14.12492,423.747598
5011,14.73927,442.178091
5012,16.044843,481.345291
5013,15.134529,454.035874
5014,14.262652,427.879564
5015,12.213965,366.418962
5016,14.190903,425.727098
5017,15.080717,452.421525
5018,15.037796,451.133889
5019,15.475977,464.279308
5020,14.098014,422.940423
5021,14.800769,444.023062
5022,14.662396,439.871877
5023,15.93722,478.116592
5024,14.295324,428.859705
5025,13.905189,417.155669
5026,15.205637,456.169122
5027,15.689302,470.679052
5028,15.192184,455.765535
5029,15.685458,470.563741
5030,15.807816,474.234465
5031,14.027546,420.826393
5032,13.7713,413.139013
5033,15.956438,478.693145
5034,14.491352,434.740551
5035,15.577835,467.335042
5036,14.272902,428.18706
5037,14.597053,437.911595
5038,13.975016,419.25048
5039,14.720051,441.601537
5040,13.994875,419.846252
5041,15.846252,475.387572
5042,14.54196,436.258808
5043,14.142217,424.266496
5044,13.741832,412.254965
5045,15.511851,465.355541
5046,14.436259,433.087764
5047,14.975657,449.269699
5048,15.111467,453.34401
5049,15.007047,450.211403
5050,14.245996,427.379885
5051,14.955798,448.673927
5052,12.669443,380.08328
5053,13.878283,416.348495
5054,13.497117,404.913517
5055,14.789878,443.696348
5056,14.046765,421.402947
5057,15.220372,456.611147
5058,16.919923,507.597694
5059,15.477258,464.317745
5060,15.139013,454.170404
5061,14.048687,421.460602
5062,15.366432,460.992953
5063,14.317104,429.513133
5064,14.816784,444.503523
5065,14.247277,427.418322
5066,14.55157,436.547085
5067,15.034593,451.037796
5068,14.693786,440.813581
5069,14.459321,433.779628
5070,16.338245,490.147341
5071,14.650865,439.525945
5072,16.069186,482.075593
5073,14.357463,430.723895
5074,15.083921,452.517617
5075,14.075593,422.267777
5076,13.651505,409.545163
5077,13.663677,409.910314
5078,13.84369,415.310698
5079,16.178091,485.342729
5080,14.477899,434.336963
5081,15.016656,450.49968
5082,13.716848,411.505445
5083,14.04164,421.249199
5084,14.720051,441.601537
5085,15.203716,456.111467
5086,14.796925,443.907751
5087,15.461243,463.837284
5088,15.377322,461.319667
5089,15.423447,462.703395
5090,14.313261,429.397822
5091,14.480461,434.413837
5092,14.752082,442.56246
5093,13.684817,410.544523
5094,15.033312,450.999359
5095,15.764254,472.927611
5096,15.639334,469.180013
5097,15.209481,456.284433
5098,14.487508,434.62524
5099,14.574632,437.238949
5100,13.954516,418.63549
5101,15.991672,479.75016
5102,14.121076,423.632287
5103,13.689302,410.679052
5104,14.224856,426.745676
5105,14.035234,421.057015
5106,13.486867,404.606022
5107,13.172966,395.188981
5108,16.796284,503.888533
5109,15.377963,461.338885
5110,13.660474,409.814222
5111,14.488149,434.644459
5112,14.089686,422.690583
5113,14.714286,441.428571
5114,13.275464,398.263933
5115,14.803972,444.119154
5116,14.577835,437.335042
5117,13.82255,414.676489
5118,16.547726,496.431775
5119,14.897502,446.925048
5120,14.699552,440.986547
5121,13.462524,403.875721
5122,14.568225,437.046765
5123,13.814222,414.42665
5124,15.249199,457.475977
5125,15.395259,461.857783
5126,15.8123,474.368994
5127,14.574632,437.238949
5128,15.282511,458.475336
5129,13.868033,416.040999
5130,14.279308,428.379244
5131,13.741192,412.235746
5132,14.826393,444.7918
5133,15.778347,473.350416
5134,13.70788,411.236387
5135,14.696989,440.909673
5136,15.382447,461.473414
5137,14.736707,442.101217
5138,13.538757,406.162716
5139,13.825753,414.772582
5140,14.04164,421.249199
5141,14.124279,423.728379
5142,15.012172,450.365151
5143,13.784753,413.542601
5144,15.285074,458.55221
5145,17.003844,510.115311
5146,13.98975,419.692505
5147,14.757207,442.716208
5148,15.098655,452.959641
5149,14.165919,424.977578
5150,14.914158,447.424728
5151,15.731582,471.94747
5152,14.326714,429.801409
5153,13.74952,412.485586
5154,14.880205,446.40615
5155,13.064702,391.941063
5156,14.234465,427.033953
5157,13.680974,410.429212
5158,15.359385,460.78155
5159,13.512492,405.37476
5160,14.769379,443.081358
5161,14.998719,449.961563
5162,13.711723,411.351698
5163,14.185138,425.554132
5164,14.878283,446.348495
5165,13.775785,413.273543
5166,16.044843,481.345291
5167,14.875721,446.271621
5168,15.974375,479.231262
5169,15.226137,456.784113
5170,14.304292,429.128764
5171,15.263933,457.918001
5172,13.907111,417.213325
5173,17.34401,520.320307
5174,13.636771,409.103139
5175,14.522101,435.663037
5176,13.694427,410.832799
5177,14.269699,428.090967
5178,15.722614,471.678411
5179,13.871236,416.137092
5180,13.26073,397.821909
5181,14.475336,434.26009
5182,13.832159,414.964766
5183,15.016656,450.49968
5184,16.294683,488.840487
5185,15.039718,451.191544
5186,14.845612,445.368354
5187,14.877002,446.310058
5188,14.464446,433.933376
5189,15.7918,473.754004
5190,13.820628,414.618834
5191,14.803972,444.119154
5192,12.994875,389.846252
5193,13.818706,414.561179
5194,14.360666,430.819987
5195,15.24984,457.495195
5196,14.214606,426.438181
5197,15.676489,470.294683
5198,14.526586,435.797566
5199,15.928892,477.866752
5200,14.629084,438.872518
5201,15.664318,469.929532
5202,15.702114,471.063421
5203,13.568225,407.046765
5204,15.45804,463.741192
5205,12.634849,379.045484
5206,15.112748,453.382447
5207,14.299167,428.975016
5208,15.652146,469.564382
5209,14.543882,436.316464
5210,14.12492,423.747598
5211,15.158873,454.766176
5212,16.570147,497.10442
5213,15.777066,473.31198
5214,14.723254,441.69763
5215,13.442024,403.26073
5216,14.406791,432.203716
5217,15.962844,478.88533
5218,14.059577,421.787316
5219,15.204997,456.149904
5220,15.449712,463.491352
5221,14.967329,449.019859
5222,15.144138,454.324151
5223,16.395259,491.857783
5224,14.850737,445.522101
5225,14.099936,422.998078
5226,13.643818,409.314542
5227,14.000641,420.019218
5228,16.97886,509.365791
5229,15.639334,469.180013
5230,14.678411,440.352338
5231,14.289558,428.686739
5232,13.392697,401.78091
5233,14.440743,433.222293
5234,13.832159,414.964766
5235,15.131326,453.939782
5236,14.156951,424.70852
5237,15.417681,462.530429
5238,14.842409,445.272261
5239,14.834721,445.04164
5240,15.048046,451.441384
5241,16.292761,488.782832
5242,13.869315,416.079436
5243,13.537476,406.124279
5244,15.881486,476.444587
5245,13.984625,419.538757
5246,15.738629,472.158873
5247,14.773863,443.215887
5248,14.685458,440.563741
5249,14.525304,435.759129
5250,14.694427,440.832799
5251,13.837924,415.137732
5252,13.942985,418.289558
5253,14.524023,435.720692
5254,13.539398,406.181935
5255,16.075593,482.267777
5256,14.984625,449.538757
5257,14.55157,436.547085
5258,15.664318,469.929532
5259,13.876361,416.290839
5260,13.736067,412.081999
5261,15.193466,455.803972
5262,14.62524,438.757207
5263,14.081999,422.459962
5264,13.203075,396.092249
5265,14.96861,449.058296
5266,14.090327,422.709801
5267,13.976938,419.308136
5268,14.317104,429.513133
5269,15.636131,469.083921
5270,14.663677,439.910314
5271,13.830878,414.926329
5272,14.684817,440.544523
5273,13.42729,402.818706
5274,15.903267,477.098014
5275,14.565663,436.969891
5276,14.87508,446.252402
5277,16.14606,484.381807
5278,14.871236,446.137092
5279,13.681614,410.44843
5280,14.681614,440.44843
5281,15.761051,472.831518
5282,16.377963,491.338885
5283,15.381166,461.434978
5284,15.204997,456.149904
5285,15.575272,467.258168
5286,14.670724,440.121717
5287,13.692505,410.775144
5288,13.639974,409.199231
5289,14.554773,436.643177
5290,16.167841,485.035234
5291,14.712364,441.370916
5292,14.576553,437.296605
5293,16.180653,485.419603
5294,14.66624,439.987188
5295,15.119795,453.59385
5296,15.465727,463.971813
5297,14.916079,447.482383
5298,15.115311,453.459321
5299,13.461883,403.856502
5300,14.768097,443.042921
5301,13.673286,410.198591
5302,14.115951,423.478539
5303,14.595131,437.85394
5304,13.924407,417.732223
5305,15.021781,450.653427
5306,15.342088,460.262652
5307,15.534914,466.047406
5308,16.056374,481.691224
5309,14.209481,426.284433
5310,15.694427,470.832799
5311,13.316464,399.493914
5312,13.600256,408.007687
5313,15.526586,465.797566
5314,15.525304,465.759129
5315,13.721973,411.659193
5316,15.179372,455.381166
5317,14.590006,437.700192
5318,14.301089,429.032671
5319,15.118514,453.555413
5320,14.532992,435.98975
5321,15.857783,475.733504
5322,13.983985,419.519539
5323,15.365151,460.954516
5324,14.278668,428.360026
5325,15.345291,460.358744
5326,14.22934,426.880205
5327,14.870596,446.117873
5328,14.263293,427.898783
5329,14.530429,435.912876
5330,12.429212,372.876361
5331,13.84369,415.310698
5332,13.026906,390.807175
5333,15.783472,473.504164
5334,16.494555,494.836643
5335,15.566944,467.008328
5336,13.082639,392.47918
5337,13.894299,416.828956
5338,15.518258,465.547726
5339,13.398463,401.953876
5340,15.314542,459.436259
5341,14.829596,444.887892
5342,14.611147,438.334401
5343,14.663677,439.910314
5344,14.564382,436.931454
5345,14.845612,445.368354
5346,13.777707,413.331198
5347,13.057655,391.72966
5348,14.643177,439.295324
5349,14.440743,433.222293
5350,13.948751,418.462524
5351,16.36451,490.935298
5352,15.613709,468.411275
5353,16.808456,504.253684
5354,14.891095,446.732864
5355,14.839206,445.176169
5356,13.800128,414.003844
5357,14.047406,421.422165
5358,14.713004,441.390135
5359,15.168482,455.054452
5360,15.033953,451.018578
5361,15.44843,463.452915
5362,14.449712,433.491352
5363,14.401025,432.03075
5364,13.716208,411.486227
5365,13.546445,406.393338
5366,14.886611,446.598334
5367,16.009609,480.288277
5368,13.194747,395.842409
5369,13.917361,417.52082
5370,14.466368,433.991031
5371,14.33376,430.012812
5372,13.652146,409.564382
5373,14.204997,426.149904
5374,15.741832,472.254965
5375,15.047406,451.422165
5376,15.399103,461.973094
5377,14.212044,426.361307
5378,14.282511,428.475336
5379,15.434337,463.030109
5380,14.570788,437.123639
5381,14.556694,436.700833
5382,13.615631,408.46893
5383,14.450352,433.51057
5384,15.438181,463.14542
5385,13.94811,418.443306
5386,16.142857,484.285714
5387,13.817425,414.522742
5388,16.369635,491.089045
5389,13.673286,410.198591
5390,13.089045,392.671365
5391,14.408712,432.261371
5392,14.454837,433.645099
5393,14.995516,449.865471
5394,15.450993,463.529789
5395,14.680974,440.429212
5396,14.44779,433.433696
5397,15.398463,461.953876
5398,14.752082,442.56246
5399,13.93722,418.116592
5400,15.620756,468.622678
5401,14.700833,441.024984
5402,15.359385,460.78155
5403,14.30237,429.071108
5404,14.874439,446.233184
5405,15.3754,461.262012
5406,14.216528,426.495836
5407,14.053171,421.595131
5408,14.70788,441.236387
5409,15.096733,452.901986
5410,12.845612,385.368354
5411,15.536195,466.085842
5412,14.851377,445.54132
5413,14.345932,430.377963
5414,14.071108,422.133248
5415,15.268418,458.05253
5416,15.869315,476.079436
5417,13.919283,417.578475
5418,14.518258,435.547726
5419,16.339526,490.185778
5420,14.065343,421.960282
5421,13.845612,415.368354
5422,15.144779,454.34337
5423,14.450993,433.529789
5424,13.84369,415.310698
5425,14.905189,447.155669
5426,13.037796,391.133889
5427,14.903908,447.117233
5428,16.57335,497.200512
5429,16.222293,486.668802
5430,13.897502,416.925048
5431,13.472133,404.163997
5432,13.338245,400.147341
5433,14.117233,423.516976
5434,14.925689,447.77066
5435,15.654709,469.641256
5436,14.388213,431.646381
5437,14.918001,447.540038
5438,14.433056,432.991672
5439,15.443306,463.299167
5440,15.700833,471.024984
5441,14.111467,423.34401
5442,14.318386,429.55157
5443,16.315183,489.455477
5444,14.289558,428.686739
5445,15.811659,474.349776
5446,14.478539,434.356182
5447,14.18706,425.611787
5448,14.389494,431.684817
5449,14.519539,435.586163
5450,14.704676,441.140295
5451,14.857143,445.714286
5452,14.026265,420.787956
5453,14.72966,441.889814
5454,14.527867,435.836003
5455,14.27098,428.129404
5456,15.552851,466.585522
5457,14.796925,443.907751
5458,14.113389,423.401666
5459,14.676489,440.294683
5460,14.27034,428.110186
5461,13.645099,409.352979
5462,16.598334,497.950032
5463,15.430493,462.914798
5464,14.403587,432.107623
5465,15.778988,473.369635
5466,15.33376,460.012812
5467,15.224856,456.745676
5468,14.110826,423.324792
5469,14.56246,436.873799
5470,15.0205,450.61499
5471,15.331198,459.935939
5472,14.262652,427.879564
5473,14.535554,436.066624
5474,14.420243,432.607303
5475,14.237668,427.130045
5476,14.420884,432.626521
5477,14.096733,422.901986
5478,13.868033,416.040999
5479,15.217809,456.534273
5480,14.274824,428.244715
5481,14.110186,423.305573
5482,15.485586,464.567585
5483,14.523382,435.701473
5484,14.987828,449.634849
5485,13.768738,413.06214
5486,15.727739,471.832159
5487,13.513773,405.413197
5488,14.463805,433.914158
5489,13.508648,405.259449
5490,14.447149,433.414478
5491,15.301089,459.032671
5492,13.679052,410.371557
5493,15.159513,454.785394
5494,14.837924,445.137732
5495,14.157591,424.727739
5496,13.72902,411.870596
5497,15.4164,462.491992
5498,14.48943,434.682896
5499,15.61499,468.449712
5500,14.485586,434.567585
5501,13.804612,414.138373
5502,14.645099,439.352979
5503,15.163357,454.900705
5504,13.988469,419.654068
5505,13.213325,396.399744
5506,14.770019,443.100577
5507,14.818706,444.561179
5508,13.81294,414.388213
5509,14.68738,440.621397
5510,15.053812,451.61435
5511,14.168482,425.054452
5512,14.079436,422.383088
5513,14.898142,446.944266
5514,16.467008,494.01025
5515,15.106342,453.190263
5516,14.286996,428.609865
5517,15.190903,455.727098
5518,14.499039,434.971172
5519,13.50032,405.009609
5520,15.641256,469.237668
5521,16.211403,486.342088
5522,14.68738,440.621397
5523,14.983985,449.519539
5524,15.71877,471.563101
5525,15.388853,461.665599
5526,16.361307,490.839206
5527,14.700192,441.005766
5528,14.859065,445.771941
5529,15.267136,458.014094
5530,14.898142,446.944266
5531,14.756566,442.696989
5532,14.695708,440.871236
5533,14.982063,449.461883
5534,14.737348,442.120436
5535,16.409353,492.280589
5536,14.707239,441.217168
5537,17.78091,533.42729
5538,15.782191,473.465727
5539,14.966047,448.981422
5540,14.641896,439.256887
5541,14.459321,433.779628
5542,14.158873,424.766176
5543,15.836643,475.099295
5544,16.603459,498.10378
5545,15.048687,451.460602
5546,13.934657,418.039718
5547,14.297245,428.917361
5548,13.784113,413.523382
5549,15.661115,469.83344
5550,13.813581,414.407431
5551,14.369635,431.089045
5552,15.399744,461.992313
5553,14.964766,448.942985
5554,15.536835,466.105061
5555,14.647021,439.410634
5556,14.06278,421.883408
5557,14.140935,424.228059
5558,14.032031,420.960922
5559,14.382447,431.473414
5560,16.116592,483.497758
5561,14.810378,444.311339
5562,16.675208,500.256246
5563,14.821909,444.657271
5564,15.148623,454.45868
5565,13.403587,402.107623
5566,14.400384,432.011531
5567,15.82319,474.695708
5568,15.306855,459.205637
5569,14.376041,431.28123
5570,16.126842,483.805253
5571,15.868033,476.040999
5572,14.921204,447.636131
5573,14.259449,427.783472
5574,14.951313,448.539398
5575,15.594491,467.834721
5576,14.241512,427.245356
5577,14.860346,445.810378
5578,14.335042,430.051249
5579,14.296605,428.898142
5580,14.814862,444.445868
5581,13.96861,419.058296
5582,15.126842,453.805253
5583,15.310698,459.320948
5584,14.924407,447.732223
5585,14.986547,449.596413
5586,14.337604,430.128123
5587,14.438821,433.164638
5588,14.392056,431.761691
5589,14.721332,441.639974
5590,13.443306,403.299167
5591,14.529789,435.893658
5592,14.627162,438.814862
5593,15.408712,462.261371
5594,14.003203,420.096092
5595,13.696989,410.909673
5596,14.126842,423.805253
5597,16.546445,496.393338
5598,14.428571,432.857143
5599,14.939782,448.193466
5600,15.575272,467.258168
5601,14.277386,428.321589
5602,15.478539,464.356182
5603,14.134529,424.035874
5604,13.914798,417.443946
5605,14.09417,422.825112
5606,14.914798,447.443946
5607,14.456118,433.683536
5608,16.2082,486.245996
5609,15.29148,458.744395
5610,15.515695,465.470852
5611,14.373479,431.204356
5612,14.709801,441.294042
5613,13.68802,410.640615
5614,14.295324,428.859705
5615,14.374119,431.223575
5616,13.951313,418.539398
5617,15.126842,453.805253
5618,14.303011,429.090327
5619,14.316464,429.493914
5620,13.901986,417.059577
5621,14.516336,435.49007
5622,14.652146,439.564382
5623,16.092249,482.767457
5624,13.50993,405.297886
5625,14.83344,445.003203
5626,14.219731,426.591928
5627,14.900705,447.02114
5628,14.588085,437.642537
5629,16.47918,494.3754
5630,14.545804,436.374119
5631,14.107623,423.2287
5632,15.378603,461.358104
5633,14.438181,433.14542
5634,14.349776,430.493274
5635,14.559898,436.796925
5636,16.587444,497.623318
5637,13.834721,415.04164
5638,13.301089,399.032671
5639,13.936579,418.097373
5640,14.616272,438.488149
5641,15.01089,450.326714
5642,15.905189,477.155669
5643,15.965407,478.962204
5644,14.746316,442.389494
5645,14.601537,438.046124
5646,16.183216,485.496477
5647,14.476618,434.298527
5648,14.7713,443.139013
5649,14.235106,427.053171
5650,14.579757,437.392697
5651,14.710442,441.313261
5652,15.219731,456.591928
5653,15.362588,460.877643
5654,15.125561,453.766816
5655,16.158232,484.746957
5656,13.7918,413.754004
5657,15.324792,459.743754
5658,15.786675,473.600256
5659,13.916079,417.482383
5660,14.418322,432.549648
5661,14.61435,438.430493
5662,16.465086,493.952594
5663,14.183857,425.515695
5664,13.89622,416.886611
5665,16.57335,497.200512
5666,16.420884,492.626521
5667,14.080717,422.421525
5668,15.519539,465.586163
5669,14.836003,445.080077
5670,14.11467,423.440102
5671,13.379885,401.396541
5672,15.620756,468.622678
5673,15.361947,460.858424
5674,13.456758,403.702755
5675,13.778988,413.369635
5676,14.795003,443.850096
5677,13.727098,411.81294
5678,14.632287,438.96861
5679,15.097373,452.921204
5680,13.36451,400.935298
5681,15.579757,467.392697
5682,14.356182,430.685458
5683,13.778988,413.369635
5684,15.634209,469.026265
5685,15.119795,453.59385
5686,13.999359,419.980782
5687,13.675849,410.275464
5688,14.914158,447.424728
5689,14.41704,432.511211
5690,15.023062,450.691864
5691,14.629725,438.891736
5692,14.984625,449.538757
5693,14.275464,428.263933
5694,14.786035,443.581038
5695,16.275464,488.263933
5696,15.572069,467.162076
5697,12.693145,380.794363
5698,13.463805,403.914158
5699,15.754004,472.620115
5700,12.965407,388.962204
5701,15.367713,461.03139
5702,14.860987,445.829596
5703,13.795003,413.850096
5704,15.009609,450.288277
5705,13.436259,403.087764
5706,15.650224,469.506726
5707,15.143498,454.304933
5708,14.446509,433.395259
5709,15.820628,474.618834
5710,15.69827,470.94811
5711,13.788597,413.657912
5712,14.657271,439.718129
5713,14.40615,432.184497
5714,15.764254,472.927611
5715,15.039718,451.191544
5716,14.566304,436.98911
5717,15.225496,456.764894
5718,14.810378,444.311339
5719,13.720692,411.620756
5720,14.570147,437.10442
5721,13.857783,415.733504
5722,14.56246,436.873799
5723,15.138373,454.151185
5724,15.411915,462.357463
5725,14.413837,432.415119
5726,14.597694,437.930814
5727,14.46893,434.067905
5728,15.561179,466.835362
5729,15.130045,453.901345
5730,13.756566,412.696989
5731,15.202434,456.07303
5732,13.95836,418.750801
5733,14.139654,424.189622
5734,15.007047,450.211403
5735,15.019859,450.595772
5736,14.584241,437.527226
5737,12.84369,385.310698
5738,14.756566,442.696989
5739,13.951954,418.558616
5740,14.194747,425.842409
5741,13.836643,415.099295
5742,14.450352,433.51057
5743,14.262012,427.860346
5744,14.2082,426.245996
5745,15.212684,456.380525
5746,14.710442,441.313261
5747,13.961563,418.846893
5748,13.758488,412.754644
5749,13.276105,398.283152
5750,15.762972,472.889174
5751,14.545163,436.354901
5752,14.850737,445.522101
5753,15.959641,478.789238
5754,16.120436,483.613069
5755,14.024984,420.74952
5756,15.212684,456.380525
5757,15.566304,466.98911
5758,14.521461,435.643818
5759,14.308136,429.244074
5760,14.977578,449.327354
5761,15.127482,453.824471
5762,14.153107,424.593209
5763,14.82319,444.695708
5764,14.292761,428.782832
5765,15.305573,459.167201
5766,16.054452,481.633568
5767,13.227418,396.82255
5768,14.545804,436.374119
5769,16.003203,480.096092
5770,14.188341,425.650224
5771,14.428571,432.857143
5772,13.821268,414.638053
5773,13.171044,395.131326
5774,15.081358,452.440743
5775,15.17745,455.323511
5776,14.599616,437.988469
5777,13.939782,418.193466
5778,14.901986,447.059577
5779,15.331198,459.935939
5780,16.065343,481.960282
5781,15.21909,456.57271
5782,15.957079,478.712364
5783,16.193466,485.803972
5784,13.953876,418.616272
5785,14.053171,421.595131
5786,14.265215,427.956438
5787,14.110826,423.324792
5788,14.436259,433.087764
5789,15.366432,460.992953
5790,14.189622,425.688661
5791,14.68738,440.621397
5792,15.119154,453.574632
5793,14.2082,426.245996
5794,13.931454,417.943626
5795,15.349776,460.493274
5796,16.001281,480.038437
5797,15.777066,473.31198
5798,14.290199,428.705958
5799,15.039718,451.191544
5800,13.975016,419.25048
5801,13.204356,396.130685
5802,14.997438,449.923126
5803,13.323511,399.705317
5804,15.319667,459.590006
5805,14.849455,445.483664
5806,16.41704,492.511211
5807,14.396541,431.89622
5808,14.380525,431.415759
5809,14.911595,447.347854
5810,14.406791,432.203716
5811,15.193466,455.803972
5812,13.839846,415.195388
5813,14.079436,422.383088
5814,14.497117,434.913517
5815,13.496477,404.894299
5816,15.590006,467.700192
5817,15.356823,460.704676
5818,15.070468,452.114029
5819,14.559257,436.777707
5820,13.581678,407.450352
5821,15.648302,469.449071
5822,15.203075,456.092249
5823,14.192825,425.784753
5824,14.868674,446.060218
5825,15.048046,451.441384
5826,15.525945,465.778347
5827,13.535554,406.066624
5828,15.590647,467.719411
5829,15.232543,456.976297
5830,15.875721,476.271621
5831,14.134529,424.035874
5832,15.85394,475.618193
5833,14.53107,435.932095
5834,13.978219,419.346573
5835,14.820628,444.618834
5836,13.452274,403.568225
5837,14.33312,429.993594
5838,13.246637,397.399103
5839,14.432415,432.972454
5840,15.037796,451.133889
5841,14.430493,432.914798
5842,14.275464,428.263933
5843,14.078155,422.344651
5844,13.727739,411.832159
5845,16.853299,505.598975
5846,13.795003,413.850096
5847,13.79116,413.734785
5848,15.308776,459.263293
5849,14.901986,447.059577
5850,16.505445,495.163357
5851,14.987828,449.634849
5852,15.419603,462.588085
5853,13.916079,417.482383
5854,12.690583,380.717489
5855,14.10378,423.113389
5856,15.032031,450.960922
5857,14.499039,434.971172
5858,16.331839,489.955157
5859,16.061499,481.844971
5860,12.935939,388.078155
5861,14.470852,434.125561
5862,14.238309,427.149263
5863,16.108264,483.247918
5864,15.780269,473.408072
5865,15.790519,473.715567
5866,13.621397,408.641896
5867,14.410634,432.319026
5868,15.067265,452.017937
5869,13.871877,416.15631
5870,14.481102,434.433056
5871,15.417681,462.530429
5872,15.598334,467.950032
5873,14.7713,443.139013
5874,16.03139,480.941704
5875,14.484946,434.548366
5876,15.345932,460.377963
5877,15.66624,469.987188
5878,15.237028,457.110826
5879,16.461243,493.837284
5880,14.876361,446.290839
5881,15.610506,468.315183
5882,16.298527,488.955798
5883,16.544523,496.335682
5884,15.590647,467.719411
5885,13.050609,391.518258
5886,14.844331,445.329917
5887,14.608584,438.257527
5888,13.622678,408.680333
5889,14.590006,437.700192
5890,15.790519,473.715567
5891,15.369635,461.089045
5892,14.081358,422.440743
5893,14.102498,423.074952
5894,13.870596,416.117873
5895,15.638053,469.141576
5896,14.274824,428.244715
5897,14.376682,431.300448
5898,14.52082,435.6246
5899,14.514414,435.432415
5900,13.901986,417.059577
5901,14.345291,430.358744
5902,13.884689,416.540679
5903,15.367713,461.03139
5904,14.470211,434.106342
5905,16.638053,499.141576
5906,16.092249,482.767457
5907,13.405509,402.165279
5908,15.327354,459.820628
5909,15.096733,452.901986
5910,14.691224,440.736707
5911,16.163357,484.900705
5912,14.459321,433.779628
5913,15.470211,464.106342
5914,13.868033,416.040999
5915,15.420884,462.626521
5916,13.967969,419.039078
5917,14.076874,422.306214
5918,16.05189,481.556694
5919,14.735426,442.06278
5920,13.365151,400.954516
5921,14.616912,438.507367
5922,13.300448,399.013453
5923,14.499039,434.971172
5924,14.377322,431.319667
5925,13.924407,417.732223
5926,14.590006,437.700192
5927,14.442024,433.26073
5928,13.678411,410.352338
5929,14.6246,438.737988
5930,13.998078,419.942345
5931,15.918642,477.559257
5932,14.272261,428.167841
5933,14.965407,448.962204
5934,15.290199,458.705958
5935,15.821268,474.638053
5936,13.755285,412.658552
5937,14.618834,438.565022
5938,14.610506,438.315183
5939,15.788597,473.657912
5940,15.137732,454.131967
5941,16.423447,492.703395
5942,13.281871,398.456118
5943,14.267777,428.033312
5944,16.74952,502.485586
5945,14.700192,441.005766
5946,14.284433,428.532992
5947,15.117873,453.536195
5948,13.168482,395.054452
5949,14.839846,445.195388
5950,13.904548,417.136451
5951,15.561179,466.835362
5952,14.787316,443.619475
5953,14.903267,447.098014
5954,15.504164,465.12492
5955,13.993594,419.807816
5956,14.522101,435.663037
5957,13.392697,401.78091
5958,15.408072,462.242152
5959,14.397181,431.915439
5960,14.2082,426.245996
5961,14.912876,447.386291
5962,14.784753,443.542601
5963,13.834081,415.022422
5964,14.640615,439.21845
5965,14.704036,441.121076
5966,14.404228,432.126842
5967,15.236387,457.091608
5968,13.959001,418.770019
5969,14.128764,423.862908
5970,14.163997,424.919923
5971,13.898783,416.963485
5972,15.235746,457.072389
5973,14.409994,432.299808
5974,14.106342,423.190263
5975,15.123639,453.709161
5976,13.809737,414.29212
5977,14.264574,427.93722
5978,14.93786,448.13581
5979,15.225496,456.764894
5980,15.387572,461.627162
5981,15.579116,467.373479
5982,14.548366,436.450993
5983,13.848174,415.445227
5984,13.78091,413.42729
5985,15.226778,456.803331
5986,13.585522,407.565663
5987,13.680974,410.429212
5988,15.467008,464.01025
5989,15.341448,460.243434
5990,14.396541,431.89622
5991,12.777707,383.331198
5992,15.410634,462.319026
5993,14.159513,424.785394
5994,13.317745,399.532351
5995,13.996797,419.903908
5996,13.82255,414.676489
5997,16.492633,494.778988
5998,13.534914,406.047406
5999,14.222293,426.668802
6000,15.388853,461.665599
6001,14.699552,440.986547
6002,14.01089,420.326714
6003,13.758488,412.754644
6004,14.629084,438.872518
6005,13.766176,412.985266
6006,15.141576,454.247277
6007,14.800128,444.003844
6008,15.907751,477.232543
6009,15.727739,471.832159
6010,14.942985,448.289558
6011,14.279308,428.379244
6012,15.912876,477.386291
6013,13.290839,398.725176
6014,13.834721,415.04164
6015,14.273543,428.206278
6016,13.580397,407.411915
6017,14.798206,443.946188
6018,14.764894,442.946829
6019,14.992953,449.788597
6020,15.770019,473.100577
6021,15.45804,463.741192
6022,15.349776,460.493274
6023,14.829596,444.887892
6024,13.944266,418.327995
6025,14.965407,448.962204
6026,13.132607,393.978219
6027,15.93786,478.13581
6028,14.002562,420.076874
6029,14.811659,444.349776
6030,14.888533,446.65599
6031,14.426009,432.780269
6032,13.732223,411.966688
6033,14.175529,425.265855
6034,14.988469,449.654068
6035,15.060218,451.806534
6036,15.068546,452.056374
6037,14.002562,420.076874
6038,14.10442,423.132607
6039,15.509289,465.278668
6040,16.420243,492.607303
6041,14.310058,429.30173
6042,14.931454,447.943626
6043,16.285714,488.571429
6044,14.70852,441.255605
6045,14.684817,440.544523
6046,13.955798,418.673927
6047,14.712364,441.370916
6048,14.497758,434.932735
6049,12.53107,375.932095
6050,14.136451,424.09353
6051,13.970532,419.115951
6052,14.44843,433.452915
6053,12.755926,382.677771
6054,14.290839,428.725176
6055,16.046124,481.383728
6056,14.40615,432.184497
6057,14.881486,446.444587
6058,15.30173,459.05189
6059,14.475977,434.279308
6060,13.524023,405.720692
6061,13.574632,407.238949
6062,15.039078,451.172325
6063,13.880205,416.40615
6064,14.264574,427.93722
6065,15.10378,453.113389
6066,14.502883,435.086483
6067,14.919283,447.578475
6068,14.355541,430.66624
6069,13.650865,409.525945
6070,14.095452,422.863549
6071,14.866111,445.983344
6072,14.511211,435.336323
6073,15.604741,468.142217
6074,15.252402,457.572069
6075,14.92697,447.809097
6076,15.660474,469.814222
6077,15.256887,457.706598
6078,15.689302,470.679052
6079,15.622678,468.680333
6080,15.058937,451.768097
6081,15.933376,478.001281
6082,13.686099,410.58296
6083,14.81294,444.388213
6084,14.600897,438.026906
6085,17.013453,510.403587
6086,13.606662,408.199872
6087,14.223575,426.707239
6088,14.429853,432.89558
6089,15.131326,453.939782
6090,14.982063,449.461883
6091,13.862268,415.868033
6092,13.828315,414.849455
6093,13.915439,417.463165
6094,13.243434,397.303011
6095,14.871236,446.137092
6096,13.800769,414.023062
6097,13.775144,413.254324
6098,13.30173,399.05189
6099,14.825112,444.753363
6100,13.773863,413.215887
6101,13.752082,412.56246
6102,14.478539,434.356182
6103,16.585522,497.565663
6104,14.920564,447.616912
6105,14.620115,438.603459
6106,13.987188,419.615631
6107,15.308776,459.263293
6108,14.127482,423.824471
6109,13.914798,417.443946
6110,13.648302,409.449071
6111,14.276105,428.283152
6112,15.191544,455.746316
6113,15.162076,454.862268
6114,13.873799,416.213965
6115,15.54196,466.258808
6116,15.01025,450.307495
6117,13.319667,399.590006
6118,15.203716,456.111467
6119,14.94747,448.424087
6120,14.446509,433.395259
6121,15.245996,457.379885
6122,14.98975,449.692505
6123,15.470852,464.125561
6124,14.27034,428.110186
6125,14.29212,428.763613
6126,13.686739,410.602178
6127,15.094811,452.844331
6128,15.992953,479.788597
6129,16.496477,494.894299
6130,14.17745,425.323511
6131,14.243434,427.303011
6132,14.190263,425.70788
6133,15.566944,467.008328
6134,14.157591,424.727739
6135,13.534914,406.047406
6136,15.737988,472.139654
6137,16.206278,486.188341
6138,14.278027,428.340807
6139,14.848815,445.464446
6140,16.839206,505.176169
6141,14.962204,448.866111
6142,15.408072,462.242152
6143,15.577835,467.335042
6144,14.283792,428.513773
6145,13.991672,419.75016
6146,14.075593,422.267777
6147,14.456118,433.683536
6148,15.662396,469.871877
6149,14.007047,420.211403
6150,14.251762,427.552851
6151,15.222293,456.668802
6152,14.450993,433.529789
6153,15.251121,457.533632
6154,15.393338,461.800128
6155,15.040359,451.210762
6156,13.82255,414.676489
6157,13.646381,409.391416
6158,14.0,420.0
6159,14.21909,426.57271
6160,15.128764,453.862908
6161,15.813581,474.407431
6162,15.717489,471.524664
6163,13.851377,415.54132
6164,13.964766,418.942985
6165,14.276746,428.30237
6166,13.72966,411.889814
6167,15.290839,458.725176
6168,15.849455,475.483664
6169,15.289558,458.686739
6170,15.463805,463.914158
6171,15.035234,451.057015
6172,14.852018,445.560538
6173,15.29212,458.763613
6174,14.149263,424.477899
6175,14.851377,445.54132
6176,15.128764,453.862908
6177,13.775144,413.254324
6178,14.501602,435.048046
6179,14.443946,433.318386
6180,14.689302,440.679052
6181,12.960282,388.808456
6182,14.280589,428.417681
6183,15.532992,465.98975
6184,13.573991,407.219731
6185,15.3959,461.877002
6186,14.122357,423.670724
6187,15.204997,456.149904
6188,16.342088,490.262652
6189,14.657271,439.718129
6190,14.975016,449.25048
6191,14.315183,429.455477
6192,15.775144,473.254324
6193,14.180653,425.419603
6194,15.590647,467.719411
6195,15.696348,470.890455
6196,15.0,450.0
6197,14.580397,437.411915
6198,15.230621,456.918642
6199,15.019218,450.576553
6200,14.569507,437.085202
6201,15.534914,466.047406
6202,15.481102,464.433056
6203,14.042281,421.268418
6204,16.837284,505.118514
6205,14.3754,431.262012
6206,15.47918,464.3754
6207,14.873799,446.213965
6208,15.559898,466.796925
6209,15.34337,460.301089
6210,14.242152,427.264574
6211,14.533632,436.008969
6212,15.02114,450.634209
6213,15.432415,462.972454
6214,12.160154,364.804612
6215,15.338885,460.16656
6216,13.598975,407.96925
6217,15.058937,451.768097
6218,14.807175,444.215247
6219,14.184497,425.534914
6220,14.941704,448.251121
6221,14.125561,423.766816
6222,14.860346,445.810378
6223,15.3754,461.262012
6224,14.871877,446.15631
6225,14.6246,438.737988
6226,15.546445,466.393338
6227,15.325432,459.762972
6228,14.114029,423.420884
6229,14.482383,434.471493
6230,13.579116,407.373479
6231,14.38501,431.550288
6232,14.738629,442.158873
6233,14.398463,431.953876
6234,13.321589,399.647662
6235,14.009609,420.288277
6236,14.912876,447.386291
6237,13.86483,415.944907
6238,15.009609,450.288277
6239,15.121717,453.651505
6240,15.200512,456.015375
6241,14.896861,446.90583
6242,14.128764,423.862908
6243,14.454837,433.645099
6244,15.132607,453.978219
6245,15.348495,460.454837
6246,13.400384,402.011531
6247,14.308136,429.244074
6248,14.534273,436.028187
6249,15.95836,478.750801
6250,14.559257,436.777707
6251,16.167201,485.016015
6252,14.440743,433.222293
6253,14.034593,421.037796
6254,14.672005,440.160154
6255,15.242793,457.283792
6256,14.646381,439.391416
6257,14.907111,447.213325
6258,14.07303,422.190903
6259,16.109545,483.286355
6260,16.132607,483.978219
6261,15.528507,465.855221
6262,15.477899,464.336963
6263,14.422806,432.684177
6264,14.112748,423.382447
6265,14.443306,433.299167
6266,14.033953,421.018578
6267,14.596413,437.892377
6268,14.537476,436.124279
6269,14.926329,447.789878
6270,15.577835,467.335042
6271,15.298527,458.955798
6272,14.060858,421.825753
6273,15.247277,457.418322
6274,14.96925,449.077514
6275,13.918642,417.559257
6276,14.259449,427.783472
6277,13.959641,418.789238
6278,15.141576,454.247277
6279,14.161435,424.843049
6280,16.727739,501.832159
6281,15.938501,478.155029
6282,15.046124,451.383728
6283,13.938501,418.155029
6284,15.85458,475.637412
6285,15.504164,465.12492
6286,15.224215,456.726457
6287,14.962844,448.88533
6288,14.327354,429.820628
6289,16.652146,499.564382
6290,14.731582,441.94747
6291,14.996156,449.884689
6292,14.308136,429.244074
6293,15.064061,451.921845
6294,14.033953,421.018578
6295,14.144138,424.324151
6296,14.988469,449.654068
6297,15.866752,476.002562
6298,14.757207,442.716208
6299,15.055734,451.672005
6300,14.943626,448.308776
6301,14.640615,439.21845
6302,13.453555,403.606662
6303,14.732864,441.985906
6304,14.326714,429.801409
6305,16.391416,491.742473
6306,14.599616,437.988469
6307,14.03075,420.922486
6308,14.228059,426.841768
6309,14.910314,447.309417
6310,13.826393,414.7918
6311,13.806534,414.196028
6312,15.720051,471.601537
6313,15.017297,450.518898
6314,14.331839,429.955157
6315,14.295324,428.859705
6316,15.032031,450.960922
6317,13.35426,400.627803
6318,14.374119,431.223575
6319,14.934657,448.039718
6320,14.788597,443.657912
6321,14.480461,434.413837
6322,13.814862,414.445868
6323,14.712364,441.370916
6324,14.615631,438.46893
6325,15.076233,452.286996
6326,13.502242,405.067265
6327,14.857143,445.714286
6328,14.65599,439.679693
6329,13.153748,394.612428
6330,14.70852,441.255605
6331,14.811659,444.349776
6332,13.878924,416.367713
6333,13.610506,408.315183
6334,15.498398,464.951954
6335,14.090327,422.709801
6336,15.379244,461.377322
6337,14.267777,428.033312
6338,14.393978,431.819347
6339,15.914798,477.443946
6340,15.149904,454.497117
6341,13.978219,419.346573
6342,12.850096,385.502883
6343,13.694427,410.832799
6344,13.50032,405.009609
6345,14.491992,434.759769
6346,15.019218,450.576553
6347,14.935939,448.078155
6348,15.31262,459.378603
6349,15.158232,454.746957
6350,16.143498,484.304933
6351,15.154388,454.631646
6352,13.329917,399.897502
6353,15.74952,472.485586
6354,13.696989,410.909673
6355,13.625881,408.776425
6356,14.494555,434.836643
6357,15.53107,465.932095
6358,15.060858,451.825753
6359,14.663037,439.891095
6360,15.598334,467.950032
6361,13.434337,403.030109
6362,13.68738,410.621397
6363,14.447149,433.414478
6364,14.436899,433.106983
6365,15.113389,453.401666
6366,15.50993,465.297886
6367,14.860346,445.810378
6368,14.368354,431.050609
6369,15.355541,460.66624
6370,13.608584,408.257527
6371,14.433696,433.01089
6372,13.933376,418.001281
6373,13.75016,412.504805
6374,14.862268,445.868033
6375,14.594491,437.834721
6376,14.464446,433.933376
6377,16.012812,480.384369
6378,14.921204,447.636131
6379,16.407431,492.222934
6380,16.030109,480.903267
6381,13.9795,419.38501
6382,14.964126,448.923767
6383,14.880846,446.425368
6384,13.538757,406.162716
6385,15.768097,473.042921
6386,16.194106,485.82319
6387,14.846252,445.387572
6388,14.952594,448.577835
6389,14.362588,430.877643
6390,14.306855,429.205637
6391,13.945548,418.366432
6392,14.042281,421.268418
6393,14.264574,427.93722
6394,13.652146,409.564382
6395,15.8123,474.368994
6396,14.024343,420.730301
6397,14.529148,435.874439
6398,15.552851,466.585522
6399,14.246637,427.399103
6400,14.966047,448.981422
6401,15.876361,476.290839
6402,15.751441,472.543242
6403,15.907111,477.213325
6404,14.413197,432.3959
6405,13.82319,414.695708
6406,13.620115,408.603459
6407,14.773863,443.215887
6408,15.254965,457.648943
6409,14.657912,439.737348
6410,13.918001,417.540038
6411,14.571429,437.142857
6412,15.49007,464.702114
6413,13.623959,408.71877
6414,15.274183,458.225496
6415,14.26009,427.802691
6416,13.775785,413.273543
6417,13.980782,419.423447
6418,15.235106,457.053171
6419,15.816143,474.484305
6420,15.049968,451.499039
6421,15.474055,464.221653
6422,15.130045,453.901345
6423,14.6041,438.122998
6424,13.600256,408.007687
6425,14.766176,442.985266
6426,12.853299,385.598975
6427,14.173607,425.2082
6428,15.373479,461.204356
6429,14.885971,446.579116
6430,15.497117,464.913517
6431,14.008328,420.24984
6432,15.602178,468.065343
6433,14.496477,434.894299
6434,15.05253,451.575913
6435,15.888533,476.65599
6436,14.001281,420.038437
6437,14.786675,443.600256
6438,15.327995,459.839846
6439,15.73927,472.178091
6440,13.488149,404.644459
6441,14.485586,434.567585
6442,13.595772,407.873158
6443,13.903267,417.098014
6444,13.907751,417.232543
6445,14.515054,435.451634
6446,13.280589,398.417681
6447,13.090967,392.72902
6448,14.089045,422.671365
6449,14.505445,435.163357
6450,14.714926,441.44779
6451,13.139013,394.170404
6452,15.190903,455.727098
6453,14.63549,439.064702
6454,13.727739,411.832159
6455,15.06278,451.883408
6456,13.961563,418.846893
6457,15.308136,459.244074
6458,13.768097,413.042921
6459,14.558616,436.758488
6460,15.174247,455.227418
6461,15.716208,471.486227
6462,15.529789,465.893658
6463,14.538117,436.143498
6464,13.919923,417.597694
6465,15.44843,463.452915
6466,15.064702,451.941063
6467,16.498398,494.951954
6468,14.368994,431.069827
6469,13.398463,401.953876
6470,14.977578,449.327354
6471,13.994234,419.827034
6472,13.941063,418.231903
6473,15.598334,467.950032
6474,16.699552,500.986547
6475,14.966688,449.000641
6476,14.668802,440.064061
6477,14.169122,425.073671
6478,15.012812,450.384369
6479,14.049327,421.479821
6480,14.170404,425.112108
6481,14.611147,438.334401
6482,14.238309,427.149263
6483,14.547085,436.412556
6484,14.964126,448.923767
6485,13.659833,409.795003
6486,16.067265,482.017937
6487,14.529148,435.874439
6488,15.936579,478.097373
6489,14.478539,434.356182
6490,14.359385,430.78155
6491,14.831518,444.945548
6492,14.985266,449.557976
6493,15.483664,464.50993
6494,13.300448,399.013453
6495,14.413837,432.415119
6496,15.034593,451.037796
6497,16.156951,484.70852
6498,14.304933,429.147982
6499,16.265855,487.975657
6500,14.446509,433.395259
6501,14.054452,421.633568
6502,14.327995,429.839846
6503,15.386291,461.588725
6504,13.701473,411.044202
6505,15.117233,453.516976
6506,14.98975,449.692505
6507,14.130045,423.901345
6508,13.952594,418.577835
6509,14.965407,448.962204
6510,15.173607,455.2082
6511,14.908392,447.251762
6512,15.619475,468.584241
6513,14.931454,447.943626
6514,15.898142,476.944266
6515,15.388213,461.646381
6516,14.46829,434.048687
6517,14.69827,440.94811
6518,13.388213,401.646381
6519,14.092249,422.767457
6520,13.904548,417.136451
6521,16.473414,494.202434
6522,13.622037,408.661115
6523,14.790519,443.715567
6524,15.060858,451.825753
6525,15.440743,463.222293
6526,13.7713,413.139013
6527,14.028828,420.86483
6528,14.680974,440.429212
6529,16.494555,494.836643
6530,13.818065,414.54196
6531,15.429853,462.89558
6532,14.077514,422.325432
6533,15.012812,450.384369
6534,14.597053,437.911595
6535,14.263933,427.918001
6536,16.934657,508.039718
6537,14.430493,432.914798
6538,14.525304,435.759129
6539,14.650865,439.525945
6540,14.523382,435.701473
6541,16.199872,485.996156
6542,14.457399,433.721973
6543,15.055734,451.672005
6544,13.370916,401.127482
6545,14.971172,449.13517
6546,15.664958,469.948751
6547,14.821909,444.657271
6548,14.262652,427.879564
6549,13.657271,409.718129
6550,15.023703,450.711083
6551,14.225496,426.764894
6552,15.228059,456.841768
6553,14.845612,445.368354
6554,14.429853,432.89558
6555,15.702755,471.082639
6556,14.191544,425.746316
6557,14.556054,436.681614
6558,15.262652,457.879564
6559,14.628443,438.853299
6560,15.530429,465.912876
6561,15.147982,454.439462
6562,14.044202,421.326073
6563,14.2082,426.245996
6564,14.714286,441.428571
6565,15.426009,462.780269
6566,14.633568,439.007047
6567,15.279949,458.398463
6568,14.144138,424.324151
6569,15.645099,469.352979
6570,13.491352,404.740551
6571,14.352979,430.589366
6572,15.123639,453.709161
6573,13.402306,402.069186
6574,13.998719,419.961563
6575,14.09353,422.805894
6576,13.932095,417.962844
6577,15.977578,479.327354
6578,15.08328,452.498398
6579,13.502242,405.067265
6580,13.607944,408.238309
6581,14.43754,433.126201
6582,15.158232,454.746957
6583,13.942985,418.289558
6584,14.049968,421.499039
6585,15.401666,462.049968
6586,13.034593,391.037796
6587,14.34337,430.301089
6588,13.225496,396.764894
6589,13.777707,413.331198
6590,15.03075,450.922486
6591,15.474696,464.240871
6592,15.942345,478.27034
6593,15.27098,458.129404
6594,12.927611,387.828315
6595,14.563741,436.912236
6596,14.960922,448.827675
6597,14.308136,429.244074
6598,13.099936,392.998078
6599,14.069186,422.075593
6600,14.23959,427.1877
6601,14.921845,447.655349
6602,13.795003,413.850096
6603,14.497117,434.913517
6604,13.761051,412.831518
6605,15.772582,473.17745
6606,15.10378,453.113389
6607,14.442665,433.279949
6608,15.491992,464.759769
6609,14.861627,445.848815
6610,14.587444,437.623318
6611,14.638693,439.160794
6612,15.382447,461.473414
6613,15.132607,453.978219
6614,15.57271,467.181294
6615,15.599616,467.988469
6616,14.483664,434.50993
6617,15.110186,453.305573
6618,14.429212,432.876361
6619,14.991672,449.75016
6620,14.441384,433.241512
6621,15.71877,471.563101
6622,13.634209,409.026265
6623,13.581678,407.450352
6624,14.834721,445.04164
6625,15.628443,468.853299
6626,14.026265,420.787956
6627,16.139654,484.189622
6628,14.675849,440.275464
6629,14.445227,433.356823
6630,15.060858,451.825753
6631,14.588725,437.661755
6632,13.49968,404.990391
6633,14.762332,442.869955
6634,16.183216,485.496477
6635,13.986547,419.596413
6636,14.04164,421.249199
6637,15.892377,476.7713
6638,13.593209,407.796284
6639,14.595772,437.873158
6640,15.081358,452.440743
6641,15.033953,451.018578
6642,14.849455,445.483664
6643,15.319667,459.590006
6644,14.365151,430.954516
6645,14.825753,444.772582
6646,14.54132,436.23959
6647,15.629084,468.872518
6648,15.269699,458.090967
6649,13.623959,408.71877
6650,13.246637,397.399103
6651,13.977578,419.327354
6652,15.976297,479.288917
6653,14.467649,434.029468
6654,14.379244,431.377322
6655,14.275464,428.263933
6656,14.194106,425.82319
6657,15.360026,460.800769
6658,15.002562,450.076874
6659,15.224856,456.745676
6660,14.876361,446.290839
6661,14.401666,432.049968
6662,15.990391,479.711723
6663,15.411275,462.338245
6664,14.609865,438.295964
6665,14.691224,440.736707
6666,13.561819,406.85458
6667,15.371557,461.146701
6668,13.957079,418.712364
6669,14.347213,430.4164
6670,14.847534,445.426009
6671,16.01025,480.307495
6672,13.482383,404.471493
6673,15.430493,462.914798
6674,14.027546,420.826393
6675,13.914158,417.424728
6676,14.076874,422.306214
6677,16.550288,496.508648
6678,16.288917,488.667521
6679,14.255605,427.668161
6680,14.33376,430.012812
6681,15.150545,454.516336
6682,15.137092,454.112748
6683,14.472774,434.183216
6684,14.754004,442.620115
6685,15.61435,468.430493
6686,13.834721,415.04164
6687,14.732864,441.985906
6688,12.959001,388.770019
6689,14.048687,421.460602
6690,14.597053,437.911595
6691,14.568866,437.065983
6692,14.427931,432.837924
6693,13.846252,415.387572
6694,14.882127,446.463805
6695,15.295964,458.878924
6696,14.748238,442.447149
6697,14.858424,445.752723
6698,14.805894,444.17681
6699,15.967969,479.039078
6700,14.42665,432.799488
6701,16.256887,487.706598
6702,13.508008,405.240231
6703,15.331839,459.955157
6704,14.681614,440.44843
6705,14.605381,438.161435
6706,14.73991,442.197309
6707,14.122998,423.689942
6708,13.474696,404.240871
6709,13.819347,414.580397
6710,15.077514,452.325432
6711,14.911595,447.347854
6712,15.72902,471.870596
6713,14.841127,445.233824
6714,14.409994,432.299808
6715,15.170404,455.112108
6716,14.45868,433.76041
6717,14.443306,433.299167
6718,13.960282,418.808456
6719,14.180653,425.419603
6720,16.431134,492.934017
6721,13.633568,409.007047
6722,13.843049,415.29148
6723,14.793722,443.811659
6724,14.096733,422.901986
6725,14.716848,441.505445
6726,14.733504,442.005125
6727,14.884049,446.521461
6728,14.13581,424.074311
6729,15.936579,478.097373
6730,16.891095,506.732864
6731,13.860346,415.810378
6732,16.288277,488.648302
6733,15.661755,469.852659
6734,14.887252,446.617553
6735,14.443946,433.318386
6736,13.814222,414.42665
6737,13.488789,404.663677
6738,13.828315,414.849455
6739,13.418962,402.568866
6740,14.039078,421.172325
6741,14.169122,425.073671
6742,15.05253,451.575913
6743,13.188981,395.669443
6744,14.809737,444.29212
6745,14.038437,421.153107
6746,13.879564,416.386931
6747,13.470852,404.125561
6748,14.863549,445.90647
6749,14.650224,439.506726
6750,14.547085,436.412556
6751,14.363229,430.896861
6752,14.872518,446.175529
6753,14.988469,449.654068
6754,15.29212,458.763613
6755,15.918642,477.559257
6756,15.060858,451.825753
6757,14.930814,447.924407
6758,14.040359,421.210762
6759,14.367072,431.012172
6760,14.536835,436.105061
6761,14.376682,431.300448
6762,15.077514,452.325432
6763,16.317104,489.513133
6764,14.199872,425.996156
6765,13.016015,390.480461
6766,16.007687,480.230621
6767,14.409353,432.280589
6768,15.206919,456.207559
6769,14.597694,437.930814
6770,14.92697,447.809097
6771,15.071749,452.152466
6772,15.33376,460.012812
6773,13.936579,418.097373
6774,12.998719,389.961563
6775,15.478539,464.356182
6776,13.821909,414.657271
6777,14.680333,440.409994
6778,14.484946,434.548366
6779,14.347213,430.4164
6780,15.137092,454.112748
6781,14.411915,432.357463
6782,15.251762,457.552851
6783,13.447149,403.414478
6784,14.30173,429.05189
6785,13.688661,410.659833
6786,15.131326,453.939782
6787,15.065983,451.9795
6788,15.600256,468.007687
6789,16.160794,484.823831
6790,13.318386,399.55157
6791,14.17681,425.304292
6792,14.714926,441.44779
6793,15.976297,479.288917
6794,15.397822,461.934657
6795,15.078155,452.344651
6796,14.567585,437.027546
6797,16.182575,485.477258
6798,14.575272,437.258168
6799,14.231262,426.93786
6800,13.410634,402.319026
6801,13.966047,418.981422
6802,14.29212,428.763613
6803,15.758488,472.754644
6804,14.620756,438.622678
6805,15.049327,451.479821
6806,14.818065,444.54196
6807,15.37476,461.242793
6808,17.575913,527.277386
6809,16.761051,502.831518
6810,14.5836,437.508008
6811,14.172325,425.169763
6812,14.622678,438.680333
6813,15.272902,458.18706
6814,15.402306,462.069186
6815,14.940423,448.212684
6816,15.05253,451.575913
6817,14.641256,439.237668
6818,13.192184,395.765535
6819,15.014094,450.422806
6820,13.899423,416.982703
6821,14.428571,432.857143
6822,14.886611,446.598334
6823,16.421525,492.64574
6824,15.509289,465.278668
6825,14.790519,443.715567
6826,13.728379,411.851377
6827,14.715567,441.467008
6828,14.805894,444.17681
6829,15.411915,462.357463
6830,13.96925,419.077514
6831,13.915439,417.463165
6832,14.608584,438.257527
6833,13.543242,406.297245
6834,14.969891,449.096733
6835,15.588725,467.661755
6836,16.226137,486.784113
6837,15.561179,466.835362
6838,13.26073,397.821909
6839,15.040999,451.229981
6840,12.816784,384.503523
6841,15.288277,458.648302
6842,14.570147,437.10442
6843,15.059577,451.787316
6844,14.621397,438.641896
6845,14.548366,436.450993
6846,13.586163,407.584881
6847,13.659193,409.775785
6848,15.422806,462.684177
6849,15.351698,460.550929
6850,14.195388,425.861627
6851,14.545804,436.374119
6852,15.07303,452.190903
6853,14.304933,429.147982
6854,15.548366,466.450993
6855,14.413197,432.3959
6856,13.775144,413.254324
6857,14.869955,446.098655
6858,14.827675,444.830237
6859,14.590647,437.719411
6860,15.409353,462.280589
6861,15.245996,457.379885
6862,15.12492,453.747598
6863,14.115311,423.459321
6864,14.409353,432.280589
6865,15.228059,456.841768
6866,14.119795,423.59385
6867,14.328635,429.859065
6868,15.536835,466.105061
6869,13.387572,401.627162
6870,14.369635,431.089045
6871,13.940423,418.212684
6872,14.604741,438.142217
6873,15.149904,454.497117
6874,12.935939,388.078155
6875,13.277386,398.321589
6876,15.6041,468.122998
6877,14.711083,441.332479
6878,15.005125,450.153748
6879,14.089686,422.690583
6880,15.131326,453.939782
6881,14.73991,442.197309
6882,14.921204,447.636131
6883,14.413837,432.415119
6884,15.181294,455.438821
6885,15.300448,459.013453
6886,16.528507,495.855221
6887,13.980141,419.404228
6888,13.493914,404.817425
6889,14.607944,438.238309
6890,15.710442,471.313261
6891,15.745676,472.370275
6892,13.747598,412.427931
6893,16.138373,484.151185
6894,13.999359,419.980782
6895,14.418962,432.568866
6896,14.561179,436.835362
6897,14.53171,435.951313
6898,16.02114,480.634209
6899,14.901345,447.040359
6900,16.171044,485.131326
6901,14.716848,441.505445
6902,14.544523,436.335682
6903,14.547085,436.412556
6904,14.695067,440.852018
6905,14.806534,444.196028
6906,14.625881,438.776425
6907,15.340807,460.224215
6908,14.276746,428.30237
6909,14.981422,449.442665
6910,13.949391,418.481742
6911,15.15631,454.689302
6912,15.672005,470.160154
6913,14.428571,432.857143
6914,13.253043,397.591288
6915,14.803331,444.099936
6916,14.084561,422.536835
6917,15.581038,467.431134
6918,14.304292,429.128764
6919,14.575272,437.258168
6920,13.874439,416.233184
6921,13.861627,415.848815
6922,14.650865,439.525945
6923,15.825753,474.772582
6924,15.637412,469.122357
6925,14.160154,424.804612
6926,14.570147,437.10442
6927,15.826393,474.7918
6928,14.444587,433.337604
6929,16.743113,502.293402
6930,14.957079,448.712364
6931,14.122998,423.689942
6932,14.263933,427.918001
6933,13.949391,418.481742
6934,15.294042,458.821268
6935,15.368994,461.069827
6936,13.542601,406.278027
6937,15.456758,463.702755
6938,15.037156,451.11467
6939,15.680333,470.409994
6940,15.383088,461.492633
6941,14.560538,436.816143
6942,14.030109,420.903267
6943,13.796284,413.888533
6944,13.967329,419.019859
6945,13.90647,417.194106
6946,15.45804,463.741192
6947,14.170404,425.112108
6948,15.027546,450.826393
6949,14.547726,436.431775
6950,14.440743,433.222293
6951,14.491992,434.759769
6952,16.365791,490.973735
6953,13.868033,416.040999
6954,15.241512,457.245356
6955,13.763613,412.908392
6956,13.919923,417.597694
6957,15.329917,459.897502
6958,14.578475,437.35426
6959,15.682896,470.486867
6960,14.518258,435.547726
6961,14.701473,441.044202
6962,15.414478,462.434337
6963,14.67713,440.313901
6964,14.207559,426.226778
6965,13.513133,405.393978
6966,13.993594,419.807816
6967,13.763613,412.908392
6968,15.04164,451.249199
6969,14.723895,441.716848
6970,14.986547,449.596413
6971,16.419603,492.588085
6972,14.565022,436.950673
6973,14.925048,447.751441
6974,14.326714,429.801409
6975,16.026265,480.787956
6976,12.837284,385.118514
6977,17.281871,518.456118
6978,14.351057,430.53171
6979,14.232543,426.976297
6980,16.231903,486.957079
6981,15.49968,464.990391
6982,15.533632,466.008969
6983,13.498398,404.951954
6984,15.240871,457.226137
6985,15.089686,452.690583
6986,13.639334,409.180013
6987,15.620115,468.603459
6988,14.73927,442.178091
6989,15.207559,456.226778
6990,14.207559,426.226778
6991,14.570147,437.10442
6992,13.89558,416.867393
6993,17.119154,513.574632
6994,13.522742,405.682255
6995,16.581678,497.450352
6996,14.317104,429.513133
6997,13.376682,401.300448
6998,14.269058,428.071749
6999,15.308136,459.244074
7000,14.629084,438.872518
7001,16.372197,491.165919
7002,15.762332,472.869955
7003,14.107623,423.2287
7004,14.356823,430.704676
7005,12.998719,389.961563
7006,13.046124,391.383728
7007,16.787316,503.619475
7008,15.014094,450.422806
7009,13.238949,397.168482
7010,15.189622,455.688661
7011,15.060858,451.825753
7012,14.26009,427.802691
7013,16.110186,483.305573
7014,15.13517,454.055093
7015,13.964766,418.942985
7016,14.516976,435.509289
7017,13.550929,406.527867
7018,15.202434,456.07303
7019,14.206278,426.188341
7020,14.582319,437.469571
7021,13.255605,397.668161
7022,14.748238,442.447149
7023,14.441384,433.241512
7024,14.62524,438.757207
7025,13.948751,418.462524
7026,13.504164,405.12492
7027,12.54132,376.23959
7028,14.51057,435.317104
7029,16.269699,488.090967
7030,14.507367,435.221012
7031,16.048687,481.460602
7032,14.704036,441.121076
7033,15.180653,455.419603
7034,13.322229,399.66688
7035,15.05189,451.556694
7036,14.824471,444.734145
7037,15.059577,451.787316
7038,16.460602,493.818065
7039,14.147341,424.420243
7040,14.628443,438.853299
7041,15.381807,461.454196
7042,13.237028,397.110826
7043,15.913517,477.405509
7044,14.021781,420.653427
7045,14.401025,432.03075
7046,14.832159,444.964766
7047,13.680333,410.409994
7048,15.064061,451.921845
7049,14.056374,421.691224
7050,14.855221,445.65663
7051,16.211403,486.342088
7052,14.505445,435.163357
7053,15.121717,453.651505
7054,14.282511,428.475336
7055,13.668802,410.064061
7056,14.882767,446.483024
7057,12.585522,377.565663
7058,13.953235,418.597053
7059,14.75016,442.504805
7060,15.798847,473.965407
7061,14.393338,431.800128
7062,15.55157,466.547085
7063,13.194747,395.842409
7064,14.529789,435.893658
7065,14.0,420.0
7066,15.372197,461.165919
7067,16.94747,508.424087
7068,14.501602,435.048046
7069,15.807816,474.234465
7070,13.265215,397.956438
7071,15.449712,463.491352
7072,14.423447,432.703395
7073,14.144138,424.324151
7074,14.459962,433.798847
7075,14.68802,440.640615
7076,14.578475,437.35426
7077,14.581038,437.431134
7078,15.72902,471.870596
7079,15.620756,468.622678
7080,15.252402,457.572069
7081,14.561819,436.85458
7082,14.980141,449.404228
7083,15.192825,455.784753
7084,13.771941,413.158232
7085,14.438821,433.164638
7086,15.685458,470.563741
7087,14.584881,437.546445
7088,15.289558,458.686739
7089,14.297886,428.936579
7090,13.868674,416.060218
7091,15.484305,464.529148
7092,15.705958,471.178732
7093,14.016656,420.49968
7094,15.796925,473.907751
7095,14.319667,429.590006
7096,15.840487,475.214606
7097,14.774504,443.235106
7098,13.795644,413.869315
7099,13.543242,406.297245
7100,15.181294,455.438821
7101,15.338885,460.16656
7102,14.45868,433.76041
7103,14.103139,423.09417
7104,13.893017,416.790519
7105,14.392056,431.761691
7106,14.455477,433.664318
7107,14.40615,432.184497
7108,13.922486,417.674568
7109,16.076233,482.286996
7110,16.216528,486.495836
7111,14.773863,443.215887
7112,16.639974,499.199231
7113,13.619475,408.584241
7114,15.285074,458.55221
7115,13.820628,414.618834
7116,15.05253,451.575913
7117,16.255605,487.668161
7118,14.427931,432.837924
7119,16.866111,505.983344
7120,14.048687,421.460602
7121,14.341448,430.243434
7122,14.602178,438.065343
7123,13.065343,391.960282
7124,15.810378,474.311339
7125,15.203075,456.092249
7126,16.155029,484.650865
7127,14.431134,432.934017
7128,15.839206,475.176169
7129,13.934017,418.0205
7130,15.037156,451.11467
7131,14.425368,432.761051
7132,14.57335,437.200512
7133,14.536195,436.085842
7134,14.677771,440.33312
7135,14.618193,438.545804
7136,14.695708,440.871236
7137,14.235746,427.072389
7138,14.055734,421.672005
7139,14.487508,434.62524
7140,15.494555,464.836643
7141,14.278668,428.360026
7142,15.004484,450.134529
7143,15.511851,465.355541
7144,13.663677,409.910314
7145,18.053812,541.61435
7146,14.349776,430.493274
7147,14.486227,434.586803
7148,15.336963,460.108905
7149,14.320948,429.628443
7150,14.977578,449.327354
7151,13.643818,409.314542
7152,14.866111,445.983344
7153,13.253043,397.591288
7154,14.078796,422.363869
7155,14.222934,426.68802
7156,15.196669,455.900064
7157,14.376041,431.28123
7158,15.11467,453.440102
7159,12.983344,389.50032
7160,15.490711,464.721332
7161,15.038437,451.153107
7162,15.069827,452.094811
7163,14.207559,426.226778
7164,15.327354,459.820628
7165,14.607303,438.21909
7166,14.060218,421.806534
7167,15.636771,469.103139
7168,15.466368,463.991031
7169,14.511851,435.355541
7170,15.109545,453.286355
7171,14.590006,437.700192
7172,15.087124,452.613709
7173,14.289558,428.686739
7174,14.126842,423.805253
7175,14.47918,434.3754
7176,14.98975,449.692505
7177,13.495195,404.855862
7178,14.996156,449.884689
7179,15.023062,450.691864
7180,14.804612,444.138373
7181,13.805253,414.157591
7182,14.67713,440.313901
7183,14.298527,428.955798
7184,15.204997,456.149904
7185,15.095452,452.863549
7186,14.820628,444.618834
7187,17.400384,522.011531
7188,15.015375,450.461243
7189,16.133889,484.016656
7190,13.434337,403.030109
7191,15.049968,451.499039
7192,14.49007,434.702114
7193,13.663037,409.891095
7194,14.706598,441.19795
7195,16.094811,482.844331
7196,14.790519,443.715567
7197,13.672646,410.179372
7198,14.509289,435.278668
7199,14.754644,442.639334
7200,13.837284,415.118514
7201,15.512492,465.37476
7202,17.436899,523.106983
7203,15.26009,457.802691
7204,15.921204,477.636131
7205,14.858424,445.752723
7206,13.201153,396.034593
7207,14.582319,437.469571
7208,14.080077,422.402306
7209,15.014734,450.442024
7210,13.966688,419.000641
7211,14.152466,424.573991
7212,14.598334,437.950032
7213,14.574632,437.238949
7214,15.47918,464.3754
7215,14.561819,436.85458
7216,14.442024,433.26073
7217,16.046124,481.383728
7218,13.89622,416.886611
7219,14.508648,435.259449
7220,15.886611,476.598334
7221,14.584881,437.546445
7222,16.240231,487.206919
7223,15.47918,464.3754
7224,14.912236,447.367072
7225,12.850096,385.502883
7226,16.024984,480.74952
7227,14.670083,440.102498
7228,15.327995,459.839846
7229,15.868033,476.040999
7230,16.237668,487.130045
7231,14.622037,438.661115
7232,14.627803,438.834081
7233,16.10378,483.113389
7234,13.663677,409.910314
7235,13.125561,393.766816
7236,15.552851,466.585522
7237,14.05253,421.575913
7238,14.079436,422.383088
7239,14.764254,442.927611
7240,14.93786,448.13581
7241,13.580397,407.411915
7242,16.089686,482.690583
7243,15.842409,475.272261
7244,14.627803,438.834081
7245,16.202434,486.07303
7246,15.027546,450.826393
7247,13.914158,417.424728
7248,15.162076,454.862268
7249,14.119795,423.59385
7250,15.422806,462.684177
7251,14.441384,433.241512
7252,15.755926,472.677771
7253,15.516336,465.49007
7254,15.754644,472.639334
7255,14.602178,438.065343
7256,13.372838,401.185138
7257,14.84369,445.310698
7258,14.919283,447.578475
7259,14.712364,441.370916
7260,14.654709,439.641256
7261,13.728379,411.851377
7262,14.053812,421.61435
7263,14.124279,423.728379
7264,14.807175,444.215247
7265,14.853299,445.598975
7266,14.193466,425.803972
7267,14.50032,435.009609
7268,14.131326,423.939782
7269,15.69763,470.928892
7270,15.362588,460.877643
7271,14.603459,438.10378
7272,15.911595,477.347854
7273,14.951313,448.539398
7274,15.569507,467.085202
7275,14.602819,438.084561
7276,14.047406,421.422165
7277,14.512492,435.37476
7278,14.550288,436.508648
7279,15.051249,451.537476
7280,13.327354,399.820628
7281,13.873158,416.194747
7282,14.910955,447.328635
7283,14.116592,423.497758
7284,14.035874,421.076233
7285,14.108905,423.267136
7286,15.505445,465.163357
7287,14.89622,446.886611
7288,14.616912,438.507367
7289,14.527226,435.816784
7290,13.2082,396.245996
7291,15.87508,476.252402
7292,15.470211,464.106342
7293,14.233824,427.014734
7294,14.016015,420.480461
7295,14.985266,449.557976
7296,14.069827,422.094811
7297,15.438181,463.14542
7298,13.761691,412.850737
7299,13.438181,403.14542
7300,14.751441,442.543242
7301,14.249199,427.475977
7302,14.209481,426.284433
7303,14.770019,443.100577
7304,13.754004,412.620115
7305,15.006406,450.192184
7306,14.680333,440.409994
7307,13.70852,411.255605
7308,14.679052,440.371557
7309,15.155669,454.670083
7310,14.855221,445.65663
7311,14.711083,441.332479
7312,15.228059,456.841768
7313,15.063421,451.902627
7314,14.223575,426.707239
7315,14.024343,420.730301
7316,15.035234,451.057015
7317,13.7713,413.139013
7318,14.746316,442.389494
7319,14.012812,420.384369
7320,14.356823,430.704676
7321,16.27098,488.129404
7322,16.209481,486.284433
7323,14.752082,442.56246
7324,16.044202,481.326073
7325,15.051249,451.537476
7326,15.501602,465.048046
7327,15.860987,475.829596
7328,15.117873,453.536195
7329,14.14606,424.381807
7330,14.959001,448.770019
7331,15.074311,452.22934
7332,14.580397,437.411915
7333,13.392697,401.78091
7334,13.752082,412.56246
7335,14.63549,439.064702
7336,16.118514,483.555413
7337,13.709801,411.294042
7338,15.780269,473.408072
7339,15.598334,467.950032
7340,15.581678,467.450352
7341,14.669443,440.08328
7342,14.721973,441.659193
7343,13.027546,390.826393
7344,14.679052,440.371557
7345,14.515054,435.451634
7346,16.450993,493.529789
7347,14.539398,436.181935
7348,15.045484,451.36451
7349,15.736067,472.081999
7350,14.61435,438.430493
7351,13.813581,414.407431
7352,15.169763,455.092889
7353,16.155029,484.650865
7354,13.7713,413.139013
7355,13.859065,415.771941
7356,15.2287,456.860987
7357,14.68738,440.621397
7358,14.162076,424.862268
7359,14.662396,439.871877
7360,16.939142,508.174247
7361,12.7918,383.754004
7362,14.549648,436.48943
7363,13.832159,414.964766
7364,13.691864,410.755926
7365,15.121717,453.651505
7366,14.110826,423.324792
7367,13.973735,419.212044
7368,14.247918,427.43754
7369,14.891736,446.752082
7370,16.377963,491.338885
7371,14.138373,424.151185
7372,14.90647,447.194106
7373,14.141576,424.247277
7374,14.959001,448.770019
7375,14.838565,445.156951
7376,13.570147,407.10442
7377,14.909033,447.27098
7378,14.711083,441.332479
7379,14.539398,436.181935
7380,14.785394,443.561819
7381,14.882127,446.463805
7382,14.740551,442.216528
7383,14.888533,446.65599
7384,13.570147,407.10442
7385,16.190903,485.727098
7386,14.505445,435.163357
7387,14.422806,432.684177
7388,14.848815,445.464446
7389,16.491352,494.740551
7390,14.884689,446.540679
7391,13.772582,413.17745
7392,13.558616,406.758488
7393,15.45868,463.76041
7394,16.019859,480.595772
7395,15.019859,450.595772
7396,13.761051,412.831518
7397,13.825112,414.753363
7398,14.744395,442.331839
7399,14.897502,446.925048
7400,14.352338,430.570147
7401,13.51057,405.317104
7402,14.96925,449.077514
7403,13.786675,413.600256
7404,15.067265,452.017937
7405,13.514414,405.432415
7406,15.37476,461.242793
7407,13.42665,402.799488
7408,15.140935,454.228059
7409,15.199231,455.976938
7410,14.670724,440.121717
7411,15.143498,454.304933
7412,14.072389,422.171685
7413,14.446509,433.395259
7414,14.111467,423.34401
7415,14.319667,429.590006
7416,13.928251,417.847534
7417,14.163997,424.919923
7418,15.879564,476.386931
7419,15.811019,474.330557
7420,14.172325,425.169763
7421,14.78091,443.42729
7422,14.745676,442.370275
7423,14.153107,424.593209
7424,17.346573,520.397181
7425,15.657912,469.737348
7426,14.67713,440.313901
7427,13.590006,407.700192
7428,15.152466,454.573991
7429,13.788597,413.657912
7430,15.501602,465.048046
7431,15.254965,457.648943
7432,14.33376,430.012812
7433,15.026265,450.787956
7434,12.945548,388.366432
7435,15.098655,452.959641
7436,14.42729,432.818706
7437,14.665599,439.967969
7438,15.169763,455.092889
7439,14.795003,443.850096
7440,15.229981,456.899423
7441,13.779628,413.388853
7442,16.517617,495.528507
7443,13.616912,408.507367
7444,14.762332,442.869955
7445,16.295964,488.878924
7446,16.326073,489.782191
7447,13.429853,402.89558
7448,14.451634,433.549007
7449,14.966047,448.981422
7450,15.559257,466.777707
7451,14.636771,439.103139
7452,15.030109,450.903267
7453,16.047406,481.422165
7454,14.037796,421.133889
7455,14.125561,423.766816
7456,14.334401,430.032031
7457,15.313901,459.41704
7458,14.281871,428.456118
7459,15.06278,451.883408
7460,15.092889,452.786675
7461,14.402947,432.088405
7462,16.5836,497.508008
7463,15.664958,469.948751
7464,15.034593,451.037796
7465,13.653427,409.602819
7466,14.461243,433.837284
7467,15.804612,474.138373
7468,13.982703,419.481102
7469,13.675208,410.256246
7470,14.113389,423.401666
7471,15.58296,467.488789
7472,14.879564,446.386931
7473,15.227418,456.82255
7474,13.942345,418.27034
7475,14.493914,434.817425
7476,14.971172,449.13517
7477,13.774504,413.235106
7478,15.673286,470.198591
7479,15.495195,464.855862
7480,14.931454,447.943626
7481,14.575913,437.277386
7482,14.163357,424.900705
7483,15.785394,473.561819
7484,15.545163,466.354901
7485,15.689302,470.679052
7486,15.603459,468.10378
7487,13.927611,417.828315
7488,15.632928,468.987828
7489,14.559257,436.777707
7490,13.488789,404.663677
7491,14.862268,445.868033
7492,13.748879,412.466368
7493,14.771941,443.158232
7494,16.017937,480.538117
7495,15.810378,474.311339
7496,14.80205,444.061499
7497,15.34401,460.320307
7498,14.891736,446.752082
7499,15.169122,455.073671
7500,14.283792,428.513773
7501,15.432415,462.972454
7502,14.983344,449.50032
7503,14.144138,424.324151
7504,16.06278,481.883408
7505,14.882127,446.463805
7506,13.801409,414.042281
7507,14.8123,444.368994
7508,15.811019,474.330557
7509,15.038437,451.153107
7510,15.530429,465.912876
7511,13.215247,396.457399
7512,16.436899,493.106983
7513,14.96925,449.077514
7514,13.561179,406.835362
7515,14.142857,424.285714
7516,13.824471,414.734145
7517,13.846893,415.406791
7518,15.78091,473.42729
7519,14.716208,441.486227
7520,15.754004,472.620115
7521,15.356182,460.685458
7522,14.160154,424.804612
7523,13.988469,419.654068
7524,14.050609,421.518258
7525,14.748238,442.447149
7526,13.413197,402.3959
7527,14.705958,441.178732
7528,14.568225,437.046765
7529,16.128764,483.862908
7530,15.283152,458.494555
7531,14.909673,447.290199
7532,13.702755,411.082639
7533,15.508008,465.240231
7534,14.566944,437.008328
7535,12.960922,388.827675
7536,14.301089,429.032671
7537,13.690583,410.717489
7538,14.714926,441.44779
7539,14.424087,432.722614
7540,14.903267,447.098014
7541,14.238309,427.149263
7542,15.017937,450.538117
7543,14.612428,438.372838
7544,15.866111,475.983344
7545,13.661115,409.83344
7546,15.247277,457.418322
7547,13.390135,401.704036
7548,13.263933,397.918001
7549,14.875721,446.271621
7550,14.675208,440.256246
7551,14.935298,448.058937
7552,15.248559,457.456758
7553,16.158873,484.766176
7554,14.443946,433.318386
7555,14.570147,437.10442
7556,15.341448,460.243434
7557,15.367713,461.03139
7558,15.881486,476.444587
7559,14.07303,422.190903
7560,15.120436,453.613069
7561,15.34337,460.301089
7562,15.242793,457.283792
7563,14.508648,435.259449
7564,13.637412,409.122357
7565,14.782191,443.465727
7566,14.866111,445.983344
7567,14.58296,437.488789
7568,14.746316,442.389494
7569,15.465727,463.971813
7570,14.557976,436.73927
7571,14.129404,423.882127
7572,14.018578,420.557335
7573,15.1877,455.631006
7574,14.655349,439.660474
7575,14.163997,424.919923
7576,15.6246,468.737988
7577,14.566944,437.008328
7578,15.030109,450.903267
7579,14.652787,439.5836
7580,14.276746,428.30237
7581,14.607303,438.21909
7582,14.682255,440.467649
7583,14.399103,431.973094
7584,15.042921,451.287636
7585,14.147341,424.420243
7586,15.726457,471.793722
7587,15.837284,475.118514
7588,13.210762,396.32287
7589,15.501602,465.048046
7590,14.424087,432.722614
7591,14.866111,445.983344
7592,16.160154,484.804612
7593,14.399103,431.973094
7594,15.746316,472.389494
7595,14.002562,420.076874
7596,15.813581,474.407431
7597,14.210762,426.32287
7598,14.042281,421.268418
7599,14.204356,426.130685
7600,13.81294,414.388213
7601,14.428571,432.857143
7602,14.318386,429.55157
7603,14.310698,429.320948
7604,13.899423,416.982703
7605,14.844331,445.329917
7606,14.824471,444.734145
7607,14.912236,447.367072
7608,13.84369,415.310698
7609,14.966047,448.981422
7610,14.063421,421.902627
7611,14.676489,440.294683
7612,13.433696,403.01089
7613,15.005125,450.153748
7614,15.372197,461.165919
7615,15.709801,471.294042
7616,14.846252,445.387572
7617,14.649584,439.487508
7618,13.893017,416.790519
7619,15.311339,459.340167
7620,16.080077,482.402306
7621,13.830237,414.907111
7622,13.06278,391.883408
7623,15.008969,450.269058
7624,16.501602,495.048046
7625,13.994234,419.827034
7626,14.064061,421.921845
7627,15.803972,474.119154
7628,13.477258,404.317745
7629,15.367072,461.012172
7630,14.061499,421.844971
7631,15.070468,452.114029
7632,15.079436,452.383088
7633,14.443946,433.318386
7634,13.730942,411.928251
7635,15.939142,478.174247
7636,14.537476,436.124279
7637,15.522101,465.663037
7638,15.130045,453.901345
7639,13.825753,414.772582
7640,14.946829,448.404869
7641,15.290199,458.705958
7642,14.595131,437.85394
7643,14.262652,427.879564
7644,13.733504,412.005125
7645,13.504164,405.12492
7646,14.832159,444.964766
7647,14.724536,441.736067
7648,16.078796,482.363869
7649,14.432415,432.972454
7650,13.649584,409.487508
7651,15.767457,473.023703
7652,15.027546,450.826393
7653,14.601537,438.046124
7654,14.096733,422.901986
7655,15.694427,470.832799
7656,15.153748,454.612428
7657,14.601537,438.046124
7658,15.175529,455.265855
7659,15.565022,466.950673
7660,15.173607,455.2082
7661,14.256887,427.706598
7662,16.305573,489.167201
7663,15.087124,452.613709
7664,14.834081,445.022422
7665,14.06214,421.86419
7666,15.204997,456.149904
7667,15.588085,467.642537
7668,14.969891,449.096733
7669,13.179372,395.381166
7670,14.353619,430.608584
7671,14.136451,424.09353
7672,17.229981,516.899423
7673,14.028187,420.845612
7674,14.110186,423.305573
7675,15.299808,458.994234
7676,14.600897,438.026906
7677,13.730301,411.909033
7678,13.732223,411.966688
7679,14.565663,436.969891
7680,14.54196,436.258808
7681,15.244715,457.341448
7682,16.188341,485.650224
7683,15.358744,460.762332
7684,14.40615,432.184497
7685,15.244715,457.341448
7686,15.479821,464.394619
7687,15.91672,477.501602
7688,13.941704,418.251121
7689,15.549648,466.48943
7690,15.141576,454.247277
7691,14.773863,443.215887
7692,15.516336,465.49007
7693,14.931454,447.943626
7694,16.022422,480.672646
7695,14.754644,442.639334
7696,13.378603,401.358104
7697,14.621397,438.641896
7698,14.486227,434.586803
7699,14.702755,441.082639
7700,15.803331,474.099936
7701,13.794363,413.830878
7702,14.974375,449.231262
7703,16.139654,484.189622
7704,15.42729,462.818706
7705,13.735426,412.06278
7706,14.244715,427.341448
7707,13.93722,418.116592
7708,14.632287,438.96861
7709,14.114029,423.420884
7710,14.826393,444.7918
7711,14.238949,427.168482
7712,14.126842,423.805253
7713,14.388213,431.646381
7714,15.570788,467.123639
7715,13.927611,417.828315
7716,15.119795,453.59385
7717,14.579116,437.373479
7718,13.942345,418.27034
7719,15.408712,462.261371
7720,15.461883,463.856502
7721,13.964126,418.923767
7722,15.436259,463.087764
7723,13.743113,412.293402
7724,14.005766,420.172966
7725,15.454196,463.625881
7726,14.495195,434.855862
7727,14.6041,438.122998
7728,14.559257,436.777707
7729,13.889174,416.675208
7730,15.255605,457.668161
7731,14.619475,438.584241
7732,16.080717,482.421525
7733,13.26073,397.821909
7734,15.365791,460.973735
7735,13.909033,417.27098
7736,15.255605,457.668161
7737,15.626521,468.795644
7738,14.648302,439.449071
7739,15.663677,469.910314
7740,14.92697,447.809097
7741,14.399744,431.992313
7742,15.431134,462.934017
7743,14.217168,426.515054
7744,15.777707,473.331198
7745,13.055734,391.672005
7746,14.552851,436.585522
7747,15.025625,450.768738
7748,16.634209,499.026265
7749,14.629725,438.891736
7750,14.798206,443.946188
7751,14.759769,442.793081
7752,16.292761,488.782832
7753,14.848815,445.464446
7754,13.850737,415.522101
7755,14.081999,422.459962
7756,14.309417,429.282511
7757,14.36451,430.935298
7758,15.008969,450.269058
7759,14.513133,435.393978
7760,14.156951,424.70852
7761,15.399103,461.973094
7762,13.433056,402.991672
7763,15.735426,472.06278
7764,14.932095,447.962844
7765,15.421525,462.64574
7766,13.755926,412.677771
7767,14.805894,444.17681
7768,16.13517,484.055093
7769,15.28123,458.436899
7770,16.051249,481.537476
7771,13.777066,413.31198
7772,14.893658,446.809737
7773,14.310058,429.30173
7774,14.680333,440.409994
7775,15.396541,461.89622
7776,14.675208,440.256246
7777,14.461883,433.856502
7778,14.339526,430.185778
7779,14.326714,429.801409
7780,14.581678,437.450352
7781,14.908392,447.251762
7782,15.121717,453.651505
7783,15.175529,455.265855
7784,15.172966,455.188981
7785,13.545163,406.354901
7786,16.26073,487.821909
7787,16.055093,481.652787
7788,16.179372,485.381166
7789,14.742473,442.274183
7790,14.183857,425.515695
7791,14.433056,432.991672
7792,15.126842,453.805253
7793,13.847534,415.426009
7794,14.990391,449.711723
7795,16.16656,484.996797
7796,16.755926,502.677771
7797,13.412556,402.376682
7798,16.641896,499.256887
7799,13.90583,417.174888
7800,14.017937,420.538117
7801,15.331839,459.955157
7802,14.272902,428.18706
7803,15.341448,460.243434
7804,14.802691,444.080717
7805,14.887252,446.617553
7806,13.957719,418.731582
7807,14.673927,440.217809
7808,14.491352,434.740551
7809,14.945548,448.366432
7810,14.133248,423.997438
7811,13.328635,399.859065
7812,15.53107,465.932095
7813,15.132607,453.978219
7814,15.033953,451.018578
7815,13.834721,415.04164
7816,14.393978,431.819347
7817,15.542601,466.278027
7818,14.846893,445.406791
7819,15.65663,469.698911
7820,14.714286,441.428571
7821,15.998078,479.942345
7822,15.249199,457.475977
7823,15.408072,462.242152
7824,14.581038,437.431134
7825,14.563741,436.912236
7826,14.610506,438.315183
7827,15.326073,459.782191
7828,14.203716,426.111467
7829,14.453555,433.606662
7830,14.352979,430.589366
7831,15.235746,457.072389
7832,13.644459,409.33376
7833,13.45868,403.76041
7834,14.100577,423.017297
7835,14.750801,442.524023
7836,14.105701,423.171044
7837,15.705958,471.178732
7838,14.178732,425.361947
7839,15.461883,463.856502
7840,15.034593,451.037796
7841,13.482383,404.471493
7842,13.411915,402.357463
7843,15.027546,450.826393
7844,15.299167,458.975016
7845,16.015375,480.461243
7846,14.591288,437.738629
7847,15.067905,452.037156
7848,14.951954,448.558616
7849,15.214606,456.438181
7850,14.714926,441.44779
7851,13.767457,413.023703
7852,13.690583,410.717489
7853,13.996797,419.903908
7854,14.129404,423.882127
7855,14.586163,437.584881
7856,13.981422,419.442665
7857,14.449712,433.491352
7858,14.960282,448.808456
7859,15.691864,470.755926
7860,14.398463,431.953876
7861,14.263293,427.898783
7862,13.4164,402.491992
7863,15.01089,450.326714
7864,14.261371,427.841127
7865,13.737988,412.139654
7866,14.685458,440.563741
7867,15.106342,453.190263
7868,14.254324,427.629725
7869,14.797566,443.92697
7870,13.360666,400.819987
7871,15.02114,450.634209
7872,14.973094,449.192825
7873,14.789878,443.696348
7874,13.618834,408.565022
7875,15.01089,450.326714
7876,13.663677,409.910314
7877,15.017297,450.518898
7878,17.702114,531.063421
7879,15.401025,462.03075
7880,13.70852,411.255605
7881,13.795644,413.869315
7882,14.925048,447.751441
7883,15.141576,454.247277
7884,15.02114,450.634209
7885,14.299808,428.994234
7886,14.763613,442.908392
7887,14.730301,441.909033
7888,15.35426,460.627803
7889,13.071749,392.152466
7890,13.023062,390.691864
7891,14.374119,431.223575
7892,15.347213,460.4164
7893,14.957079,448.712364
7894,14.843049,445.29148
7895,14.786675,443.600256
7896,14.683536,440.506086
7897,15.117873,453.536195
7898,14.285714,428.571429
7899,14.674568,440.237028
7900,16.128123,483.84369
7901,14.900064,447.001922
7902,13.153748,394.612428
7903,13.901986,417.059577
7904,13.939142,418.174247
7905,14.524664,435.73991
7906,14.916079,447.482383
7907,15.982703,479.481102
7908,15.033953,451.018578
7909,14.61435,438.430493
7910,15.005766,450.172966
7911,13.787956,413.638693
7912,15.181294,455.438821
7913,13.875721,416.271621
7914,14.522742,435.682255
7915,15.232543,456.976297
7916,14.089686,422.690583
7917,14.140295,424.20884
7918,14.390135,431.704036
7919,15.981422,479.442665
7920,14.504805,435.144138
7921,15.440102,463.203075
7922,16.111467,483.34401
7923,13.720051,411.601537
7924,15.207559,456.226778
7925,14.10378,423.113389
7926,13.29148,398.744395
7927,14.597053,437.911595
7928,15.201153,456.034593
7929,15.195388,455.861627
7930,14.77066,443.119795
7931,15.502242,465.067265
7932,14.570788,437.123639
7933,15.024343,450.730301
7934,14.568225,437.046765
7935,15.825112,474.753363
7936,13.638693,409.160794
7937,14.09353,422.805894
7938,14.201153,426.034593
7939,14.842409,445.272261
7940,15.098014,452.940423
7941,14.817425,444.522742
7942,13.889174,416.675208
7943,14.730942,441.928251
7944,14.836643,445.099295
7945,15.114029,453.420884
7946,13.632928,408.987828
7947,15.002562,450.076874
7948,14.394619,431.838565
7949,14.433696,433.01089
7950,15.543242,466.297245
7951,16.957079,508.712364
7952,14.450993,433.529789
7953,14.377322,431.319667
7954,14.597053,437.911595
7955,14.433696,433.01089
7956,13.943626,418.308776
7957,13.826393,414.7918
7958,15.395259,461.857783
7959,14.815503,444.465086
7960,14.467008,434.01025
7961,13.060218,391.806534
7962,13.310698,399.320948
7963,15.598975,467.96925
7964,14.575913,437.277386
7965,14.792441,443.773222
7966,14.162716,424.881486
7967,14.105701,423.171044
7968,15.340167,460.204997
7969,15.150545,454.516336
7970,14.354901,430.647021
7971,15.532351,465.970532
7972,16.288277,488.648302
7973,14.585522,437.565663
7974,13.805894,414.17681
7975,14.06214,421.86419
7976,15.570788,467.123639
7977,14.575913,437.277386
7978,14.485586,434.567585
7979,13.928892,417.866752
7980,14.615631,438.46893
7981,15.568866,467.065983
7982,14.897502,446.925048
7983,13.306214,399.186419
7984,14.928892,447.866752
7985,14.313901,429.41704
7986,13.130045,393.901345
7987,15.401025,462.03075
7988,15.387572,461.627162
7989,14.689942,440.69827
7990,13.59385,407.815503
7991,15.001281,450.038437
7992,14.96925,449.077514
7993,15.029468,450.884049
7994,13.991031,419.730942
7995,13.874439,416.233184
7996,15.3959,461.877002
7997,14.410634,432.319026
7998,13.670083,410.102498
7999,12.607944,378.238309
8000,14.079436,422.383088
8001,15.257527,457.725817
8002,14.639334,439.180013
8003,14.13517,424.055093
8004,14.181935,425.45804
8005,13.953876,418.616272
8006,15.362588,460.877643
8007,14.553491,436.604741
8008,13.610506,408.315183
8009,13.140295,394.20884
8010,14.31198,429.359385
8011,13.997438,419.923126
8012,15.555413,466.662396
8013,15.18706,455.611787
8014,15.215887,456.476618
8015,13.923126,417.693786
8016,14.869315,446.079436
8017,15.792441,473.773222
8018,13.434337,403.030109
8019,15.587444,467.623318
8020,14.262012,427.860346
8021,13.736067,412.081999
8022,14.417681,432.530429
8023,15.648302,469.449071
8024,14.060218,421.806534
8025,14.42665,432.799488
8026,14.081358,422.440743
8027,14.132607,423.978219
8028,14.497117,434.913517
8029,15.054452,451.633568
8030,15.511851,465.355541
8031,15.09417,452.825112
8032,15.830237,474.907111
8033,14.939782,448.193466
8034,13.727098,411.81294
8035,14.172966,425.188981
8036,17.222934,516.68802
8037,15.770019,473.100577
8038,14.814862,444.445868
8039,13.392697,401.78091
8040,14.625881,438.776425
8041,14.030109,420.903267
8042,14.868674,446.060218
8043,15.521461,465.643818
8044,12.865471,385.964126
8045,15.438821,463.164638
8046,13.966047,418.981422
8047,16.492633,494.778988
8048,13.733504,412.005125
8049,15.720051,471.601537
8050,14.631646,438.949391
8051,17.325432,519.762972
8052,15.519539,465.586163
8053,15.196028,455.880846
8054,13.66624,409.987188
8055,14.445227,433.356823
8056,15.057655,451.72966
8057,14.064061,421.921845
8058,14.597694,437.930814
8059,16.133248,483.997438
8060,14.618193,438.545804
8061,15.615631,468.46893
8062,16.292761,488.782832
8063,15.408712,462.261371
8064,14.483024,434.490711
8065,14.641256,439.237668
8066,15.20884,456.265215
8067,14.632287,438.96861
8068,15.939142,478.174247
8069,14.537476,436.124279
8070,14.70788,441.236387
8071,14.40615,432.184497
8072,15.019218,450.576553
8073,14.559898,436.796925
8074,14.071108,422.133248
8075,13.615631,408.46893
8076,13.785394,413.561819
8077,14.725817,441.774504
8078,13.859705,415.79116
8079,14.247277,427.418322
8080,15.879564,476.386931
8081,13.589366,407.680974
8082,14.967329,449.019859
8083,15.727098,471.81294
8084,14.825753,444.772582
8085,14.850737,445.522101
8086,13.571429,407.142857
8087,15.217168,456.515054
8088,14.006406,420.192184
8089,13.851377,415.54132
8090,14.044843,421.345291
8091,15.750801,472.524023
8092,15.991031,479.730942
8093,14.611147,438.334401
8094,15.498398,464.951954
8095,14.796925,443.907751
8096,15.803331,474.099936
8097,15.200512,456.015375
8098,14.673927,440.217809
8099,14.798206,443.946188
8100,13.6041,408.122998
8101,14.993594,449.807816
8102,13.871877,416.15631
8103,14.26009,427.802691
8104,15.092249,452.767457
8105,14.838565,445.156951
8106,15.470852,464.125561
8107,12.607303,378.21909
8108,16.377963,491.338885
8109,15.12492,453.747598
8110,14.304933,429.147982
8111,13.544523,406.335682
8112,14.522101,435.663037
8113,15.46893,464.067905
8114,15.472774,464.183216
8115,14.661115,439.83344
8116,14.422806,432.684177
8117,13.353619,400.608584
8118,16.078155,482.344651
8119,13.085842,392.575272
8120,15.181294,455.438821
8121,14.839206,445.176169
8122,15.539398,466.181935
8123,15.05189,451.556694
8124,14.994234,449.827034
8125,14.570788,437.123639
8126,16.252402,487.572069
8127,14.63549,439.064702
8128,14.420884,432.626521
8129,13.580397,407.411915
8130,16.09353,482.805894
8131,14.704676,441.140295
8132,14.685458,440.563741
8133,14.985266,449.557976
8134,15.600897,468.026906
8135,15.154388,454.631646
8136,14.82255,444.676489
8137,14.967969,449.039078
8138,14.234465,427.033953
8139,14.438821,433.164638
8140,15.663677,469.910314
8141,14.415759,432.472774
8142,14.677771,440.33312
8143,15.07303,452.190903
8144,15.128764,453.862908
8145,16.378603,491.358104
8146,14.342088,430.262652
8147,16.290199,488.705958
8148,14.331198,429.935939
8149,14.543242,436.297245
8150,15.014734,450.442024
8151,14.288277,428.648302
8152,13.497117,404.913517
8153,15.376682,461.300448
8154,13.022422,390.672646
8155,13.65599,409.679693
8156,13.162716,394.881486
8157,13.921204,417.636131
8158,14.789238,443.67713
8159,14.875721,446.271621
8160,13.267136,398.014094
8161,15.073671,452.210122
8162,16.244074,487.322229
8163,15.288917,458.667521
8164,14.857143,445.714286
8165,14.346573,430.397181
8166,13.664958,409.948751
8167,15.533632,466.008969
8168,14.346573,430.397181
8169,15.403587,462.107623
8170,14.490711,434.721332
8171,14.186419,425.592569
8172,14.482383,434.471493
8173,14.427931,432.837924
8174,14.935939,448.078155
8175,16.096733,482.901986
8176,15.171685,455.150545
8177,15.414478,462.434337
8178,15.387572,461.627162
8179,16.383728,491.511851
8180,14.669443,440.08328
8181,15.586803,467.6041
8182,15.473414,464.202434
8183,14.141576,424.247277
8184,15.344651,460.339526
8185,14.754644,442.639334
8186,13.586803,407.6041
8187,15.080077,452.402306
8188,14.990391,449.711723
8189,15.032671,450.980141
8190,16.021781,480.653427
8191,16.868033,506.040999
8192,13.900064,417.001922
8193,15.856502,475.695067
8194,14.936579,448.097373
8195,15.26073,457.821909
8196,15.636771,469.103139
8197,14.992953,449.788597
8198,14.755285,442.658552
8199,16.813581,504.407431
8200,13.665599,409.967969
8201,15.088405,452.652146
8202,13.457399,403.721973
8203,15.120436,453.613069
8204,15.161435,454.843049
8205,15.128123,453.84369
8206,14.297886,428.936579
8207,15.098014,452.940423
8208,15.550929,466.527867
8209,16.022422,480.672646
8210,16.018578,480.557335
8211,14.951954,448.558616
8212,16.389494,491.684817
8213,13.976297,419.288917
8214,13.56246,406.873799
8215,15.188981,455.669443
8216,14.584241,437.527226
8217,13.863549,415.90647
8218,14.784113,443.523382
8219,15.561819,466.85458
8220,16.174888,485.246637
8221,14.336323,430.089686
8222,14.180653,425.419603
8223,14.31262,429.378603
8224,14.618834,438.565022
8225,14.581038,437.431134
8226,15.023703,450.711083
8227,14.980141,449.404228
8228,13.730942,411.928251
8229,14.795644,443.869315
8230,15.488789,464.663677
8231,15.409353,462.280589
8232,14.911595,447.347854
8233,14.928892,447.866752
8234,14.356182,430.685458
8235,14.675849,440.275464
8236,14.669443,440.08328
8237,15.415119,462.453555
8238,14.634849,439.045484
8239,13.379244,401.377322
8240,14.039718,421.191544
8241,15.788597,473.657912
8242,14.358104,430.743113
8243,13.580397,407.411915
8244,15.778347,473.350416
8245,14.605381,438.161435
8246,13.237668,397.130045
8247,14.117873,423.536195
8248,14.097373,422.921204
8249,13.447149,403.414478
8250,14.957079,448.712364
8251,13.324151,399.724536
8252,14.7918,443.754004
8253,14.446509,433.395259
8254,13.999359,419.980782
8255,15.297886,458.936579
8256,15.673286,470.198591
8257,15.521461,465.643818
8258,14.621397,438.641896
8259,15.56246,466.873799
8260,13.6246,408.737988
8261,15.231903,456.957079
8262,14.106342,423.190263
8263,15.005766,450.172966
8264,15.111467,453.34401
8265,14.169122,425.073671
8266,14.881486,446.444587
8267,16.097373,482.921204
8268,14.134529,424.035874
8269,13.985906,419.577194
8270,15.26073,457.821909
8271,14.860987,445.829596
8272,13.975016,419.25048
8273,15.860346,475.810378
8274,15.893658,476.809737
8275,15.306214,459.186419
8276,14.90647,447.194106
8277,13.481102,404.433056
8278,13.526586,405.797566
8279,14.086483,422.594491
8280,13.263293,397.898783
8281,13.976938,419.308136
8282,14.214606,426.438181
8283,15.011531,450.345932
8284,14.207559,426.226778
8285,15.331839,459.955157
8286,15.124279,453.728379
8287,13.741832,412.254965
8288,15.016015,450.480461
8289,14.321589,429.647662
8290,13.306855,399.205637
8291,14.595131,437.85394
8292,14.310698,429.320948
8293,14.682255,440.467649
8294,14.324151,429.724536
8295,14.514414,435.432415
8296,17.241512,517.245356
8297,14.843049,445.29148
8298,13.383728,401.511851
8299,14.691224,440.736707
8300,14.191544,425.746316
8301,14.786035,443.581038
8302,15.256246,457.68738
8303,14.497117,434.913517
8304,15.80205,474.061499
8305,14.467649,434.029468
8306,15.183216,455.496477
8307,14.317104,429.513133
8308,14.33376,430.012812
8309,13.540679,406.220372
8310,14.710442,441.313261
8311,15.852659,475.579757
8312,13.773222,413.196669
8313,15.101858,453.055734
8314,14.655349,439.660474
8315,16.255605,487.668161
8316,14.49007,434.702114
8317,13.88533,416.559898
8318,14.300448,429.013453
8319,15.629084,468.872518
8320,15.120436,453.613069
8321,13.948751,418.462524
8322,14.417681,432.530429
8323,15.194747,455.842409
8324,15.843049,475.29148
8325,15.717489,471.524664
8326,15.007047,450.211403
8327,16.515695,495.470852
8328,13.572069,407.162076
8329,13.643177,409.295324
8330,14.805894,444.17681
8331,14.231262,426.93786
8332,14.186419,425.592569
8333,14.13517,424.055093
8334,14.169122,425.073671
8335,14.331839,429.955157
8336,14.362588,430.877643
8337,14.689302,440.679052
8338,14.25048,427.514414
8339,15.382447,461.473414
8340,15.832799,474.983985
8341,14.453555,433.606662
8342,14.582319,437.469571
8343,13.768738,413.06214
8344,15.367072,461.012172
8345,14.378603,431.358104
8346,13.946188,418.38565
8347,15.228059,456.841768
8348,14.25048,427.514414
8349,15.506086,465.182575
8350,15.133248,453.997438
8351,14.390775,431.723254
8352,14.429853,432.89558
8353,14.443306,433.299167
8354,14.10378,423.113389
8355,14.965407,448.962204
8356,16.426009,492.780269
8357,15.831518,474.945548
8358,14.540038,436.201153
8359,13.577835,407.335042
8360,14.505445,435.163357
8361,16.264574,487.93722
8362,15.096733,452.901986
8363,13.200512,396.015375
8364,14.360666,430.819987
8365,14.588725,437.661755
8366,14.584881,437.546445
8367,13.994234,419.827034
8368,14.188981,425.669443
8369,14.038437,421.153107
8370,13.79116,413.734785
8371,15.695067,470.852018
8372,14.807175,444.215247
8373,14.363869,430.916079
8374,15.422165,462.664958
8375,13.647021,409.410634
8376,15.789878,473.696348
8377,14.394619,431.838565
8378,14.566944,437.008328
8379,14.561179,436.835362
8380,13.702755,411.082639
8381,16.334401,490.032031
8382,14.927611,447.828315
8383,17.259449,517.783472
8384,14.647021,439.410634
8385,15.777066,473.31198
8386,13.755926,412.677771
8387,14.773863,443.215887
8388,15.123639,453.709161
8389,14.50993,435.297886
8390,14.68802,440.640615
8391,14.903267,447.098014
8392,14.004484,420.134529
8393,16.529789,495.893658
8394,13.892377,416.7713
8395,13.247918,397.43754
8396,15.397822,461.934657
8397,13.841127,415.233824
8398,13.91672,417.501602
8399,14.982063,449.461883
8400,13.575272,407.258168
8401,15.179372,455.381166
8402,12.980782,389.423447
8403,13.167201,395.016015
8404,15.741192,472.235746
8405,13.523382,405.701473
8406,15.003203,450.096092
8407,14.641896,439.256887
8408,14.165279,424.95836
8409,14.299167,428.975016
8410,15.645099,469.352979
8411,14.892377,446.7713
8412,15.021781,450.653427
8413,15.712364,471.370916
8414,14.362588,430.877643
8415,13.86419,415.925689
8416,13.513133,405.393978
8417,14.244074,427.322229
8418,14.171685,425.150545
8419,15.983344,479.50032
8420,14.564382,436.931454
8421,15.084561,452.536835
8422,14.176169,425.285074
8423,15.079436,452.383088
8424,14.78091,443.42729
8425,14.955157,448.654709
8426,15.484305,464.529148
8427,15.144779,454.34337
8428,14.59385,437.815503
8429,14.376041,431.28123
8430,14.957079,448.712364
8431,14.303652,429.109545
8432,14.053171,421.595131
8433,14.491352,434.740551
8434,15.471493,464.144779
8435,15.55157,466.547085
8436,15.38501,461.550288
8437,14.335042,430.051249
8438,14.126201,423.786035
8439,15.843049,475.29148
8440,16.645099,499.352979
8441,14.31262,429.378603
8442,14.258808,427.764254
8443,14.929532,447.885971
8444,14.6246,438.737988
8445,15.484305,464.529148
8446,13.873799,416.213965
8447,16.108264,483.247918
8448,14.600256,438.007687
8449,15.296605,458.898142
8450,14.214606,426.438181
8451,15.300448,459.013453
8452,13.768097,413.042921
8453,14.411275,432.338245
8454,14.875721,446.271621
8455,14.461883,433.856502
8456,15.032671,450.980141
8457,15.902627,477.078796
8458,15.451634,463.549007
8459,16.360026,490.800769
8460,12.711083,381.332479
8461,14.056374,421.691224
8462,13.680974,410.429212
8463,15.244715,457.341448
8464,15.254965,457.648943
8465,14.901986,447.059577
8466,14.408712,432.261371
8467,14.916079,447.482383
8468,13.956438,418.693145
8469,14.711083,441.332479
8470,13.452915,403.587444
8471,15.538757,466.162716
8472,14.32287,429.686099
8473,14.727739,441.832159
8474,15.083921,452.517617
8475,14.235746,427.072389
8476,14.196669,425.900064
8477,14.709801,441.294042
8478,15.018578,450.557335
8479,14.265855,427.975657
8480,15.028828,450.86483
8481,13.777066,413.31198
8482,15.192825,455.784753
8483,14.112748,423.382447
8484,16.120436,483.613069
8485,14.886611,446.598334
8486,14.181294,425.438821
8487,12.960282,388.808456
8488,14.134529,424.035874
8489,15.183857,455.515695
8490,13.174247,395.227418
8491,15.782832,473.484946
8492,15.919283,477.578475
8493,15.009609,450.288277
8494,14.68738,440.621397
8495,13.912236,417.367072
8496,14.943626,448.308776
8497,14.61435,438.430493
8498,13.803972,414.119154
8499,15.233824,457.014734
8500,13.885971,416.579116
8501,15.06278,451.883408
8502,14.946829,448.404869
8503,14.676489,440.294683
8504,14.61435,438.430493
8505,15.163997,454.919923
8506,14.352979,430.589366
8507,14.840487,445.214606
8508,14.509289,435.278668
8509,15.572069,467.162076
8510,15.675849,470.275464
8511,14.664318,439.929532
8512,15.777066,473.31198
8513,15.049968,451.499039
8514,13.931454,417.943626
8515,15.819987,474.599616
8516,14.620756,438.622678
8517,13.597694,407.930814
8518,14.665599,439.967969
8519,13.885971,416.579116
8520,13.580397,407.411915
8521,14.988469,449.654068
8522,14.040359,421.210762
8523,14.572069,437.162076
8524,14.121717,423.651505
8525,15.383728,461.511851
8526,15.573991,467.219731
8527,15.636131,469.083921
8528,15.082639,452.47918
8529,14.86419,445.925689
8530,14.076233,422.286996
8531,14.007687,420.230621
8532,15.26009,457.802691
8533,15.502883,465.086483
8534,13.959641,418.789238
8535,14.744395,442.331839
8536,13.588085,407.642537
8537,15.399103,461.973094
8538,16.202434,486.07303
8539,15.188341,455.650224
8540,14.873799,446.213965
8541,14.705958,441.178732
8542,14.411915,432.357463
8543,13.237668,397.130045
8544,15.549007,466.470211
8545,16.176169,485.285074
8546,14.367713,431.03139
8547,15.424087,462.722614
8548,14.77066,443.119795
8549,14.314542,429.436259
8550,14.844971,445.349135
8551,14.939782,448.193466
8552,15.206278,456.188341
8553,15.049327,451.479821
8554,14.66624,439.987188
8555,15.471493,464.144779
8556,14.400384,432.011531
8557,13.736067,412.081999
8558,13.894299,416.828956
8559,14.363869,430.916079
8560,13.970532,419.115951
8561,15.380525,461.415759
8562,13.90583,417.174888
8563,15.433056,462.991672
8564,15.50993,465.297886
8565,15.012172,450.365151
8566,15.237028,457.110826
8567,14.65663,439.698911
8568,15.518898,465.566944
8569,14.226137,426.784113
8570,15.105061,453.151826
8571,13.93786,418.13581
8572,16.112748,483.382447
8573,14.501602,435.048046
8574,14.761051,442.831518
8575,14.584881,437.546445
8576,13.762332,412.869955
8577,15.54196,466.258808
8578,12.849455,385.483664
8579,14.588085,437.642537
8580,13.552851,406.585522
8581,14.821268,444.638053
8582,13.478539,404.356182
8583,14.997438,449.923126
8584,14.717489,441.524664
8585,13.470852,404.125561
8586,14.990391,449.711723
8587,15.485586,464.567585
8588,15.266496,457.994875
8589,14.658552,439.756566
8590,14.415119,432.453555
8591,14.953235,448.597053
8592,15.311339,459.340167
8593,16.215887,486.476618
8594,14.637412,439.122357
8595,14.807816,444.234465
8596,14.311339,429.340167
8597,15.470852,464.125561
8598,13.867393,416.021781
8599,15.765535,472.966047
8600,14.793081,443.792441
8601,14.476618,434.298527
8602,14.17681,425.304292
8603,16.443946,493.318386
8604,15.040999,451.229981
8605,14.314542,429.436259
8606,15.096733,452.901986
8607,14.963485,448.904548
8608,13.924407,417.732223
8609,14.018578,420.557335
8610,15.259449,457.783472
8611,14.286996,428.609865
8612,15.467008,464.01025
8613,14.210122,426.303652
8614,14.014734,420.442024
8615,15.301089,459.032671
8616,15.505445,465.163357
8617,14.072389,422.171685
8618,14.35426,430.627803
8619,15.09417,452.825112
8620,14.415759,432.472774
8621,14.352979,430.589366
8622,15.237028,457.110826
8623,16.008328,480.24984
8624,14.098014,422.940423
8625,16.099295,482.97886
8626,13.768097,413.042921
8627,15.082639,452.47918
8628,15.449071,463.472133
8629,14.81294,444.388213
8630,15.766176,472.985266
8631,14.870596,446.117873
8632,13.855862,415.675849
8633,15.190903,455.727098
8634,14.323511,429.705317
8635,15.515054,465.451634
8636,14.710442,441.313261
8637,15.048687,451.460602
8638,13.485586,404.567585
8639,15.595131,467.85394
8640,15.395259,461.857783
8641,13.470852,404.125561
8642,14.524023,435.720692
8643,15.976938,479.308136
8644,15.675208,470.256246
8645,14.706598,441.19795
8646,14.875721,446.271621
8647,16.033312,480.999359
8648,15.482383,464.471493
8649,14.084561,422.536835
8650,14.50993,435.297886
8651,16.05189,481.556694
8652,15.828315,474.849455
8653,15.575913,467.277386
8654,14.898142,446.944266
8655,15.775144,473.254324
8656,13.042281,391.268418
8657,14.932095,447.962844
8658,13.944907,418.347213
8659,14.424728,432.741832
8660,14.816784,444.503523
8661,14.678411,440.352338
8662,13.317104,399.513133
8663,14.410634,432.319026
8664,15.201153,456.034593
8665,15.820628,474.618834
8666,15.538757,466.162716
8667,15.129404,453.882127
8668,15.165279,454.95836
8669,14.539398,436.181935
8670,15.422165,462.664958
8671,16.676489,500.294683
8672,14.193466,425.803972
8673,15.190263,455.70788
8674,15.356823,460.704676
8675,15.424728,462.741832
8676,16.304292,489.128764
8677,14.975016,449.25048
8678,14.830878,444.926329
8679,14.417681,432.530429
8680,14.003844,420.115311
8681,14.848174,445.445227
8682,16.482383,494.471493
8683,13.898142,416.944266
8684,14.406791,432.203716
8685,14.898783,446.963485
8686,14.973735,449.212044
8687,13.727739,411.832159
8688,15.271621,458.148623
8689,13.606022,408.180653
8690,14.37476,431.242793
8691,13.671365,410.140935
8692,14.114029,423.420884
8693,14.527226,435.816784
8694,13.452274,403.568225
8695,15.632928,468.987828
8696,14.288917,428.667521
8697,14.215247,426.457399
8698,13.753363,412.600897
8699,15.247918,457.43754
8700,14.636131,439.083921
8701,15.028187,450.845612
8702,14.67713,440.313901
8703,15.207559,456.226778
8704,16.390135,491.704036
8705,14.378603,431.358104
8706,14.336323,430.089686
8707,14.430493,432.914798
8708,15.680974,470.429212
8709,13.98975,419.692505
8710,14.838565,445.156951
8711,12.945548,388.366432
8712,14.271621,428.148623
8713,16.887252,506.617553
8714,16.778988,503.369635
8715,15.140935,454.228059
8716,13.939142,418.174247
8717,14.644459,439.33376
8718,14.245996,427.379885
8719,14.310698,429.320948
8720,15.928251,477.847534
8721,14.31262,429.378603
8722,14.804612,444.138373
8723,15.957079,478.712364
8724,15.184497,455.534914
8725,14.030109,420.903267
8726,14.743754,442.31262
8727,14.612428,438.372838
8728,14.428571,432.857143
8729,13.827675,414.830237
8730,16.347854,490.435618
8731,14.415759,432.472774
8732,14.991031,449.730942
8733,14.475977,434.279308
8734,15.201153,456.034593
8735,15.798206,473.946188
8736,14.069186,422.075593
8737,14.110186,423.305573
8738,14.917361,447.52082
8739,16.383728,491.511851
8740,14.591928,437.757848
8741,14.226778,426.803331
8742,14.329917,429.897502
8743,15.307495,459.224856
8744,15.286996,458.609865
8745,16.194106,485.82319
8746,16.096092,482.882767
8747,13.784753,413.542601
8748,13.533632,406.008969
8749,15.170404,455.112108
8750,14.422165,432.664958
8751,14.286355,428.590647
8752,14.184497,425.534914
8753,14.117233,423.516976
8754,13.91672,417.501602
8755,13.939782,418.193466
8756,14.160154,424.804612
8757,14.272902,428.18706
8758,14.108905,423.267136
8759,14.172325,425.169763
8760,14.174247,425.227418
8761,12.65599,379.679693
8762,14.776425,443.292761
8763,15.311339,459.340167
8764,16.558616,496.758488
8765,16.455477,493.664318
8766,15.377963,461.338885
8767,15.224215,456.726457
8768,15.147982,454.439462
8769,14.285074,428.55221
8770,15.72902,471.870596
8771,14.295324,428.859705
8772,13.683536,410.506086
8773,15.938501,478.155029
8774,15.946188,478.38565
8775,15.274183,458.225496
8776,15.557976,466.73927
8777,15.215887,456.476618
8778,13.535554,406.066624
8779,15.878283,476.348495
8780,15.799488,473.984625
8781,14.413837,432.415119
8782,13.54132,406.23959
8783,15.048687,451.460602
8784,15.561819,466.85458
8785,14.329276,429.878283
8786,15.380525,461.415759
8787,14.793081,443.792441
8788,13.759129,412.773863
8789,13.538117,406.143498
8790,13.702114,411.063421
8791,15.606022,468.180653
8792,14.118514,423.555413
8793,15.190903,455.727098
8794,14.534273,436.028187
8795,15.118514,453.555413
8796,15.68738,470.621397
8797,14.065983,421.9795
8798,14.502883,435.086483
8799,14.148623,424.45868
8800,14.625881,438.776425
8801,14.417681,432.530429
8802,15.960282,478.808456
8803,14.247918,427.43754
8804,14.715567,441.467008
8805,15.304292,459.128764
8806,16.691864,500.755926
8807,13.199231,395.976938
8808,15.92697,477.809097
8809,14.709801,441.294042
8810,14.884689,446.540679
8811,14.677771,440.33312
8812,15.075593,452.267777
8813,14.095452,422.863549
8814,14.42665,432.799488
8815,14.83344,445.003203
8816,14.765535,442.966047
8817,14.07303,422.190903
8818,14.651505,439.545163
8819,15.72966,471.889814
8820,15.992313,479.769379
8821,13.934657,418.039718
8822,14.068546,422.056374
8823,15.022422,450.672646
8824,15.335042,460.051249
8825,14.759769,442.793081
8826,14.012812,420.384369
8827,16.554132,496.623959
8828,15.423447,462.703395
8829,15.962204,478.866111
8830,13.611147,408.334401
8831,14.465086,433.952594
8832,13.580397,407.411915
8833,14.273543,428.206278
8834,14.402306,432.069186
8835,13.451634,403.549007
8836,15.418322,462.549648
8837,13.747598,412.427931
8838,15.019218,450.576553
8839,13.098014,392.940423
8840,15.372838,461.185138
8841,14.338885,430.16656
8842,14.828315,444.849455
8843,14.126842,423.805253
8844,14.205637,426.169122
8845,14.56246,436.873799
8846,14.720051,441.601537
8847,17.09353,512.805894
8848,14.674568,440.237028
8849,14.74952,442.485586
8850,14.588725,437.661755
8851,13.382447,401.473414
8852,17.007687,510.230621
8853,13.71877,411.563101
8854,14.878924,446.367713
8855,13.245356,397.360666
8856,16.01089,480.326714
8857,14.573991,437.219731
8858,14.050609,421.518258
8859,14.411915,432.357463
8860,12.581038,377.431134
8861,15.963485,478.904548
8862,14.420884,432.626521
8863,16.431134,492.934017
8864,14.411915,432.357463
8865,13.82255,414.676489
8866,12.73927,382.178091
8867,14.795003,443.850096
8868,14.973735,449.212044
8869,14.386931,431.607944
8870,13.737348,412.120436
8871,14.568225,437.046765
8872,14.155029,424.650865
8873,15.705317,471.159513
8874,14.008969,420.269058
8875,14.837284,445.118514
8876,15.725817,471.774504
8877,14.779628,443.388853
8878,14.504805,435.144138
8879,15.679693,470.390775
8880,16.486227,494.586803
8881,14.846893,445.406791
8882,16.533632,496.008969
8883,13.824471,414.734145
8884,14.598334,437.950032
8885,14.834081,445.022422
8886,14.65599,439.679693
8887,14.425368,432.761051
8888,14.994875,449.846252
8889,14.203716,426.111467
8890,15.87508,476.252402
8891,13.991672,419.75016
8892,14.72902,441.870596
8893,15.361307,460.839206
8894,16.699552,500.986547
8895,14.047406,421.422165
8896,14.992313,449.769379
8897,14.571429,437.142857
8898,15.429212,462.876361
8899,15.098014,452.940423
8900,14.526586,435.797566
8901,14.41704,432.511211
8902,15.328635,459.859065
8903,15.169122,455.073671
8904,16.529789,495.893658
8905,14.384369,431.53107
8906,14.007687,420.230621
8907,16.213965,486.418962
8908,13.720051,411.601537
8909,13.463805,403.914158
8910,15.023062,450.691864
8911,14.607944,438.238309
8912,13.566944,407.008328
8913,13.505445,405.163357
8914,13.593209,407.796284
8915,13.757207,412.716208
8916,14.943626,448.308776
8917,15.01025,450.307495
8918,15.276105,458.283152
8919,14.392056,431.761691
8920,14.440743,433.222293
8921,14.251121,427.533632
8922,14.764254,442.927611
8923,16.553491,496.604741
8924,14.835362,445.060858
8925,15.398463,461.953876
8926,14.852018,445.560538
8927,15.390775,461.723254
8928,14.636131,439.083921
8929,15.124279,453.728379
8930,13.879564,416.386931
8931,14.944907,448.347213
8932,13.547726,406.431775
8933,14.162716,424.881486
8934,14.049968,421.499039
8935,15.0205,450.61499
8936,14.359385,430.78155
8937,15.33312,459.993594
8938,14.131967,423.959001
8939,15.184497,455.534914
8940,13.797566,413.92697
8941,15.695708,470.871236
8942,14.53107,435.932095
8943,13.860987,415.829596
8944,15.505445,465.163357
8945,15.606662,468.199872
8946,15.265855,457.975657
8947,14.870596,446.117873
8948,14.126842,423.805253
8949,15.123639,453.709161
8950,14.466368,433.991031
8951,14.178091,425.342729
8952,16.238949,487.168482
8953,14.422806,432.684177
8954,15.06214,451.86419
8955,15.098655,452.959641
8956,15.356823,460.704676
8957,15.809097,474.272902
8958,14.982063,449.461883
8959,15.284433,458.532992
8960,15.665599,469.967969
8961,14.961563,448.846893
8962,16.372838,491.185138
8963,14.327354,429.820628
8964,14.863549,445.90647
8965,14.422806,432.684177
8966,14.035234,421.057015
8967,14.461883,433.856502
8968,15.313261,459.397822
8969,14.137092,424.112748
8970,13.642537,409.276105
8971,14.288277,428.648302
8972,15.380525,461.415759
8973,13.534914,406.047406
8974,16.05189,481.556694
8975,14.705317,441.159513
8976,14.442665,433.279949
8977,15.592569,467.777066
8978,14.091608,422.748238
8979,14.090327,422.709801
8980,15.72902,471.870596
8981,14.414478,432.434337
8982,15.392697,461.78091
8983,15.249199,457.475977
8984,13.936579,418.097373
8985,13.766816,413.004484
8986,14.222293,426.668802
8987,12.893658,386.809737
8988,15.329276,459.878283
8989,15.475977,464.279308
8990,14.609865,438.295964
8991,13.738629,412.158873
8992,14.55221,436.566304
8993,14.508008,435.240231
8994,14.405509,432.165279
8995,14.996156,449.884689
8996,15.158232,454.746957
8997,14.107623,423.2287
8998,13.874439,416.233184
8999,15.17681,455.304292
9000,15.002562,450.076874
9001,14.66624,439.987188
9002,14.19795,425.938501
9003,14.892377,446.7713
9004,13.942345,418.27034
9005,14.955798,448.673927
9006,13.390775,401.723254
9007,15.901345,477.040359
9008,15.492633,464.778988
9009,14.288917,428.667521
9010,14.392056,431.761691
9011,13.44779,403.433696
9012,13.955798,418.673927
9013,14.051249,421.537476
9014,15.630365,468.910955
9015,14.65663,439.698911
9016,14.730942,441.928251
9017,14.356182,430.685458
9018,14.420884,432.626521
9019,14.513133,435.393978
9020,14.337604,430.128123
9021,14.46829,434.048687
9022,15.564382,466.931454
9023,13.429853,402.89558
9024,14.868033,446.040999
9025,14.27034,428.110186
9026,14.253043,427.591288
9027,14.803331,444.099936
9028,13.962844,418.88533
9029,13.657271,409.718129
9030,15.659833,469.795003
9031,14.848815,445.464446
9032,15.308776,459.263293
9033,15.153107,454.593209
9034,13.259449,397.783472
9035,15.171685,455.150545
9036,15.392056,461.761691
9037,15.397181,461.915439
9038,15.752082,472.56246
9039,14.006406,420.192184
9040,14.112108,423.363229
9041,15.920564,477.616912
9042,14.721973,441.659193
9043,13.950032,418.500961
9044,12.47918,374.3754
9045,13.793722,413.811659
9046,13.464446,403.933376
9047,13.47918,404.3754
9048,13.492633,404.778988
9049,14.955798,448.673927
9050,15.752082,472.56246
9051,13.386291,401.588725
9052,13.82255,414.676489
9053,14.70788,441.236387
9054,14.844331,445.329917
9055,15.043562,451.306855
9056,15.015375,450.461243
9057,15.264574,457.93722
9058,15.154388,454.631646
9059,14.844331,445.329917
9060,15.320948,459.628443
9061,14.782832,443.484946
9062,15.467649,464.029468
9063,13.084561,392.536835
9064,16.652146,499.564382
9065,15.816784,474.503523
9066,13.836643,415.099295
9067,13.840487,415.214606
9068,14.486867,434.606022
9069,13.593209,407.796284
9070,15.112748,453.382447
9071,15.359385,460.78155
9072,14.206919,426.207559
9073,15.561179,466.835362
9074,14.606022,438.180653
9075,14.035874,421.076233
9076,13.555413,406.662396
9077,16.066624,481.998719
9078,14.802691,444.080717
9079,13.560538,406.816143
9080,14.234465,427.033953
9081,13.413197,402.3959
9082,14.57335,437.200512
9083,15.493914,464.817425
9084,14.399744,431.992313
9085,14.462524,433.875721
9086,14.47918,434.3754
9087,15.147982,454.439462
9088,13.155669,394.670083
9089,16.042921,481.287636
9090,15.159513,454.785394
9091,16.237028,487.110826
9092,14.170404,425.112108
9093,15.902627,477.078796
9094,14.992953,449.788597
9095,14.146701,424.401025
9096,14.083921,422.517617
9097,13.987828,419.634849
9098,14.745035,442.351057
9099,14.679693,440.390775
9100,13.38565,401.569507
9101,13.019859,390.595772
9102,14.797566,443.92697
9103,14.059577,421.787316
9104,14.22934,426.880205
9105,14.683536,440.506086
9106,13.870596,416.117873
9107,14.206919,426.207559
9108,14.643818,439.314542
9109,13.202434,396.07303
9110,13.623959,408.71877
9111,14.245356,427.360666
9112,15.456118,463.683536
9113,14.863549,445.90647
9114,14.933376,448.001281
9115,13.101858,393.055734
9116,14.381807,431.454196
9117,14.409353,432.280589
9118,14.435618,433.068546
9119,14.490711,434.721332
9120,14.566304,436.98911
9121,16.037156,481.11467
9122,13.981422,419.442665
9123,15.579757,467.392697
9124,14.727098,441.81294
9125,14.6041,438.122998
9126,15.077514,452.325432
9127,14.675208,440.256246
9128,14.393338,431.800128
9129,14.013453,420.403587
9130,16.413197,492.3959
9131,14.741192,442.235746
9132,15.310058,459.30173
9133,15.133889,454.016656
9134,16.976297,509.288917
9135,15.366432,460.992953
9136,13.365151,400.954516
9137,15.716208,471.486227
9138,15.058937,451.768097
9139,15.040359,451.210762
9140,15.659833,469.795003
9141,14.504164,435.12492
9142,14.953876,448.616272
9143,13.837924,415.137732
9144,14.592569,437.777066
9145,15.159513,454.785394
9146,14.382447,431.473414
9147,15.049968,451.499039
9148,15.201153,456.034593
9149,14.067905,422.037156
9150,15.737988,472.139654
9151,16.518898,495.566944
9152,13.408072,402.242152
9153,15.396541,461.89622
9154,14.860346,445.810378
9155,15.354901,460.647021
9156,13.726457,411.793722
9157,15.211403,456.342088
9158,16.009609,480.288277
9159,14.748238,442.447149
9160,14.907111,447.213325
9161,15.265215,457.956438
9162,13.691864,410.755926
9163,15.492633,464.778988
9164,13.720692,411.620756
9165,14.677771,440.33312
9166,14.704036,441.121076
9167,14.730942,441.928251
9168,15.576553,467.296605
9169,14.183216,425.496477
9170,14.204356,426.130685
9171,15.568225,467.046765
9172,13.438821,403.164638
9173,13.919283,417.578475
9174,16.615631,498.46893
9175,14.650224,439.506726
9176,15.269058,458.071749
9177,14.764894,442.946829
9178,14.101858,423.055734
9179,13.649584,409.487508
9180,13.859065,415.771941
9181,13.648302,409.449071
9182,14.381166,431.434978
9183,15.529148,465.874439
9184,13.45868,403.76041
9185,14.27098,428.129404
9186,14.080717,422.421525
9187,14.976938,449.308136
9188,13.431134,402.934017
9189,14.607944,438.238309
9190,14.455477,433.664318
9191,16.518898,495.566944
9192,14.853299,445.598975
9193,14.409353,432.280589
9194,15.341448,460.243434
9195,13.921204,417.636131
9196,14.172325,425.169763
9197,15.299808,458.994234
9198,13.911595,417.347854
9199,16.088405,482.652146
9200,14.216528,426.495836
9201,14.81294,444.388213
9202,14.240231,427.206919
9203,15.49007,464.702114
9204,15.171044,455.131326
9205,14.814222,444.42665
9206,15.399744,461.992313
9207,14.61499,438.449712
9208,14.255605,427.668161
9209,14.171685,425.150545
9210,15.941063,478.231903
9211,14.685458,440.563741
9212,14.877643,446.329276
9213,16.33312,489.993594
9214,14.851377,445.54132
9215,14.065343,421.960282
9216,13.229981,396.899423
9217,15.483664,464.50993
9218,15.074311,452.22934
9219,14.528507,435.855221
9220,15.642537,469.276105
9221,14.575913,437.277386
9222,15.481742,464.452274
9223,13.869955,416.098655
9224,14.659193,439.775785
9225,14.741192,442.235746
9226,15.366432,460.992953
9227,14.773863,443.215887
9228,14.660474,439.814222
9229,14.897502,446.925048
9230,15.305573,459.167201
9231,14.793081,443.792441
9232,14.090967,422.72902
9233,16.354901,490.647021
9234,13.440743,403.222293
9235,13.824471,414.734145
9236,14.90647,447.194106
9237,14.602178,438.065343
9238,14.486867,434.606022
9239,14.779628,443.388853
9240,15.49007,464.702114
9241,14.418322,432.549648
9242,14.29148,428.744395
9243,14.617553,438.526586
9244,16.769379,503.081358
9245,15.005766,450.172966
9246,15.358104,460.743113
9247,15.021781,450.653427
9248,14.242152,427.264574
9249,15.198591,455.957719
9250,16.50032,495.009609
9251,12.873158,386.194747
9252,14.16656,424.996797
9253,14.241512,427.245356
9254,14.196028,425.880846
9255,13.565022,406.950673
9256,13.473414,404.202434
9257,15.505445,465.163357
9258,14.355541,430.66624
9259,13.405509,402.165279
9260,13.112108,393.363229
9261,15.033312,450.999359
9262,14.064702,421.941063
9263,15.153107,454.593209
9264,13.835362,415.060858
9265,13.529789,405.893658
9266,14.80205,444.061499
9267,15.065343,451.960282
9268,14.600897,438.026906
9269,14.709161,441.274824
9270,13.887252,416.617553
9271,15.038437,451.153107
9272,15.402306,462.069186
9273,15.253043,457.591288
9274,16.565022,496.950673
9275,14.309417,429.282511
9276,14.673927,440.217809
9277,15.036515,451.095452
9278,14.727739,441.832159
9279,14.162716,424.881486
9280,14.845612,445.368354
9281,13.868033,416.040999
9282,15.761691,472.850737
9283,13.846252,415.387572
9284,14.193466,425.803972
9285,15.420243,462.607303
9286,13.954516,418.63549
9287,13.382447,401.473414
9288,13.109545,393.286355
9289,13.037156,391.11467
9290,13.592569,407.777066
9291,13.803331,414.099936
9292,14.72966,441.889814
9293,16.567585,497.027546
9294,16.4164,492.491992
9295,14.918642,447.559257
9296,15.034593,451.037796
9297,14.05189,421.556694
9298,13.762332,412.869955
9299,14.463165,433.894939
9300,13.6041,408.122998
9301,14.370916,431.127482
9302,15.30173,459.05189
9303,16.192825,485.784753
9304,14.079436,422.383088
9305,15.169122,455.073671
9306,14.288917,428.667521
9307,15.185138,455.554132
9308,15.265855,457.975657
9309,14.581038,437.431134
9310,15.884049,476.521461
9311,15.141576,454.247277
9312,16.325432,489.762972
9313,14.105061,423.151826
9314,13.887892,416.636771
9315,14.335682,430.070468
9316,14.038437,421.153107
9317,14.515695,435.470852
9318,15.313901,459.41704
9319,14.500961,435.028828
9320,14.064061,421.921845
9321,14.127482,423.824471
9322,16.201153,486.034593
9323,15.70852,471.255605
9324,14.918001,447.540038
9325,14.158232,424.746957
9326,14.670724,440.121717
9327,15.549007,466.470211
9328,14.637412,439.122357
9329,14.137732,424.131967
9330,15.188341,455.650224
9331,14.675849,440.275464
9332,16.777066,503.31198
9333,14.775785,443.273543
9334,13.866111,415.983344
9335,13.696348,410.890455
9336,15.016656,450.49968
9337,14.451634,433.549007
9338,13.939782,418.193466
9339,13.203716,396.111467
9340,14.320948,429.628443
9341,15.848815,475.464446
9342,16.139654,484.189622
9343,16.011531,480.345932
9344,14.933376,448.001281
9345,14.488789,434.663677
9346,13.45804,403.741192
9347,14.234465,427.033953
9348,15.561819,466.85458
9349,13.471493,404.144779
9350,14.725817,441.774504
9351,14.173607,425.2082
9352,15.03075,450.922486
9353,14.156951,424.70852
9354,14.889174,446.675208
9355,13.616912,408.507367
9356,14.775144,443.254324
9357,14.483024,434.490711
9358,14.463165,433.894939
9359,14.027546,420.826393
9360,15.286355,458.590647
9361,16.249199,487.475977
9362,12.997438,389.923126
9363,14.034593,421.037796
9364,15.256246,457.68738
9365,14.445868,433.376041
9366,13.559257,406.777707
9367,14.555413,436.662396
9368,15.68802,470.640615
9369,16.821268,504.638053
9370,15.249199,457.475977
9371,13.975657,419.269699
9372,15.190263,455.70788
9373,15.870596,476.117873
9374,13.917361,417.52082
9375,14.50032,435.009609
9376,15.986547,479.596413
9377,14.432415,432.972454
9378,15.663677,469.910314
9379,14.498398,434.951954
9380,14.075593,422.267777
9381,14.527226,435.816784
9382,14.240871,427.226137
9383,13.170404,395.112108
9384,14.774504,443.235106
9385,15.454196,463.625881
9386,15.704036,471.121076
9387,14.828956,444.868674
9388,14.438821,433.164638
9389,14.522101,435.663037
9390,15.346573,460.397181
9391,15.332479,459.974375
9392,15.813581,474.407431
9393,14.604741,438.142217
9394,15.390135,461.704036
9395,16.167201,485.016015
9396,14.522742,435.682255
9397,15.133889,454.016656
9398,13.372838,401.185138
9399,15.271621,458.148623
9400,14.766176,442.985266
9401,14.136451,424.09353
9402,14.251762,427.552851
9403,14.009609,420.288277
9404,13.598334,407.950032
9405,15.506726,465.201794
9406,15.125561,453.766816
9407,14.520179,435.605381
9408,14.663677,439.910314
9409,14.046765,421.402947
9410,15.570788,467.123639
9411,14.039078,421.172325
9412,16.261371,487.841127
9413,16.226778,486.803331
9414,14.248559,427.456758
9415,14.522742,435.682255
9416,14.141576,424.247277
9417,13.283152,398.494555
9418,14.727739,441.832159
9419,14.793722,443.811659
9420,13.609865,408.295964
9421,14.007047,420.211403
9422,14.165279,424.95836
9423,16.245356,487.360666
9424,13.702755,411.082639
9425,16.554773,496.643177
9426,15.679693,470.390775
9427,16.404228,492.126842
9428,16.190263,485.70788
9429,14.393338,431.800128
9430,15.383728,461.511851
9431,14.40615,432.184497
9432,16.338245,490.147341
9433,13.811659,414.349776
9434,13.516976,405.509289
9435,14.098014,422.940423
9436,15.627162,468.814862
9437,16.543882,496.316464
9438,14.738629,442.158873
9439,14.456118,433.683536
9440,15.185778,455.57335
9441,15.982703,479.481102
9442,13.971172,419.13517
9443,13.691864,410.755926
9444,14.616272,438.488149
9445,14.68738,440.621397
9446,14.923126,447.693786
9447,13.225496,396.764894
9448,13.692505,410.775144
9449,14.742473,442.274183
9450,14.003844,420.115311
9451,14.087764,422.632928
9452,13.891095,416.732864
9453,14.089045,422.671365
9454,14.43754,433.126201
9455,15.453555,463.606662
9456,15.423447,462.703395
9457,14.740551,442.216528
9458,14.495836,434.87508
9459,13.875721,416.271621
9460,14.305573,429.167201
9461,14.240231,427.206919
9462,14.586803,437.6041
9463,14.322229,429.66688
9464,15.224856,456.745676
9465,15.818065,474.54196
9466,13.650224,409.506726
9467,15.393978,461.819347
9468,14.803331,444.099936
9469,13.725817,411.774504
9470,14.600897,438.026906
9471,14.47918,434.3754
9472,15.623318,468.699552
9473,15.162716,454.881486
9474,15.002562,450.076874
9475,14.545163,436.354901
9476,15.643177,469.295324
9477,14.411915,432.357463
9478,14.494555,434.836643
9479,14.040999,421.229981
9480,14.368354,431.050609
9481,14.522101,435.663037
9482,14.004484,420.134529
9483,16.046765,481.402947
9484,14.210122,426.303652
9485,14.764254,442.927611
9486,14.780269,443.408072
9487,15.586163,467.584881
9488,16.171044,485.131326
9489,14.283152,428.494555
9490,13.650865,409.525945
9491,14.089045,422.671365
9492,17.206919,516.207559
9493,14.064702,421.941063
9494,15.511211,465.336323
9495,14.285714,428.571429
9496,14.813581,444.407431
9497,13.634209,409.026265
9498,13.723895,411.716848
9499,14.439462,433.183857
9500,15.846893,475.406791
9501,15.492633,464.778988
9502,15.902627,477.078796
9503,14.89622,446.886611
9504,15.157591,454.727739
9505,14.46829,434.048687
9506,15.693145,470.794363
9507,15.109545,453.286355
9508,12.668802,380.064061
9509,14.034593,421.037796
9510,14.959001,448.770019
9511,13.439462,403.183857
9512,15.695067,470.852018
9513,15.106342,453.190263
9514,14.592569,437.777066
9515,14.82255,444.676489
9516,15.076874,452.306214
9517,15.443306,463.299167
9518,16.054452,481.633568
9519,15.121717,453.651505
9520,14.950032,448.500961
9521,14.383088,431.492633
9522,13.183857,395.515695
9523,15.055093,451.652787
9524,16.589366,497.680974
9525,13.199231,395.976938
9526,14.146701,424.401025
9527,14.520179,435.605381
9528,13.44779,403.433696
9529,14.837924,445.137732
9530,14.133248,423.997438
9531,14.003844,420.115311
9532,14.168482,425.054452
9533,12.985266,389.557976
9534,14.96861,449.058296
9535,13.693145,410.794363
9536,14.978219,449.346573
9537,13.42665,402.799488
9538,15.305573,459.167201
9539,14.549007,436.470211
9540,14.017297,420.518898
9541,14.376041,431.28123
9542,13.755926,412.677771
9543,14.45804,433.741192
9544,15.48943,464.682896
9545,15.18706,455.611787
9546,13.438181,403.14542
9547,14.57335,437.200512
9548,15.070468,452.114029
9549,16.096733,482.901986
9550,14.275464,428.263933
9551,15.288277,458.648302
9552,16.274824,488.244715
9553,16.339526,490.185778
9554,14.423447,432.703395
9555,14.450352,433.51057
9556,13.663037,409.891095
9557,15.399103,461.973094
9558,13.987828,419.634849
9559,13.648943,409.46829
9560,13.990391,419.711723
9561,15.735426,472.06278
9562,15.317745,459.532351
9563,15.357463,460.723895
9564,15.890455,476.713645
9565,15.115311,453.459321
9566,14.453555,433.606662
9567,14.363229,430.896861
9568,15.699552,470.986547
9569,14.425368,432.761051
9570,14.996156,449.884689
9571,15.210762,456.32287
9572,15.573991,467.219731
9573,14.334401,430.032031
9574,14.156951,424.70852
9575,14.502242,435.067265
9576,16.183216,485.496477
9577,14.368354,431.050609
9578,14.044202,421.326073
9579,13.965407,418.962204
9580,13.860987,415.829596
9581,14.264574,427.93722
9582,15.570788,467.123639
9583,15.559898,466.796925
9584,14.203075,426.092249
9585,14.648302,439.449071
9586,14.502883,435.086483
9587,15.376682,461.300448
9588,14.475977,434.279308
9589,15.86419,475.925689
9590,15.542601,466.278027
9591,13.830237,414.907111
9592,14.296605,428.898142
9593,14.295324,428.859705
9594,15.497758,464.932735
9595,15.335682,460.070468
9596,15.008328,450.24984
9597,14.289558,428.686739
9598,15.213325,456.399744
9599,14.053171,421.595131
9600,13.233184,396.995516
9601,15.196028,455.880846
9602,14.835362,445.060858
9603,12.975016,389.25048
9604,14.430493,432.914798
9605,13.997438,419.923126
9606,15.648943,469.46829
9607,15.13517,454.055093
9608,14.636771,439.103139
9609,13.455477,403.664318
9610,14.013453,420.403587
9611,14.836643,445.099295
9612,14.253043,427.591288
9613,13.192825,395.784753
9614,14.44779,433.433696
9615,15.363229,460.896861
9616,15.646381,469.391416
9617,15.445868,463.376041
9618,14.454196,433.625881
9619,13.993594,419.807816
9620,15.399103,461.973094
9621,14.231903,426.957079
9622,15.014734,450.442024
9623,13.474055,404.221653
9624,14.868674,446.060218
9625,15.185138,455.554132
9626,14.200512,426.015375
9627,15.016015,450.480461
9628,13.053171,391.595131
9629,15.398463,461.953876
9630,14.96925,449.077514
9631,13.931454,417.943626
9632,14.300448,429.013453
9633,14.547726,436.431775
9634,15.957079,478.712364
9635,15.090967,452.72902
9636,13.926329,417.789878
9637,14.865471,445.964126
9638,14.592569,437.777066
9639,13.976297,419.288917
9640,15.049968,451.499039
9641,14.48943,434.682896
9642,14.065343,421.960282
9643,14.558616,436.758488
9644,16.17681,485.304292
9645,14.366432,430.992953
9646,15.147341,454.420243
9647,14.602178,438.065343
9648,15.274824,458.244715
9649,16.131326,483.939782
9650,15.368994,461.069827
9651,14.853299,445.598975
9652,13.108905,393.267136
9653,14.335042,430.051249
9654,14.327354,429.820628
9655,14.22934,426.880205
9656,13.465086,403.952594
9657,14.752723,442.581678
9658,16.819987,504.599616
9659,13.789878,413.696348
9660,16.596413,497.892377
9661,16.222934,486.68802
9662,13.752723,412.581678
9663,14.256887,427.706598
9664,14.492633,434.778988
9665,15.995516,479.865471
9666,14.819347,444.580397
9667,14.192184,425.765535
9668,15.643177,469.295324
9669,14.607303,438.21909
9670,14.221012,426.630365
9671,15.683536,470.506086
9672,15.807816,474.234465
9673,14.999359,449.980782
9674,14.877002,446.310058
9675,14.131967,423.959001
9676,13.725817,411.774504
9677,13.478539,404.356182
9678,16.297886,488.936579
9679,15.253684,457.610506
9680,15.210762,456.32287
9681,15.515054,465.451634
9682,13.404869,402.14606
9683,15.254324,457.629725
9684,15.502883,465.086483
9685,16.285074,488.55221
9686,14.590647,437.719411
9687,14.509289,435.278668
9688,15.422165,462.664958
9689,15.151826,454.554773
9690,17.055734,511.672005
9691,14.485586,434.567585
9692,13.371557,401.146701
9693,13.538117,406.143498
9694,13.550288,406.508648
9695,14.386291,431.588725
9696,13.105701,393.171044
9697,15.53107,465.932095
9698,14.976297,449.288917
9699,14.073671,422.210122
9700,13.74952,412.485586
9701,15.066624,451.998719
9702,13.686099,410.58296
9703,16.028828,480.86483
9704,15.582319,467.469571
9705,15.563101,466.893017
9706,14.467649,434.029468
9707,14.032671,420.980141
9708,14.338245,430.147341
9709,16.148623,484.45868
9710,13.983985,419.519539
9711,14.552851,436.585522
9712,13.942345,418.27034
9713,15.492633,464.778988
9714,15.201153,456.034593
9715,14.48943,434.682896
9716,11.873799,356.213965
9717,15.54196,466.258808
9718,13.967969,419.039078
9719,13.554773,406.643177
9720,14.401666,432.049968
9721,14.251762,427.552851
9722,14.534914,436.047406
9723,16.340167,490.204997
9724,13.763613,412.908392
9725,14.795644,443.869315
9726,15.115311,453.459321
9727,14.358104,430.743113
9728,15.387572,461.627162
9729,13.87508,416.252402
9730,13.936579,418.097373
9731,15.518258,465.547726
9732,14.597694,437.930814
9733,13.313261,399.397822
9734,14.139654,424.189622
9735,14.890455,446.713645
9736,14.493274,434.798206
9737,14.568225,437.046765
9738,13.397822,401.934657
9739,14.259449,427.783472
9740,15.22934,456.880205
9741,13.85458,415.637412
9742,15.147341,454.420243
9743,14.137732,424.131967
9744,14.058937,421.768097
9745,15.210122,456.303652
9746,15.647021,469.410634
9747,15.83344,475.003203
9748,14.798206,443.946188
9749,13.889814,416.694427
9750,14.959641,448.789238
9751,15.381166,461.434978
9752,14.98975,449.692505
9753,14.967969,449.039078
9754,14.339526,430.185778
9755,14.861627,445.848815
9756,15.101217,453.036515
9757,15.524023,465.720692
9758,13.923767,417.713004
9759,16.144138,484.324151
9760,13.898142,416.944266
9761,15.776425,473.292761
9762,14.430493,432.914798
9763,15.105701,453.171044
9764,14.932735,447.982063
9765,14.398463,431.953876
9766,14.440743,433.222293
9767,13.949391,418.481742
9768,15.33376,460.012812
9769,14.165279,424.95836
9770,15.059577,451.787316
9771,15.65599,469.679693
9772,13.185138,395.554132
9773,13.371557,401.146701
9774,15.035234,451.057015
9775,14.090967,422.72902
9776,14.960282,448.808456
9777,14.03075,420.922486
9778,14.611787,438.353619
9779,13.304292,399.128764
9780,14.449712,433.491352
9781,15.317104,459.513133
9782,14.485586,434.567585
9783,14.90583,447.174888
9784,13.717489,411.524664
9785,13.747598,412.427931
9786,13.910314,417.309417
9787,16.595772,497.873158
9788,14.554773,436.643177
9789,13.64574,409.372197
9790,14.625881,438.776425
9791,13.782832,413.484946
9792,15.832159,474.964766
9793,13.774504,413.235106
9794,14.025625,420.768738
9795,15.538757,466.162716
9796,13.664958,409.948751
9797,14.226778,426.803331
9798,15.288917,458.667521
9799,13.808456,414.253684
9800,15.520179,465.605381
9801,13.889814,416.694427
9802,14.517617,435.528507
9803,15.88533,476.559898
9804,14.568225,437.046765
9805,15.783472,473.504164
9806,14.695708,440.871236
9807,14.447149,433.414478
9808,14.658552,439.756566
9809,15.954516,478.63549
9810,15.692505,470.775144
9811,15.370275,461.108264
9812,14.258808,427.764254
9813,14.484305,434.529148
9814,13.306855,399.205637
9815,15.526586,465.797566
9816,14.887892,446.636771
9817,14.78091,443.42729
9818,14.916079,447.482383
9819,13.558616,406.758488
9820,13.502883,405.086483
9821,14.08328,422.498398
9822,14.65663,439.698911
9823,14.908392,447.251762
9824,15.115311,453.459321
9825,14.946188,448.38565
9826,14.278027,428.340807
9827,15.794363,473.830878
9828,14.714926,441.44779
9829,14.548366,436.450993
9830,14.608584,438.257527
9831,14.613069,438.392056
9832,14.353619,430.608584
9833,13.893017,416.790519
9834,15.821909,474.657271
9835,14.883408,446.502242
9836,14.226778,426.803331
9837,14.928251,447.847534
9838,14.479821,434.394619
9839,15.980782,479.423447
9840,15.987188,479.615631
9841,14.590647,437.719411
9842,14.715567,441.467008
9843,13.757848,412.735426
9844,14.625881,438.776425
9845,14.31198,429.359385
9846,14.356823,430.704676
9847,14.404228,432.126842
9848,15.241512,457.245356
9849,13.652146,409.564382
9850,13.770019,413.100577
9851,15.19795,455.938501
9852,15.323511,459.705317
9853,14.597053,437.911595
9854,15.055734,451.672005
9855,15.805894,474.17681
9856,14.701473,441.044202
9857,14.987188,449.615631
9858,15.292761,458.782832
9859,14.324792,429.743754
9860,14.896861,446.90583
9861,15.008969,450.269058
9862,14.422165,432.664958
9863,14.352979,430.589366
9864,15.040999,451.229981
9865,13.792441,413.773222
9866,15.180653,455.419603
9867,15.267136,458.014094
9868,14.337604,430.128123
9869,13.530429,405.912876
9870,15.035874,451.076233
9871,14.043562,421.306855
9872,13.637412,409.122357
9873,14.743754,442.31262
9874,15.335682,460.070468
9875,14.586163,437.584881
9876,14.862268,445.868033
9877,14.157591,424.727739
9878,17.308136,519.244074
9879,15.360666,460.819987
9880,13.584241,407.527226
9881,15.232543,456.976297
9882,15.160154,454.804612
9883,14.821909,444.657271
9884,13.484946,404.548366
9885,14.236387,427.091608
9886,15.47918,464.3754
9887,14.612428,438.372838
9888,14.563101,436.893017
9889,14.738629,442.158873
9890,14.714286,441.428571
9891,15.159513,454.785394
9892,15.543242,466.297245
9893,15.032671,450.980141
9894,14.768097,443.042921
9895,15.196028,455.880846
9896,14.910955,447.328635
9897,13.067905,392.037156
9898,14.224215,426.726457
9899,14.684177,440.525304
9900,13.920564,417.616912
9901,15.481742,464.452274
9902,16.126842,483.805253
9903,13.733504,412.005125
9904,14.600897,438.026906
9905,14.245996,427.379885
9906,15.68802,470.640615
9907,14.381166,431.434978
9908,13.700192,411.005766
9909,15.014734,450.442024
9910,13.160794,394.823831
9911,14.500961,435.028828
9912,16.836003,505.080077
9913,13.414478,402.434337
9914,13.982063,419.461883
9915,15.495836,464.87508
9916,14.611147,438.334401
9917,14.234465,427.033953
9918,14.515054,435.451634
9919,14.858424,445.752723
9920,13.453555,403.606662
9921,14.962204,448.866111
9922,15.341448,460.243434
9923,14.714286,441.428571
9924,14.229981,426.899423
9925,14.87508,446.252402
9926,14.590006,437.700192
9927,17.308776,519.263293
9928,15.051249,451.537476
9929,15.54196,466.258808
9930,14.007047,420.211403
9931,14.738629,442.158873
9932,15.495195,464.855862
9933,14.607944,438.238309
9934,14.369635,431.089045
9935,14.630365,438.910955
9936,16.09353,482.805894
9937,13.650224,409.506726
9938,13.852018,415.560538
9939,14.309417,429.282511
9940,14.776425,443.292761
9941,15.440102,463.203075
9942,14.14606,424.381807
9943,14.267136,428.014094
9944,13.745676,412.370275
9945,16.162716,484.881486
9946,15.327354,459.820628
9947,16.782832,503.484946
9948,16.299808,488.994234
9949,14.528507,435.855221
9950,14.327995,429.839846
9951,15.553491,466.604741
9952,13.206919,396.207559
9953,14.38565,431.569507
9954,14.404228,432.126842
9955,14.778988,443.369635
9956,13.745035,412.351057
9957,13.116592,393.497758
9958,14.876361,446.290839
9959,13.999359,419.980782
9960,15.284433,458.532992
9961,14.127482,423.824471
9962,14.136451,424.09353
9963,13.910314,417.309417
9964,13.559898,406.796925
9965,14.69763,440.928892
9966,14.340807,430.224215
9967,13.934017,418.0205
9968,15.071749,452.152466
9969,14.606662,438.199872
9970,14.523382,435.701473
9971,16.114029,483.420884
9972,14.830878,444.926329
9973,13.955798,418.673927
9974,14.607303,438.21909
9975,13.376041,401.28123
9976,15.176169,455.285074
9977,15.623959,468.71877
9978,14.634849,439.045484
9979,13.622678,408.680333
9980,14.235746,427.072389
9981,14.399744,431.992313
9982,14.53171,435.951313
9983,14.602178,438.065343
9984,14.347213,430.4164
9985,13.445868,403.376041
9986,13.272261,398.167841
9987,14.331839,429.955157
9988,14.532351,435.970532
9989,14.683536,440.506086
9990,13.857143,415.714286
9991,15.631006,468.930173
9992,15.79116,473.734785
9993,13.577835,407.335042
9994,14.94747,448.424087
9995,14.862908,445.887252
9996,13.757207,412.716208
9997,13.556054,406.681614
9998,14.421525,432.64574
9999,15.584241,467.527226
10000,13.942985,418.289558
